basis,country,elevation,gbif_id,institution,lat,lon,precip_mm,temp_c,year,group,PC1,PC2
HUMAN_OBSERVATION,Brazil,199.5236968994141,6133074147.0,iNaturalist,-6.530892,-37.283446,727,26.399999618530277,2026.0,occurrence,1.5869081238593263,-1.6659059685076467
HUMAN_OBSERVATION,Brazil,96.50469970703124,6498615932.0,iNaturalist,-3.647724,-40.369278,836,27.600000381469727,2026.0,occurrence,1.872124556074469,-1.5634806425714871
MACHINE_OBSERVATION,Colombia,3252.44677734375,6450546305.0,Alcaldía de Sesquilé,5.029567,-73.778725,1259,10.199999809265137,2026.0,occurrence,-2.93358627920544,-0.07575121771473768
HUMAN_OBSERVATION,Brazil,636.34912109375,6320081913.0,iNaturalist,-7.07814,-36.048837,498,21.799999237060547,2026.0,occurrence,0.5118993259448944,-1.7946871394337134
MACHINE_OBSERVATION,Ecuador,1706.79296875,5243565837.0,,-0.618246,-77.557347,4249,18.700000762939453,2025.0,occurrence,0.23086427384035021,3.562330922443073
HUMAN_OBSERVATION,Brazil,41.63979721069336,5209591882.0,Prima_Ambiental,-5.546391,-37.015885,653,27.799999237060547,2025.0,occurrence,1.8951997836108787,-1.826499782423057
HUMAN_OBSERVATION,Brazil,52.48576354980469,5209616409.0,Prima_Ambiental,-5.56672,-37.044332,656,27.600000381469727,2025.0,occurrence,1.857544416575098,-1.8155661408853394
HUMAN_OBSERVATION,Brazil,64.30162811279297,5209628529.0,Prima_Ambiental,-5.577167,-37.040164,661,27.600000381469727,2025.0,occurrence,1.8504275023476973,-1.8070542002269991
HUMAN_OBSERVATION,Brazil,98.0503387451172,5209633910.0,Prima_Ambiental,-5.503867,-37.069803,670,27.299999237060547,2025.0,occurrence,1.7826779760899119,-1.7820174041753643
MACHINE_OBSERVATION,Ecuador,1295.0625,5243563738.0,,-0.679233,-77.556378,4352,20.100000381469727,2025.0,occurrence,0.764479282716667,3.607278584477507
MACHINE_OBSERVATION,Colombia,3223.970947265625,5235504306.0,Alcaldía de Sesquilé,4.953871,-73.740733,1384,9.600000381469728,2025.0,occurrence,-2.973689076798546,0.10676762604330943
HUMAN_OBSERVATION,Colombia,1137.326904296875,5796816273.0,Antioquia Gold LTD,6.55437,-75.17253,2933,22.899999618530277,2025.0,occurrence,0.9451880553082618,1.5729011166991904
MACHINE_OBSERVATION,Colombia,2525.48779296875,6167864601.0,Alcaldía de Envigado,6.174584,-75.497296,1956,15.100000381469728,2025.0,occurrence,-1.487307494587295,0.6428606191233731
MACHINE_OBSERVATION,Colombia,2283.429443359375,6167863671.0,Alcaldía de Envigado,6.149784,-75.555489,1984,16.799999237060547,2025.0,occurrence,-1.0471943845594938,0.6016286102742611
MACHINE_OBSERVATION,Colombia,2585.047119140625,6167863741.0,Alcaldía de Envigado,6.190555,-75.486913,2009,14.5,2025.0,occurrence,-1.6082568663641896,0.7395998429156873
MACHINE_OBSERVATION,Colombia,2293.685302734375,6167864608.0,Alcaldía de Envigado,6.119779,-75.58927,2032,16.600000381469727,2025.0,occurrence,-1.07297149793304,0.6739313105109678
HUMAN_OBSERVATION,Brazil,52.71287155151367,5827857566.0,iNaturalist,-5.049022,-37.349107,846,27.600000381469727,2025.0,occurrence,1.9057665801957533,-1.5560649149426409
MACHINE_OBSERVATION,Colombia,1821.7059326171875,6167864400.0,Alcaldía de Envigado,6.146494,-75.591787,2081,19.399999618530277,2025.0,occurrence,-0.29530010993022276,0.5995110874413959
MACHINE_OBSERVATION,Colombia,2671.14453125,6167863653.0,Alcaldía de Envigado,6.141614,-75.543131,2071,14.300000190734863,2025.0,occurrence,-1.684322301003947,0.8418290817322894
MACHINE_OBSERVATION,Colombia,2495.084716796875,6167864260.0,Alcaldía de Envigado,6.165592,-75.489123,1965,15.100000381469728,2025.0,occurrence,-1.463427152077653,0.6508186772528006
HUMAN_OBSERVATION,Brazil,190.2608642578125,5892497100.0,iNaturalist,4.130456,-61.315051,1557,26.299999237060547,2025.0,occurrence,1.7894855489783479,-0.5311111147941731
HUMAN_OBSERVATION,Brazil,893.379150390625,6130670099.0,iNaturalist,-17.642096,-45.393289,1332,21.600000381469727,2025.0,occurrence,0.5110483875232475,-0.6138363202236843
HUMAN_OBSERVATION,Brazil,358.8231201171875,6195863066.0,iNaturalist,-7.879386,-40.977091,539,25.899999618530277,2025.0,occurrence,1.349124214790569,-1.88671471763782
MACHINE_OBSERVATION,Colombia,2372.80908203125,5284167351.0,Fundación Humedales (Fund. Humedales),5.086971,-73.302553,1584,15.300000190734863,2025.0,occurrence,-1.4429056567456493,0.10779931933287666
MACHINE_OBSERVATION,Colombia,2246.885498046875,5284167477.0,Fundación Humedales (Fund. Humedales),5.149853,-73.311611,1478,15.5,2025.0,occurrence,-1.349765194908372,-0.06019285022604196
MACHINE_OBSERVATION,Colombia,3010.342041015625,5284167512.0,Fundación Humedales (Fund. Humedales),5.147401,-73.436708,1105,12.800000190734863,2025.0,occurrence,-2.401555088601193,-0.38934412153522946
MACHINE_OBSERVATION,Colombia,2246.885498046875,5284167535.0,Fundación Humedales (Fund. Humedales),5.149264,-73.312231,1478,15.5,2025.0,occurrence,-1.349765194908372,-0.06019285022604196
MACHINE_OBSERVATION,Colombia,2429.2578125,5284167607.0,Fundación Humedales (Fund. Humedales),5.132189,-73.289888,1645,15.699999809265137,2025.0,occurrence,-1.4060189179371039,0.18856428875667539
MACHINE_OBSERVATION,Colombia,2454.129150390625,5284167627.0,Fundación Humedales (Fund. Humedales),5.10125,-73.318276,1537,15.300000190734863,2025.0,occurrence,-1.512617620965042,0.055203384298627305
MACHINE_OBSERVATION,Colombia,2558.13330078125,5284168921.0,Fundación Humedales (Fund. Humedales),5.139539,-73.42682,1202,15.5,2025.0,occurrence,-1.6410580970077533,-0.39275133110246674
MACHINE_OBSERVATION,Colombia,2558.13330078125,5284168985.0,Fundación Humedales (Fund. Humedales),5.140557,-73.425074,1202,15.5,2025.0,occurrence,-1.6410580970077533,-0.39275133110246674
MACHINE_OBSERVATION,Colombia,2451.6943359375,5284169013.0,Fundación Humedales (Fund. Humedales),5.253965,-73.338432,1159,15.0,2025.0,occurrence,-1.6532233490057877,-0.4534132597060627
HUMAN_OBSERVATION,Brazil,191.8388671875,4946690851.0,iNaturalist,-6.342725,-37.071963,703,26.600000381469727,2024.0,occurrence,1.6169714944713367,-1.7050673220073278
HUMAN_OBSERVATION,Brazil,286.5024719238281,4528412506.0,iNaturalist,-5.75009,-36.090512,483,24.700000762939453,2024.0,occurrence,1.2019089864213175,-1.941748609029983
MACHINE_OBSERVATION,Colombia,2597.791015625,4974387470.0,Fundación Humedales (Fund. Humedales),5.112405,-73.302482,1573,15.399999618530272,2024.0,occurrence,-1.590102155562823,0.12219277026304455
HUMAN_OBSERVATION,Brazil,86.9602279663086,5209558589.0,Prima_Ambiental,-5.499488,-37.046637,670,27.299999237060547,2024.0,occurrence,1.790552798038003,-1.783597793776183
HUMAN_OBSERVATION,Brazil,22.212451934814453,5209559355.0,Prima_Ambiental,-5.546633,-37.042458,652,27.700000762939453,2024.0,occurrence,1.8933812453431942,-1.8279883320450119
HUMAN_OBSERVATION,Brazil,98.0503387451172,5209597372.0,Prima_Ambiental,-5.503461,-37.069984,670,27.299999237060547,2024.0,occurrence,1.7826779760899119,-1.7820174041753643
HUMAN_OBSERVATION,Brazil,116.99707794189452,5209619435.0,Prima_Ambiental,-5.613918,-37.045041,679,27.100000381469727,2024.0,occurrence,1.7407983420529212,-1.7617356133101143
HUMAN_OBSERVATION,Brazil,104.1376495361328,5209627776.0,Prima_Ambiental,-5.595134,-37.024664,676,27.200000762939453,2024.0,occurrence,1.764524639204693,-1.7703106238728183
MACHINE_OBSERVATION,Colombia,2598.16650390625,6258269925.0,Empresas Públicas de Medellín E.S.P. (EPM),5.859177,-75.357043,2765,15.0,2024.0,occurrence,-1.3482624382621282,1.7606543660904692
HUMAN_OBSERVATION,Brazil,57.47187805175781,5209632258.0,Prima_Ambiental,-5.51147,-37.052769,663,27.5,2024.0,occurrence,1.840427369459214,-1.8026506098505313
MACHINE_OBSERVATION,Colombia,2441.967529296875,6258260873.0,Empresas Públicas de Medellín E.S.P. (EPM),5.94494,-75.36594,2475,14.899999618530272,2024.0,occurrence,-1.3265567523319295,1.345009512289575
HUMAN_OBSERVATION,Brazil,583.3145751953125,4607194804.0,iNaturalist,-6.286403,-36.320533,656,22.600000381469727,2024.0,occurrence,0.712664825158508,-1.6076407711653726
HUMAN_OBSERVATION,Brazil,213.87188720703125,4852415101.0,iNaturalist,-5.697656,-36.128922,470,24.799999237060547,2024.0,occurrence,1.2655305604315008,-1.9724974778957316
HUMAN_OBSERVATION,Brazil,390.8422546386719,4872342688.0,iNaturalist,-11.542156,-39.257284,572,22.5,2024.0,occurrence,0.8125851664186344,-1.747135864937668
HUMAN_OBSERVATION,Brazil,447.38128662109375,4872513766.0,iNaturalist,-11.569943,-39.289941,585,22.299999237060547,2024.0,occurrence,0.7450304515005519,-1.7160344540623755
MACHINE_OBSERVATION,Colombia,3270.8935546875,4894231302.0,Alcaldía de Sesquilé,4.963898,-73.729625,1390,9.899999618530272,2024.0,occurrence,-2.9594028692969476,0.11371128220874978
MACHINE_OBSERVATION,Colombia,2648.70166015625,6258266744.0,Empresas Públicas de Medellín E.S.P. (EPM),5.86342,-75.38799,2331,13.800000190734863,2024.0,occurrence,-1.678972332155868,1.2069215199046086
MACHINE_OBSERVATION,Colombia,2526.519775390625,6258277149.0,Empresas Públicas de Medellín E.S.P. (EPM),5.97825,-75.40576,2315,14.5,2024.0,occurrence,-1.4887752185144887,1.1491408692781417
HUMAN_OBSERVATION,Brazil,329.9325256347656,4872279428.0,iNaturalist,-11.532018,-39.348427,541,22.799999237060547,2024.0,occurrence,0.8940184964882245,-1.8060869381744264
HUMAN_OBSERVATION,Brazil,365.2951049804688,4935920244.0,iNaturalist,-13.049081,-41.108951,743,23.799999237060547,2024.0,occurrence,1.0739377533243721,-1.5516472313410394
MACHINE_OBSERVATION,Colombia,2608.4287109375,5141411306.0,Alcaldía de Envigado,6.19059,-75.495406,1975,14.699999809265137,2024.0,occurrence,-1.6027996599857774,0.6912093605575479
MACHINE_OBSERVATION,Colombia,2218.796875,5141411970.0,Alcaldía de Envigado,6.119745,-75.56493,1986,16.5,2024.0,occurrence,-1.0468679761746988,0.6030862114401061
MACHINE_OBSERVATION,Colombia,2118.788330078125,5141412432.0,Alcaldía de Envigado,6.129689,-75.591441,2089,17.0,2024.0,occurrence,-0.8728303167887137,0.716265996576535
MACHINE_OBSERVATION,Colombia,2517.91552734375,5141412884.0,Alcaldía de Envigado,6.163712,-75.496486,1942,15.399999618530272,2024.0,occurrence,-1.4394187757928878,0.614726004216985
HUMAN_OBSERVATION,Brazil,106.5544891357422,5209564048.0,Prima_Ambiental,-5.491162,-37.05243,673,27.200000762939453,2024.0,occurrence,1.762044550455421,-1.7740630903610353
HUMAN_OBSERVATION,Brazil,22.212451934814453,5209584918.0,Prima_Ambiental,-5.543814,-37.040184,652,27.700000762939453,2024.0,occurrence,1.8933812453431942,-1.8279883320450119
HUMAN_OBSERVATION,Brazil,52.48576354980469,5209611662.0,Prima_Ambiental,-5.565302,-37.044724,656,27.600000381469727,2024.0,occurrence,1.857544416575098,-1.8155661408853394
HUMAN_OBSERVATION,Brazil,41.63979721069336,5209613444.0,Prima_Ambiental,-5.543296,-37.015029,653,27.799999237060547,2024.0,occurrence,1.8951997836108787,-1.826499782423057
HUMAN_OBSERVATION,Brazil,116.99707794189452,5209615240.0,Prima_Ambiental,-5.613773,-37.042389,679,27.100000381469727,2024.0,occurrence,1.7407983420529212,-1.7617356133101143
HUMAN_OBSERVATION,Brazil,22.212451934814453,5209616703.0,Prima_Ambiental,-5.542706,-37.044203,652,27.700000762939453,2024.0,occurrence,1.8933812453431942,-1.8279883320450119
HUMAN_OBSERVATION,Brazil,88.37174987792969,5209619177.0,Prima_Ambiental,-5.586425,-37.031958,668,27.399999618530277,2024.0,occurrence,1.804400284916161,-1.7887735055131124
HUMAN_OBSERVATION,Brazil,81.86024475097656,5209620083.0,Prima_Ambiental,-5.576074,-37.024168,663,27.600000381469727,2024.0,occurrence,1.8384688486100402,-1.8018207688895864
HUMAN_OBSERVATION,Brazil,102.39300537109376,5209622206.0,Prima_Ambiental,-5.625338,-37.039913,681,27.200000762939453,2024.0,occurrence,1.7670367173190824,-1.7637311153968995
HUMAN_OBSERVATION,Brazil,22.212451934814453,5209627807.0,Prima_Ambiental,-5.549156,-37.042567,652,27.700000762939453,2024.0,occurrence,1.8933812453431942,-1.8279883320450119
HUMAN_OBSERVATION,Brazil,842.7384033203125,4936943577.0,iNaturalist,-13.141603,-41.177418,916,21.0,2024.0,occurrence,0.34891877617752765,-1.1732794935245583
HUMAN_OBSERVATION,Brazil,725.429443359375,4937245936.0,iNaturalist,-13.198827,-41.146837,860,21.799999237060547,2024.0,occurrence,0.5408286854477092,-1.2876363379199587
HUMAN_OBSERVATION,Brazil,285.3568725585937,4945633753.0,iNaturalist,-7.172994,-48.051074,1815,25.700000762939453,2024.0,occurrence,1.6955058954737783,-0.14935456193999366
MACHINE_OBSERVATION,Colombia,3008.4248046875,6361677851.0,Corporación Autónoma Regional de Cundinamarca (CAR),4.95397,-73.612968,1593,11.199999809265137,2024.0,occurrence,-2.521668996287074,0.3191375385512424
MACHINE_OBSERVATION,Ecuador,246.33245849609372,5223609420.0,,-2.825813,-77.422827,2565,25.600000381469727,2024.0,occurrence,1.898844336976971,0.8719490882406674
MACHINE_OBSERVATION,Ecuador,246.33245849609372,5223609803.0,,-2.825621,-77.423222,2565,25.600000381469727,2024.0,occurrence,1.898844336976971,0.8719490882406674
HUMAN_OBSERVATION,Brazil,106.2542953491211,5759864769.0,iNaturalist,-7.064526,-35.058524,1403,24.899999618530277,2024.0,occurrence,1.59489440226463,-0.7163503918355884
MACHINE_OBSERVATION,Colombia,1860.59033203125,6496108564.0,Distrito Especial de Medellín (DEMedellin),6.210848,-75.617178,1738,20.0,2024.0,occurrence,-0.3181016584586922,0.12076910683240565
MACHINE_OBSERVATION,Colombia,2597.791015625,4974387388.0,Fundación Humedales (Fund. Humedales),5.112997,-73.302392,1573,15.399999618530272,2024.0,occurrence,-1.590102155562823,0.12219277026304455
MACHINE_OBSERVATION,Colombia,2558.13330078125,4974387426.0,Fundación Humedales (Fund. Humedales),5.143472,-73.427162,1202,15.5,2024.0,occurrence,-1.6410580970077533,-0.39275133110246674
MACHINE_OBSERVATION,Colombia,2434.72705078125,4974387466.0,Fundación Humedales (Fund. Humedales),5.084512,-73.301476,1542,15.0,2024.0,occurrence,-1.5436444823488864,0.06720342834990363
MACHINE_OBSERVATION,Colombia,2434.72705078125,4974387473.0,Fundación Humedales (Fund. Humedales),5.087088,-73.300614,1542,15.0,2024.0,occurrence,-1.5436444823488864,0.06720342834990363
MACHINE_OBSERVATION,Colombia,2590.46240234375,4974387483.0,Fundación Humedales (Fund. Humedales),5.09824,-73.310426,1493,14.899999618530272,2024.0,occurrence,-1.6820653294446393,0.025126356185845154
MACHINE_OBSERVATION,Colombia,2246.885498046875,4974387557.0,Fundación Humedales (Fund. Humedales),5.152936,-73.311995,1478,15.5,2024.0,occurrence,-1.349765194908372,-0.06019285022604196
MACHINE_OBSERVATION,Colombia,2232.34033203125,4974387590.0,Fundación Humedales (Fund. Humedales),5.113897,-73.325097,1448,15.100000381469728,2024.0,occurrence,-1.4085125126547673,-0.0926519839879474
MACHINE_OBSERVATION,Colombia,2590.46240234375,5284167960.0,Fundación Humedales (Fund. Humedales),5.099303,-73.310839,1493,14.899999618530272,2024.0,occurrence,-1.6820653294446393,0.025126356185845154
MACHINE_OBSERVATION,Colombia,2232.34033203125,5284167997.0,Fundación Humedales (Fund. Humedales),5.114444,-73.32505,1448,15.100000381469728,2024.0,occurrence,-1.4085125126547673,-0.0926519839879474
HUMAN_OBSERVATION,Brazil,486.6618347167969,4034857440.0,iNaturalist,-7.229986,-36.319471,403,22.799999237060547,2023.0,occurrence,0.7475871219054818,-1.9722086531476506
HUMAN_OBSERVATION,Colombia,175.65353393554688,4079284429.0,Agropecuaria Aliar S.A.,4.15495,-72.144572,2250,26.799999237060547,2023.0,occurrence,2.0531251271558686,0.39995781728280655
HUMAN_OBSERVATION,Brazil,316.003662109375,4129706676.0,iNaturalist,-13.027258,-49.091692,1600,26.200000762939453,2023.0,occurrence,1.6957897535387607,-0.4518247540825471
MACHINE_OBSERVATION,Colombia,2099.93310546875,4506790859.0,Alcaldía de Pitalito (pitalito),1.777667,-76.23675,2108,14.5,2023.0,occurrence,-1.2385787161905693,0.8056658940484519
MACHINE_OBSERVATION,Colombia,2339.93212890625,4506790916.0,Alcaldía de Pitalito (pitalito),1.675694,-76.218444,2233,16.5,2023.0,occurrence,-1.0699847617642595,0.9576580389859577
MACHINE_OBSERVATION,Colombia,2754.406982421875,6416889891.0,Fundación Parque Jaime Duque,4.95038,-73.96856,789,13.199999809265137,2023.0,occurrence,-2.2388550120933144,-0.867936064394779
MACHINE_OBSERVATION,Colombia,1965.15625,4168381007.0,Fundación Trópico,4.006367,-76.48803,1541,18.0,2023.0,occurrence,-0.7496976946516251,-0.0804460597609145
MACHINE_OBSERVATION,Colombia,1471.388671875,4168381153.0,Fundación Trópico,3.879528,-76.585083,1189,20.299999237060547,2023.0,occurrence,-0.13546459639661254,-0.6923590671126286
HUMAN_OBSERVATION,Brazil,401.8947448730469,4177266418.0,iNaturalist,-9.295425,-40.537924,446,24.799999237060547,2023.0,occurrence,1.125908443326644,-1.9784784072206587
MACHINE_OBSERVATION,Colombia,2339.93212890625,4506791438.0,Alcaldía de Pitalito (pitalito),1.673889,-76.217306,2233,16.5,2023.0,occurrence,-1.0699847617642595,0.9576580389859577
MACHINE_OBSERVATION,Colombia,2729.022216796875,4602464359.0,Alcaldía de Envigado,6.099094,-75.576902,2174,13.5,2023.0,occurrence,-1.8220631006609298,1.0119011358764538
MACHINE_OBSERVATION,Colombia,2118.788330078125,4602464695.0,Alcaldía de Envigado,6.127022,-75.586921,2089,17.0,2023.0,occurrence,-0.8728303167887137,0.716265996576535
MACHINE_OBSERVATION,Colombia,2488.415771484375,4602464714.0,Alcaldía de Envigado,6.112735,-75.579668,2056,15.100000381469728,2023.0,occurrence,-1.4355185784868756,0.7741402518587702
HUMAN_OBSERVATION,Brazil,151.93002319335938,4945770504.0,iNaturalist,-5.647328,-36.106596,488,25.200000762939453,2023.0,occurrence,1.3755339831183533,-1.9673256401203068
HUMAN_OBSERVATION,Brazil,85.45103454589844,5196712520.0,Prima_Ambiental,-5.310936,-37.12975,698,27.299999237060547,2023.0,occurrence,1.7987546294522716,-1.7455753439684953
HUMAN_OBSERVATION,Brazil,176.12701416015625,4067440600.0,iNaturalist,-5.652394,-38.947774,745,27.200000762939453,2023.0,occurrence,1.730977539927058,-1.665823656848706
MACHINE_OBSERVATION,Colombia,2132.056396484375,4506791228.0,Alcaldía de Pitalito (pitalito),1.71725,-76.224194,2200,16.100000381469727,2023.0,occurrence,-0.992216625308059,0.8935515717675014
MACHINE_OBSERVATION,Colombia,2734.995849609375,6496108306.0,Distrito Especial de Medellín (DEMedellin),6.27261,-75.6798,2118,13.800000190734863,2023.0,occurrence,-1.7944881373055104,0.9283405711218163
MACHINE_OBSERVATION,Colombia,3160.76025390625,4980782325.0,Secretaría Distrital de Ambiente (SDA),4.55022,-74.07216,1064,10.100000381469728,2023.0,occurrence,-2.9334974788915735,-0.35246835746609484
HUMAN_OBSERVATION,Brazil,1145.9205322265625,5284152368.0,Prima Ambiental,-11.42769,-42.532723,792,21.0,2023.0,occurrence,0.10205985786919711,-1.299412278781559
MACHINE_OBSERVATION,Colombia,2897.70654296875,6496108318.0,Distrito Especial de Medellín (DEMedellin),6.32815,-75.6461,2606,10.699999809265137,2023.0,occurrence,-2.2618856246564323,1.6999664140846626
MACHINE_OBSERVATION,Colombia,2132.056396484375,4506791118.0,Alcaldía de Pitalito (pitalito),1.718278,-76.223,2200,16.100000381469727,2023.0,occurrence,-0.992216625308059,0.8935515717675014
HUMAN_OBSERVATION,Colombia,2464.2978515625,4602464619.0,Alcaldía de Envigado,6.154655,-75.545159,1988,15.199999809265137,2023.0,occurrence,-1.420350267956528,0.6751952185955674
MACHINE_OBSERVATION,Colombia,2218.083251953125,4979667604.0,Fundación Grupo Argos (FGA),4.90203,-76.07442,3047,16.399999618530273,2023.0,occurrence,-0.791537078010373,2.054558876384117
MACHINE_OBSERVATION,Colombia,2105.8857421875,4979667719.0,Fundación Grupo Argos (FGA),4.94886,-76.07077,3007,16.700000762939453,2023.0,occurrence,-0.6759770772819075,1.976008387869158
MACHINE_OBSERVATION,Colombia,1965.11083984375,4979669053.0,Fundación Grupo Argos (FGA),4.99364,-76.06573,2685,17.399999618530273,2023.0,occurrence,-0.550500437168319,1.497696745164168
MACHINE_OBSERVATION,Colombia,1894.6220703125,4979669567.0,Fundación Grupo Argos (FGA),4.95237,-76.0711,2441,18.0,2023.0,occurrence,-0.47042840671834746,1.138565539942951
MACHINE_OBSERVATION,Colombia,2088.9833984375,6496108340.0,Distrito Especial de Medellín (DEMedellin),6.24803,-75.6506,2229,17.700000762939453,2023.0,occurrence,-0.7085023772283856,0.8846870351526909
MACHINE_OBSERVATION,Colombia,2088.33203125,4979668049.0,Fundación Grupo Argos (FGA),4.90812,-76.08447,2388,18.100000381469727,2023.0,occurrence,-0.6061145645344467,1.0911462971212151
MACHINE_OBSERVATION,Colombia,1834.01171875,4979668305.0,Fundación Grupo Argos (FGA),5.01522,-76.0563,2862,16.799999237060547,2023.0,occurrence,-0.5044912609340692,1.7366038741376697
MACHINE_OBSERVATION,Colombia,2151.568359375,4979668607.0,Fundación Grupo Argos (FGA),4.96826,-76.0734,2876,17.0,2023.0,occurrence,-0.6956973801997375,1.7956846341722217
MACHINE_OBSERVATION,Colombia,1831.6612548828125,5004498209.0,Fundación Grupo Argos (FGA),3.8306,-75.54452,2649,18.299999237060547,2023.0,occurrence,-0.32667739042904037,1.4057066938129772
MACHINE_OBSERVATION,Colombia,2724.0947265625,6496108352.0,Distrito Especial de Medellín (DEMedellin),6.31531,-75.6341,2099,13.800000190734863,2023.0,occurrence,-1.7915858537748945,0.9008402268993763
MACHINE_OBSERVATION,Colombia,2516.10693359375,6496108359.0,Distrito Especial de Medellín (DEMedellin),6.18875,-75.6844,2000,15.600000381469728,2023.0,occurrence,-1.3926467108032026,0.6883833385666694
MACHINE_OBSERVATION,Colombia,2099.93310546875,4506791300.0,Alcaldía de Pitalito (pitalito),1.775583,-76.239667,2108,14.5,2023.0,occurrence,-1.2385787161905693,0.8056658940484519
MACHINE_OBSERVATION,Colombia,2083.662109375,4979667676.0,Fundación Grupo Argos (FGA),4.92784,-76.07983,2641,17.5,2023.0,occurrence,-0.6305263624288225,1.4518576883021954
MACHINE_OBSERVATION,Colombia,2024.01220703125,5004497309.0,Fundación Grupo Argos (FGA),3.83679,-75.5488,2509,17.399999618530273,2023.0,occurrence,-0.637143219656023,1.2657403454555878
MACHINE_OBSERVATION,Colombia,2024.01220703125,5004497616.0,Fundación Grupo Argos (FGA),3.83674,-75.54854,2509,17.399999618530273,2023.0,occurrence,-0.637143219656023,1.2657403454555878
MACHINE_OBSERVATION,Colombia,3001.5830078125,5004497886.0,Fundación Grupo Argos (FGA),3.9765,-75.63843,1143,11.800000190734863,2023.0,occurrence,-2.539248977628669,-0.31224256440328957
HUMAN_OBSERVATION,Colombia,203.95269775390625,6330809402.0,Agropecuaria Aliar S.A.,4.308658,-71.717722,2244,26.600000381469727,2023.0,occurrence,2.000784816194622,0.4010879859765022
MACHINE_OBSERVATION,Colombia,2218.796875,4602465195.0,Alcaldía de Envigado,6.120683,-75.565108,1986,16.5,2023.0,occurrence,-1.0468679761746988,0.6030862114401061
MACHINE_OBSERVATION,Colombia,2168.3046875,4602465343.0,Alcaldía de Envigado,6.156404,-75.556301,1995,17.0,2023.0,occurrence,-0.9319277599627812,0.5949534900264114
HUMAN_OBSERVATION,Brazil,202.72296142578125,4950834716.0,Prima_Ambiental,-5.62167,-36.22716,459,25.100000381469727,2023.0,occurrence,1.3167232217134466,-1.9970449563091415
HUMAN_OBSERVATION,Brazil,182.78634643554688,4950834904.0,Prima_Ambiental,-5.63048,-36.16384,468,25.100000381469727,2023.0,occurrence,1.3331715809114775,-1.9875953813915814
HUMAN_OBSERVATION,Brazil,184.0108642578125,4950834963.0,Prima_Ambiental,-5.6261,-36.15674,472,25.100000381469727,2023.0,occurrence,1.3333206786201734,-1.9819583798529974
HUMAN_OBSERVATION,Brazil,118.05491638183594,5209585095.0,Prima_Ambiental,-5.597956,-37.02488,679,27.100000381469727,2023.0,occurrence,1.7400471963222308,-1.761584866676183
HUMAN_OBSERVATION,Brazil,102.39300537109376,5209608519.0,Prima_Ambiental,-5.625265,-37.039796,681,27.200000762939453,2023.0,occurrence,1.7670367173190824,-1.7637311153968995
HUMAN_OBSERVATION,Brazil,22.212451934814453,5209633675.0,Prima_Ambiental,-5.547167,-37.042673,652,27.700000762939453,2023.0,occurrence,1.8933812453431942,-1.8279883320450119
MACHINE_OBSERVATION,Colombia,2544.54052734375,4439168348.0,Alcaldía de Envigado,6.116583,-75.588692,2062,15.100000381469728,2023.0,occurrence,-1.4738435251764486,0.790332030149039
HUMAN_OBSERVATION,Brazil,222.0459899902344,4950834238.0,Prima_Ambiental,-5.56966,-36.21159,466,24.899999618530277,2023.0,occurrence,1.274066801424695,-1.9794407432714174
HUMAN_OBSERVATION,Brazil,204.01681518554688,4950834243.0,Prima_Ambiental,-5.60811,-36.22272,462,25.100000381469727,2023.0,occurrence,1.3165684360153977,-1.9927636996840226
HUMAN_OBSERVATION,Brazil,170.5906982421875,4950834282.0,Prima_Ambiental,-5.51827,-36.23003,473,25.200000762939453,2023.0,occurrence,1.358463740588777,-1.9851507956342742
HUMAN_OBSERVATION,Brazil,195.85423278808597,4950834290.0,Prima_Ambiental,-5.5974,-36.21876,462,25.0,2023.0,occurrence,1.3070054161971298,-1.9912812949616663
HUMAN_OBSERVATION,Brazil,190.2302398681641,4950834549.0,Prima_Ambiental,-5.62215,-36.17186,468,25.100000381469727,2023.0,occurrence,1.3278858505385727,-1.9865345938119847
MACHINE_OBSERVATION,Colombia,2724.0947265625,6496108405.0,Distrito Especial de Medellín (DEMedellin),6.32072,-75.6371,2099,13.800000190734863,2023.0,occurrence,-1.7915858537748945,0.9008402268993763
MACHINE_OBSERVATION,Colombia,2313.75537109375,6496110175.0,Distrito Especial de Medellín (DEMedellin),6.022667,-75.592944,2175,15.800000190734863,2023.0,occurrence,-1.1736800297332357,0.8932406363798998
MACHINE_OBSERVATION,Colombia,2171.04052734375,6496110178.0,Distrito Especial de Medellín (DEMedellin),6.016722,-75.597944,2177,16.200000762939453,2023.0,occurrence,-1.0103961898092544,0.8650519848024962
HUMAN_OBSERVATION,Brazil,310.3772888183594,6510174365.0,ICMBio,-6.788058,-45.108695,1183,26.100000381469727,2023.0,occurrence,1.5782369413629658,-1.019446799325423
HUMAN_OBSERVATION,Brazil,324.2412109375,6510446638.0,ICMBio,-6.774876,-45.108046,1186,26.0,2023.0,occurrence,1.5537973772927112,-1.0107286439871281
HUMAN_OBSERVATION,Brazil,262.3565368652344,6510490636.0,ICMBio,-6.93818,-37.14929,716,25.399999618530277,2023.0,occurrence,1.3859007296947652,-1.645517908224252
HUMAN_OBSERVATION,Brazil,277.937744140625,6510688591.0,ICMBio,-7.02126,-37.39088,788,25.200000762939453,2023.0,occurrence,1.3624538052220931,-1.539681308317358
MACHINE_OBSERVATION,Colombia,2283.429443359375,4602464764.0,Alcaldía de Envigado,6.145822,-75.552648,1984,16.799999237060547,2023.0,occurrence,-1.0471943845594938,0.6016286102742611
MACHINE_OBSERVATION,Colombia,2584.765380859375,4979667355.0,Fundación Grupo Argos (FGA),2.61684,-76.91048,2928,14.199999809265137,2023.0,occurrence,-1.4201108866291767,2.002506411650414
MACHINE_OBSERVATION,Colombia,2862.20654296875,4979667378.0,Fundación Grupo Argos (FGA),2.65782,-76.89858,2786,12.399999618530272,2023.0,occurrence,-1.929737761074217,1.895744943665276
HUMAN_OBSERVATION,Brazil,1318.27587890625,5284155411.0,Prima Ambiental,-11.552436,-42.530043,831,19.799999237060547,2023.0,occurrence,-0.19470251125561727,-1.1898442824378683
MACHINE_OBSERVATION,Colombia,2092.4228515625,6496110186.0,Distrito Especial de Medellín (DEMedellin),6.02475,-75.597722,2239,17.299999237060547,2023.0,occurrence,-0.7698344503182472,0.9094158628312606
MACHINE_OBSERVATION,Colombia,1958.821533203125,4506790701.0,Alcaldía de Pitalito (pitalito),1.935017,-76.000161,1881,17.600000381469727,2023.0,occurrence,-0.7200546967137066,0.3935462998385072
MACHINE_OBSERVATION,Colombia,1948.670654296875,4506791671.0,Alcaldía de Pitalito (pitalito),1.721969,-76.209461,2072,17.700000762939453,2023.0,occurrence,-0.6488496496190445,0.6502886339133941
MACHINE_OBSERVATION,Colombia,1948.670654296875,4506791770.0,Alcaldía de Pitalito (pitalito),1.721647,-76.208472,2072,17.700000762939453,2023.0,occurrence,-0.6488496496190445,0.6502886339133941
MACHINE_OBSERVATION,Colombia,2489.81591796875,4979667542.0,Fundación Grupo Argos (FGA),2.58771,-76.91352,2936,13.5,2023.0,occurrence,-1.4581654296563515,2.018419884780625
MACHINE_OBSERVATION,Colombia,2649.45458984375,4979668406.0,Fundación Grupo Argos (FGA),2.52792,-76.95343,3054,13.399999618530272,2023.0,occurrence,-1.556831444644633,2.2049585264306835
MACHINE_OBSERVATION,Colombia,2621.882568359375,4979668760.0,Fundación Grupo Argos (FGA),2.57049,-76.9195,2974,13.600000381469728,2023.0,occurrence,-1.5269070342991007,2.0864881275407847
MACHINE_OBSERVATION,Colombia,2344.100830078125,6192466885.0,Distrito Especial de Medellín (DEMedellin),6.25348,-75.6586,1869,15.899999618530272,2023.0,occurrence,-1.257791468910377,0.4770379839789468
MACHINE_OBSERVATION,Colombia,2542.40478515625,6496108412.0,Distrito Especial de Medellín (DEMedellin),6.26836,-75.5154,1802,15.600000381469728,2023.0,occurrence,-1.4617408096301856,0.4217370313975719
MACHINE_OBSERVATION,Colombia,2311.72216796875,6496108416.0,Distrito Especial de Medellín (DEMedellin),6.18146,-75.68,2330,17.5,2023.0,occurrence,-0.8716623772267982,1.0596476920806963
HUMAN_OBSERVATION,Brazil,47.73077774047852,6510607793.0,ICMBio,-29.901738,-52.432532,1325,19.5,2023.0,occurrence,0.7872011057968606,-0.6883467350497727
HUMAN_OBSERVATION,Brazil,1031.5765380859375,4506330755.0,iNaturalist,-14.168943,-47.81663,1784,22.399999618530277,2023.0,occurrence,0.6508913675314109,0.001955414166472594
MACHINE_OBSERVATION,Colombia,2171.04052734375,6496110234.0,Distrito Especial de Medellín (DEMedellin),6.013194,-75.596472,2177,16.200000762939453,2023.0,occurrence,-1.0103961898092544,0.8650519848024962
MACHINE_OBSERVATION,Colombia,2232.34033203125,4415797307.0,Fundación Humedales (Fund. Humedales),5.114584,-73.32426,1448,15.100000381469728,2023.0,occurrence,-1.4085125126547673,-0.0926519839879474
MACHINE_OBSERVATION,Colombia,2434.72705078125,4415797346.0,Fundación Humedales (Fund. Humedales),5.088131,-73.300612,1542,15.0,2023.0,occurrence,-1.5436444823488864,0.06720342834990363
MACHINE_OBSERVATION,Colombia,2463.57861328125,4415797398.0,Fundación Humedales (Fund. Humedales),5.093585,-73.301843,1567,15.199999809265137,2023.0,occurrence,-1.5270470435988412,0.10016435068922662
MACHINE_OBSERVATION,Colombia,2590.46240234375,4415797422.0,Fundación Humedales (Fund. Humedales),5.093666,-73.305726,1493,14.899999618530272,2023.0,occurrence,-1.6820653294446393,0.025126356185845154
MACHINE_OBSERVATION,Colombia,2558.13330078125,4415797448.0,Fundación Humedales (Fund. Humedales),5.140496,-73.42505,1202,15.5,2023.0,occurrence,-1.6410580970077533,-0.39275133110246674
MACHINE_OBSERVATION,Colombia,2339.93212890625,3744049867.0,Alcaldía de Pitalito (pitalito),1.6765,-76.219,2233,16.5,2022.0,occurrence,-1.0699847617642595,0.9576580389859577
HUMAN_OBSERVATION,Brazil,420.5391845703125,4506451489.0,iNaturalist,-6.502728,-36.587037,477,26.299999237060547,2022.0,occurrence,1.3509488428287544,-1.973171077475709
HUMAN_OBSERVATION,Brazil,532.6922607421875,4506475446.0,iNaturalist,-6.481913,-36.419058,438,24.5,2022.0,occurrence,0.9849181351627628,-1.9628274147340077
MACHINE_OBSERVATION,Colombia,2376.556640625,5053273313.0,WCS Colombia (WCS),4.757747,-76.290176,3161,15.699999809265137,2022.0,occurrence,-0.9825482563993359,2.2513425338555515
MACHINE_OBSERVATION,Colombia,2884.4658203125,6187685489.0,Distrito Especial de Medellín (DEMedellin),6.276139,-75.689444,2222,13.199999809265137,2022.0,occurrence,-1.9662937729716528,1.107539362592781
MACHINE_OBSERVATION,Colombia,2076.79443359375,3920689532.0,Alcaldía de Pitalito (pitalito),1.69008,-76.18813,2129,17.600000381469727,2022.0,occurrence,-0.7406713212221286,0.7490331036785455
HUMAN_OBSERVATION,Brazil,209.95997619628903,4950837747.0,Prima_Ambiental,-5.65724,-36.25042,450,25.0,2022.0,occurrence,1.2939334703470655,-2.005658671514404
HUMAN_OBSERVATION,Brazil,154.77476501464844,4950839634.0,Prima_Ambiental,-5.52324,-36.26587,476,25.5,2022.0,occurrence,1.4165351337513168,-1.9912445344340253
MACHINE_OBSERVATION,Colombia,2232.34033203125,3891619309.0,Fundación Humedales (Fund. Humedales),5.113944,-73.325093,1448,15.100000381469728,2022.0,occurrence,-1.4085125126547673,-0.0926519839879474
MACHINE_OBSERVATION,Colombia,2076.79443359375,3920689374.0,Alcaldía de Pitalito (pitalito),1.69083,-76.18969,2129,17.600000381469727,2022.0,occurrence,-0.7406713212221286,0.7490331036785455
MACHINE_OBSERVATION,Colombia,2339.93212890625,3920689473.0,Alcaldía de Pitalito (pitalito),1.67569,-76.21844,2233,16.5,2022.0,occurrence,-1.0699847617642595,0.9576580389859577
MACHINE_OBSERVATION,Colombia,2432.743408203125,3920689999.0,Alcaldía de Pitalito (pitalito),1.73647,-76.25441,2152,15.199999809265137,2022.0,occurrence,-1.356181676280109,0.8946611682443536
MACHINE_OBSERVATION,Colombia,2339.93212890625,3920690005.0,Alcaldía de Pitalito (pitalito),1.67388,-76.2173,2233,16.5,2022.0,occurrence,-1.0699847617642595,0.9576580389859577
HUMAN_OBSERVATION,Brazil,649.697509765625,5100926363.0,CIBIO,-13.016788,-44.613543,1024,23.799999237060547,2022.0,occurrence,0.94354696276986,-1.1273778460977595
HUMAN_OBSERVATION,Colombia,2114.78662109375,4029362686.0,Empresas Públicas de Medellín E.S.P. (EPM),6.785161,-75.354014,2978,17.399999618530273,2022.0,occurrence,-0.582169284937042,1.9191545006106254
MACHINE_OBSERVATION,Colombia,2896.18017578125,4135864331.0,Cenit Transporte y Logística de Hidrocarburos S.A.S. (CENIT),4.8415,-74.3329,949,11.5,2022.0,occurrence,-2.5598840536135326,-0.5842574956282313
HUMAN_OBSERVATION,Ecuador,2701.331787109375,4499848637.0,MAATE,-0.414978,-78.040827,1293,13.199999809265137,2022.0,occurrence,-2.072824179695544,-0.1872242161106887
HUMAN_OBSERVATION,Brazil,119.2657470703125,4921831302.0,iNaturalist,-5.29632,-35.762382,615,25.200000762939453,2022.0,occurrence,1.431068604553525,-1.7985459933462538
MACHINE_OBSERVATION,Colombia,2181.3046875,5857906201.0,Reserva Natural de la Sociedad Civil Refugio del Oso,6.8741,-73.3351,1797,16.0,2022.0,occurrence,-1.1451695271633058,0.3528681659841707
HUMAN_OBSERVATION,Colombia,3069.3388671875,6361677360.0,Corporación Autónoma Regional de Cundinamarca (CAR),4.8995,-73.739889,1540,11.300000190734863,2022.0,occurrence,-2.5630599683751494,0.25279429568046596
HUMAN_OBSERVATION,Brazil,700.7108154296875,6510120582.0,ICMBio,-23.290556,-45.785833,1271,18.200000762939453,2022.0,occurrence,0.1101174636152759,-0.6346452263580948
MACHINE_OBSERVATION,Colombia,2065.690673828125,3891619335.0,Fundación Humedales (Fund. Humedales),5.127466,-73.320834,1678,16.100000381469727,2022.0,occurrence,-1.0780190167654087,0.17123760631965182
MACHINE_OBSERVATION,Colombia,3035.31396484375,3898508302.0,Alcaldía Municipal de Cogua en Cundinamarca,5.115708,-73.949642,874,12.399999618530272,2022.0,occurrence,-2.539547264880223,-0.6906626143634923
MACHINE_OBSERVATION,Colombia,3328.7490234375,3988218301.0,Alcaldía Municipal de Cogua en Cundinamarca,5.116769,-74.000616,1098,10.300000190734863,2022.0,occurrence,-3.013406190596838,-0.28738914038310637
MACHINE_OBSERVATION,Colombia,1747.6746826171875,4088558442.0,WCS Colombia (WCS),3.283741,-76.642936,2200,18.899999618530277,2022.0,occurrence,-0.2892240655141159,0.7646987463903656
MACHINE_OBSERVATION,Colombia,1747.6746826171875,4088558503.0,WCS Colombia (WCS),3.287798,-76.643734,2200,18.899999618530277,2022.0,occurrence,-0.2892240655141159,0.7646987463903656
HUMAN_OBSERVATION,Colombia,2859.098876953125,4092217417.0,Jardín Botánico de Bogotá José Celestino Mutis (JBB),4.438569,-74.143108,908,11.800000190734863,2022.0,occurrence,-2.4979170706022407,-0.6534691938083279
MACHINE_OBSERVATION,Colombia,2972.946044921875,4135864363.0,Cenit Transporte y Logística de Hidrocarburos S.A.S. (CENIT),4.842944,-74.326556,960,11.399999618530272,2022.0,occurrence,-2.6269515862003847,-0.5556505312487081
MACHINE_OBSERVATION,Colombia,2296.716552734375,4974763793.0,Área Metropolitana del Valle de Aburrá (AMVA),6.113056,-75.595278,2029,16.100000381469727,2022.0,occurrence,-1.1526829418641704,0.6834943929627612
MACHINE_OBSERVATION,Colombia,1701.2169189453125,4979667591.0,Fundación Grupo Argos (FGA),3.5824,-76.7249,1502,19.700000762939453,2022.0,occurrence,-0.31110865547103556,-0.21629316975265447
MACHINE_OBSERVATION,Colombia,2132.056396484375,3920689727.0,Alcaldía de Pitalito (pitalito),1.71827,-76.223,2200,16.100000381469727,2022.0,occurrence,-0.992216625308059,0.8935515717675014
MACHINE_OBSERVATION,Colombia,2327.45068359375,3987817485.0,WCS Colombia (WCS),4.265178,-76.415855,1806,15.0,2022.0,occurrence,-1.4002426049585603,0.4124412295265767
MACHINE_OBSERVATION,Colombia,2327.45068359375,3987817817.0,WCS Colombia (WCS),4.260055,-76.417955,1806,15.0,2022.0,occurrence,-1.4002426049585603,0.4124412295265767
MACHINE_OBSERVATION,Colombia,2615.7265625,3987817892.0,WCS Colombia (WCS),4.269878,-76.416503,1801,14.399999618530272,2022.0,occurrence,-1.698367798737906,0.46256728460924673
MACHINE_OBSERVATION,Colombia,2615.7265625,3987817925.0,WCS Colombia (WCS),4.268852,-76.418893,1801,14.399999618530272,2022.0,occurrence,-1.698367798737906,0.46256728460924673
MACHINE_OBSERVATION,Colombia,2842.662841796875,3987817979.0,WCS Colombia (WCS),4.254957,-76.422097,1750,12.600000381469728,2022.0,occurrence,-2.148959104195188,0.472880551955272
MACHINE_OBSERVATION,Colombia,2516.06591796875,3987818001.0,WCS Colombia (WCS),4.260338,-76.423626,1790,14.199999809265137,2022.0,occurrence,-1.6611203102401435,0.4386345146598609
MACHINE_OBSERVATION,Colombia,2516.06591796875,3987818016.0,WCS Colombia (WCS),4.262254,-76.421977,1790,14.199999809265137,2022.0,occurrence,-1.6611203102401435,0.4386345146598609
MACHINE_OBSERVATION,Colombia,2516.06591796875,3987818021.0,WCS Colombia (WCS),4.263032,-76.425469,1790,14.199999809265137,2022.0,occurrence,-1.6611203102401435,0.4386345146598609
HUMAN_OBSERVATION,Ecuador,3643.614501953125,4499850254.0,MAATE,-0.411228,-78.181853,1283,6.900000095367432,2022.0,occurrence,-3.71208098210053,0.10007166358560395
HUMAN_OBSERVATION,Ecuador,3640.856689453125,4499850525.0,MAATE,-0.407719,-78.179218,1279,6.199999809265137,2022.0,occurrence,-3.81865447584707,0.11273535823047233
MACHINE_OBSERVATION,Colombia,1989.174560546875,4979667904.0,Fundación Grupo Argos (FGA),4.99101,-76.07459,2767,17.299999237060547,2022.0,occurrence,-0.5620653139438729,1.6157528382870492
MACHINE_OBSERVATION,Colombia,1989.174560546875,4979667965.0,Fundación Grupo Argos (FGA),4.9876,-76.07353,2767,17.299999237060547,2022.0,occurrence,-0.5620653139438729,1.6157528382870492
MACHINE_OBSERVATION,Colombia,2218.083251953125,4979669808.0,Fundación Grupo Argos (FGA),4.90465,-76.0765,3047,16.399999618530273,2022.0,occurrence,-0.791537078010373,2.054558876384117
HUMAN_OBSERVATION,Brazil,571.7744140625,6511175710.0,ICMBio,-23.884722,-52.743889,1438,20.399999618530277,2022.0,occurrence,0.5820967626566962,-0.4831628954369944
MACHINE_OBSERVATION,Colombia,2327.45068359375,3987817917.0,WCS Colombia (WCS),4.259869,-76.413563,1806,15.0,2022.0,occurrence,-1.4002426049585603,0.4124412295265767
HUMAN_OBSERVATION,Colombia,162.3130645751953,4079284338.0,Agropecuaria Aliar S.A.,4.161308,-72.129844,2214,26.899999618530277,2022.0,occurrence,2.068789562543623,0.34624861180489436
MACHINE_OBSERVATION,Colombia,2296.716552734375,4974765620.0,Área Metropolitana del Valle de Aburrá (AMVA),6.11459,-75.59632,2029,16.100000381469727,2022.0,occurrence,-1.1526829418641704,0.6834943929627612
MACHINE_OBSERVATION,Colombia,1965.11083984375,4979668560.0,Fundación Grupo Argos (FGA),4.99298,-76.06194,2685,17.399999618530273,2022.0,occurrence,-0.550500437168319,1.497696745164168
MACHINE_OBSERVATION,Colombia,2460.781982421875,6187685830.0,Distrito Especial de Medellín (DEMedellin),6.253528,-75.511028,1797,15.899999618530272,2022.0,occurrence,-1.3589787320953275,0.39534051931596403
HUMAN_OBSERVATION,Brazil,218.5364532470703,4950837730.0,Prima_Ambiental,-5.64857,-36.25523,450,25.0,2022.0,occurrence,1.2878435194832882,-2.0044364857839767
MACHINE_OBSERVATION,Colombia,1821.7059326171875,4974762634.0,Área Metropolitana del Valle de Aburrá (AMVA),6.14673,-75.59141,2081,19.399999618530277,2022.0,occurrence,-0.29530010993022276,0.5995110874413959
MACHINE_OBSERVATION,Colombia,2293.685302734375,4063509045.0,Alcaldía de Envigado,6.124231,-75.586049,2032,16.600000381469727,2022.0,occurrence,-1.07297149793304,0.6739313105109678
MACHINE_OBSERVATION,Colombia,1994.359375,5004497973.0,Fundación Grupo Argos (FGA),3.24522,-75.76909,2559,18.399999618530277,2022.0,occurrence,-0.44976481900908377,1.303339980350121
MACHINE_OBSERVATION,Colombia,2417.98681640625,5053271588.0,WCS Colombia (WCS),3.716348,-76.070767,1281,14.899999618530272,2022.0,occurrence,-1.6135802675217723,-0.28896479901556976
HUMAN_OBSERVATION,Brazil,470.8001098632813,4018156722.0,iNaturalist,-7.417898,-36.459238,390,23.0,2022.0,occurrence,0.7862578556481866,-1.9975133687096118
HUMAN_OBSERVATION,Ecuador,3987.815185546875,4499846625.0,MAATE,-0.572444,-78.262898,1123,5.300000190734863,2022.0,occurrence,-4.242977811577006,-0.027048744021705852
MACHINE_OBSERVATION,Colombia,2049.248046875,5004497606.0,Fundación Grupo Argos (FGA),3.85424,-75.68665,2113,16.5,2022.0,occurrence,-0.8941349140783762,0.7523592070353428
MACHINE_OBSERVATION,Colombia,3127.3125,5053274835.0,WCS Colombia (WCS),3.82113,-76.12911,1706,10.399999618530272,2022.0,occurrence,-2.700185045907963,0.5115600435295237
MACHINE_OBSERVATION,Colombia,2665.21728515625,5053274871.0,WCS Colombia (WCS),3.81701,-76.13675,1225,14.199999809265137,2022.0,occurrence,-1.910906157074797,-0.3116892172127515
MACHINE_OBSERVATION,Colombia,2812.284423828125,5053274908.0,WCS Colombia (WCS),3.81837,-76.13994,1377,12.899999618530272,2022.0,occurrence,-2.1762954961982266,-0.048763626765733904
MATERIAL_SAMPLE,Colombia,14.031379699707031,5294554890.0,Grupo Prodeco,11.045634,-74.215907,616,27.899999618530277,2022.0,occurrence,1.9207408975055718,-1.883607858904768
HUMAN_OBSERVATION,Colombia,22.02540779113769,5294554973.0,Grupo Prodeco,11.043944,-74.207778,650,27.799999237060547,2022.0,occurrence,1.9083635427260535,-1.8333917960203687
MATERIAL_SAMPLE,Colombia,11.74697208404541,5294556457.0,Grupo Prodeco,11.052506,-74.223208,581,27.899999618530277,2022.0,occurrence,1.9134502639618303,-1.9317302926864794
HUMAN_OBSERVATION,Colombia,3090.375244140625,3989450564.0,Fundación Natura Colombia (Fund. Natura),4.844116,-73.826304,1403,10.699999809265137,2022.0,occurrence,-2.705038544482082,0.08457496759158174
HUMAN_OBSERVATION,Ecuador,3640.856689453125,4499845457.0,MAATE,-0.408347,-78.179571,1279,6.199999809265137,2021.0,occurrence,-3.81865447584707,0.11273535823047233
HUMAN_OBSERVATION,Ecuador,1383.4791259765625,4499847817.0,MAATE,-0.784447,-77.834378,3909,19.700000762939453,2021.0,occurrence,0.5274509708495346,3.0254885907093376
HUMAN_OBSERVATION,Ecuador,2918.6640625,4499849105.0,MAATE,-0.373013,-78.088899,1199,12.699999809265137,2021.0,occurrence,-2.327878762474581,-0.27139422292900106
HUMAN_OBSERVATION,Brazil,274.8573608398437,6511213824.0,ICMBio,-9.551944,-37.986111,541,25.200000762939453,2021.0,occurrence,1.301742655756267,-1.8774297971651488
MACHINE_OBSERVATION,Colombia,3549.589599609375,3898508310.0,Alcaldía Municipal de Cogua en Cundinamarca,5.113556,-74.003333,1188,9.0,2021.0,occurrence,-3.346968556463513,-0.09861929693173664
MACHINE_OBSERVATION,Colombia,2736.764404296875,3434807367.0,Asociación GAICA (GAICA),1.283758,-77.262969,1304,13.0,2021.0,occurrence,-2.1259008879341317,-0.16186183865672057
MACHINE_OBSERVATION,Colombia,2736.764404296875,3434807378.0,Asociación GAICA (GAICA),1.278914,-77.263678,1304,13.0,2021.0,occurrence,-2.1259008879341317,-0.16186183865672057
HUMAN_OBSERVATION,Ecuador,2387.668212890625,4499845719.0,MAATE,-0.472973,-77.939441,1493,13.899999618530272,2021.0,occurrence,-1.6916561885611037,0.022683277065832584
MACHINE_OBSERVATION,Colombia,2319.68701171875,6258262776.0,Empresas Públicas de Medellín E.S.P. (EPM),5.914666,-75.41884,2310,15.899999618530272,2021.0,occurrence,-1.1281553195526182,1.0757997924819926
MACHINE_OBSERVATION,Colombia,2598.16650390625,6258264655.0,Empresas Públicas de Medellín E.S.P. (EPM),5.86483,-75.35566,2765,15.0,2021.0,occurrence,-1.3482624382621282,1.7606543660904692
HUMAN_OBSERVATION,Colombia,2598.16650390625,6258272553.0,Empresas Públicas de Medellín E.S.P. (EPM),5.864216,-75.355678,2765,15.0,2021.0,occurrence,-1.3482624382621282,1.7606543660904692
HUMAN_OBSERVATION,Brazil,527.6498413085938,6510488023.0,ICMBio,-22.2491273,-43.1121052,1643,20.600000381469727,2021.0,occurrence,0.6963498844210773,-0.21478881266221092
MACHINE_OBSERVATION,Colombia,3428.45263671875,3898508321.0,Alcaldía Municipal de Cogua en Cundinamarca,5.10975,-74.006222,1212,8.699999809265137,2021.0,occurrence,-3.3009175862129823,-0.07517003249450203
HUMAN_OBSERVATION,Brazil,524.8075561523438,6511142565.0,ICMBio,-21.126222,-48.964639,1310,22.600000381469727,2021.0,occurrence,0.9207501082617007,-0.7228591432091469
HUMAN_OBSERVATION,Colombia,2464.2978515625,3784264381.0,Alcaldía de Envigado,6.1552,-75.5458,1988,15.199999809265137,2021.0,occurrence,-1.420350267956528,0.6751952185955674
HUMAN_OBSERVATION,Colombia,1962.414794921875,4011369519.0,Fundación Ambiental DapaViva (DapaViva),3.51113,-76.5879,1790,18.399999618530277,2021.0,occurrence,-0.6229072949328391,0.2486216585609943
HUMAN_OBSERVATION,Colombia,1962.414794921875,4011369542.0,Fundación Ambiental DapaViva (DapaViva),3.50808,-76.58492,1790,18.399999618530277,2021.0,occurrence,-0.6229072949328391,0.2486216585609943
HUMAN_OBSERVATION,Ecuador,2701.331787109375,4499846374.0,MAATE,-0.416266,-78.039808,1293,13.199999809265137,2021.0,occurrence,-2.072824179695544,-0.1872242161106887
MACHINE_OBSERVATION,Colombia,2600.811767578125,6258264323.0,Empresas Públicas de Medellín E.S.P. (EPM),5.985297,-75.38702,2293,14.199999809265137,2021.0,occurrence,-1.5932075493066487,1.1376208428962238
MACHINE_OBSERVATION,Colombia,2118.788330078125,3784264705.0,Alcaldía de Envigado,6.1275,-75.5884,2089,17.0,2021.0,occurrence,-0.8728303167887137,0.716265996576535
HUMAN_OBSERVATION,Colombia,1134.464111328125,4439050313.0,Museo de Historia Natural María Belén Rivera Gualy (MBRG),2.005889,-76.017444,1426,21.600000381469727,2021.0,occurrence,0.3637967972563255,-0.45111184668067705
HUMAN_OBSERVATION,Brazil,194.52301025390625,4950839347.0,Prima_Ambiental,-5.62263,-36.18064,466,25.0,2021.0,occurrence,1.3089692838981164,-1.9860084976733625
HUMAN_OBSERVATION,Brazil,418.18548583984375,5100866982.0,CIBIO,-23.882694,-52.833553,1390,21.0,2021.0,occurrence,0.7710875500209626,-0.5864736234586311
MACHINE_OBSERVATION,Colombia,2427.316650390625,6258269482.0,Empresas Públicas de Medellín E.S.P. (EPM),5.928001,-75.413196,2420,15.399999618530272,2021.0,occurrence,-1.253364166207681,1.2545842973674532
HUMAN_OBSERVATION,Colombia,2262.589111328125,3784264362.0,Alcaldía de Envigado,6.1736,-75.5466,1930,16.799999237060547,2021.0,occurrence,-1.0461472435275874,0.524914989381275
HUMAN_OBSERVATION,Brazil,618.8907470703125,5100918532.0,CIBIO,-13.364103,-44.626052,949,23.5,2021.0,occurrence,0.9002464563621254,-1.2262530891461407
MACHINE_OBSERVATION,Colombia,2648.70166015625,6258265638.0,Empresas Públicas de Medellín E.S.P. (EPM),5.863436,-75.387961,2331,13.800000190734863,2021.0,occurrence,-1.678972332155868,1.2069215199046086
MATERIAL_SAMPLE,Colombia,2170.56396484375,3784264726.0,Alcaldía de Envigado,6.1231,-75.5765,2008,16.5,2021.0,occurrence,-1.0070166507062217,0.6262565724127578
HUMAN_OBSERVATION,Brazil,212.814697265625,4950839771.0,Prima_Ambiental,-5.57489,-36.20352,469,24.899999618530277,2021.0,occurrence,1.281385670065646,-1.9766593663483827
MACHINE_OBSERVATION,Colombia,2368.916015625,6258269199.0,Empresas Públicas de Medellín E.S.P. (EPM),5.873022,-75.358361,2629,15.5,2021.0,occurrence,-1.1433144303895542,1.5290320894691407
MACHINE_OBSERVATION,Colombia,2385.05712890625,6258274636.0,Empresas Públicas de Medellín E.S.P. (EPM),5.932125,-75.417326,2206,16.5,2021.0,occurrence,-1.1089024827894183,0.9272166591873351
MACHINE_OBSERVATION,Colombia,1866.476318359375,3744049670.0,Alcaldía de Pitalito (pitalito),1.84622,-75.96775,1928,17.899999618530273,2021.0,occurrence,-0.5964371110685772,0.4366343275020405
MACHINE_OBSERVATION,Colombia,1866.476318359375,3744049680.0,Alcaldía de Pitalito (pitalito),1.84752,-75.96794,1928,17.899999618530273,2021.0,occurrence,-0.5964371110685772,0.4366343275020405
MACHINE_OBSERVATION,Colombia,2118.788330078125,3784264433.0,Alcaldía de Envigado,6.1269,-75.5868,2089,17.0,2021.0,occurrence,-0.8728303167887137,0.716265996576535
HUMAN_OBSERVATION,Colombia,1064.312255859375,3898221934.0,Corporación Autónoma Regional de Valle del Cauca (CVC),4.3855,-75.8053,1654,23.100000381469727,2021.0,occurrence,0.7020552933243165,-0.18943013866645336
MACHINE_OBSERVATION,Colombia,3549.589599609375,3898508331.0,Alcaldía Municipal de Cogua en Cundinamarca,5.112833,-74.005111,1188,9.0,2021.0,occurrence,-3.346968556463513,-0.09861929693173664
HUMAN_OBSERVATION,Brazil,212.667236328125,4950853966.0,Prima_Ambiental,-5.583333,-36.233446,465,25.0,2021.0,occurrence,1.2958308540745804,-1.984788491182919
MACHINE_OBSERVATION,Colombia,3328.7490234375,3898508312.0,Alcaldía Municipal de Cogua en Cundinamarca,5.116614,-74.000596,1098,10.300000190734863,2021.0,occurrence,-3.013406190596838,-0.28738914038310637
MACHINE_OBSERVATION,Colombia,2230.10400390625,5053273292.0,WCS Colombia (WCS),4.762742,-76.290587,2943,14.899999618530272,2021.0,occurrence,-1.0569415175461452,1.9539308033750677
MACHINE_OBSERVATION,Colombia,2376.556640625,5053273365.0,WCS Colombia (WCS),4.753956,-76.290004,3161,15.699999809265137,2021.0,occurrence,-0.9825482563993359,2.2513425338555515
MACHINE_OBSERVATION,Colombia,2151.41015625,5053273432.0,WCS Colombia (WCS),4.748703,-76.289947,3225,16.600000381469727,2021.0,occurrence,-0.6681483300635206,2.28284780446453
MACHINE_OBSERVATION,Colombia,2382.7138671875,5053273450.0,WCS Colombia (WCS),4.746796,-76.307208,2891,14.800000190734863,2021.0,occurrence,-1.193906832680606,1.907311433373962
MACHINE_OBSERVATION,Colombia,2129.26171875,5053273539.0,WCS Colombia (WCS),4.740076,-76.290828,3070,15.600000381469728,2021.0,occurrence,-0.8454821003337649,2.0944755737265717
MACHINE_OBSERVATION,Colombia,3013.525634765625,3118572586.0,Asociación Colombiana de Zoología (ACZ),5.9684,-73.13342,1253,11.100000381469728,2020.0,occurrence,-2.6272307714322434,-0.14180268781360614
MACHINE_OBSERVATION,Colombia,2945.06787109375,3118572711.0,Asociación Colombiana de Zoología (ACZ),5.98611,-73.17228,1319,11.699999809265137,2020.0,occurrence,-2.4696596742289345,-0.07730050770668549
HUMAN_OBSERVATION,Ecuador,2118.8935546875,4499847485.0,MAATE,-0.587173,-77.887773,2384,16.700000762939453,2020.0,occurrence,-0.8438603257844793,1.12707731599106
MACHINE_OBSERVATION,Colombia,2995.298583984375,3118584444.0,Asociación Colombiana de Zoología (ACZ),5.17337,-73.95413,917,11.800000190734863,2020.0,occurrence,-2.5923373726892254,-0.621769505744523
MACHINE_OBSERVATION,Colombia,2995.298583984375,3118584553.0,Asociación Colombiana de Zoología (ACZ),5.17336,-73.95354,917,11.800000190734863,2020.0,occurrence,-2.5923373726892254,-0.621769505744523
MACHINE_OBSERVATION,Colombia,2995.298583984375,3118585835.0,Asociación Colombiana de Zoología (ACZ),5.17244,-73.95289,917,11.800000190734863,2020.0,occurrence,-2.5923373726892254,-0.621769505744523
HUMAN_OBSERVATION,Ecuador,3612.378173828125,4499846458.0,MAATE,-0.396635,-78.129157,1320,8.100000381469727,2020.0,occurrence,-3.496170549088336,0.11440130597947286
HUMAN_OBSERVATION,Brazil,473.9928588867188,5100886916.0,CIBIO,-14.723526,-43.997662,821,24.399999618530277,2020.0,occurrence,1.1087709039924571,-1.4455121283551862
MACHINE_OBSERVATION,Colombia,2379.131591796875,3118570315.0,Asociación Colombiana de Zoología (ACZ),4.80317,-76.21542,2854,14.5,2020.0,occurrence,-1.2468622561930665,1.8642095972402473
MACHINE_OBSERVATION,Colombia,2995.298583984375,3118584254.0,Asociación Colombiana de Zoología (ACZ),5.17366,-73.95283,917,11.800000190734863,2020.0,occurrence,-2.5923373726892254,-0.621769505744523
MACHINE_OBSERVATION,Colombia,2617.55859375,3118572631.0,Asociación Colombiana de Zoología (ACZ),5.989,-73.153,1292,13.5,2020.0,occurrence,-1.9675164163504595,-0.20846469119302372
HUMAN_OBSERVATION,Ecuador,1058.2420654296875,4499849284.0,MAATE,-0.784473,-77.829506,3921,20.899999618530277,2020.0,occurrence,0.9457578195971174,2.9637812327451702
MACHINE_OBSERVATION,Colombia,2209.323486328125,3118570319.0,Asociación Colombiana de Zoología (ACZ),4.82873,-76.16671,3269,15.800000190734863,2020.0,occurrence,-0.8209387675570702,2.372353028315948
HUMAN_OBSERVATION,Brazil,665.77734375,5100896921.0,CIBIO,-13.569882,-44.50715,894,23.5,2020.0,occurrence,0.8529476784157972,-1.2946809501770125
HUMAN_OBSERVATION,Brazil,552.6603393554688,6510977883.0,ICMBio,-21.406944,-48.505,1335,21.899999618530277,2020.0,occurrence,0.7998255296352398,-0.6662301492213158
HUMAN_OBSERVATION,Brazil,729.5789794921875,5100865296.0,CIBIO,-13.90006,-44.449828,848,22.899999618530277,2020.0,occurrence,0.7037756319967746,-1.332534111983155
HUMAN_OBSERVATION,Brazil,697.72119140625,5100901270.0,CIBIO,-13.797389,-44.49087,840,23.100000381469727,2020.0,occurrence,0.7550780350736171,-1.3532902090161263
HUMAN_OBSERVATION,Brazil,186.3365020751953,6511211623.0,ICMBio,-3.720476,-46.781083,1576,26.299999237060547,2020.0,occurrence,1.7971104872947308,-0.5057234674736031
MACHINE_OBSERVATION,Colombia,660.491943359375,3395113722.0,CORPOAMAZONÍA - Corporación para el Desarrollo Sostenible del Sur de la Amazonia,0.87417,-76.78092,4294,23.399999618530277,2020.0,occurrence,1.7071503444970726,3.3503384708011232
HUMAN_OBSERVATION,Ecuador,2425.08642578125,4499848050.0,MAATE,-0.444581,-77.995171,1527,16.0,2020.0,occurrence,-1.387028495649711,0.018889227499362303
MACHINE_OBSERVATION,Colombia,1128.0411376953125,3081063988.0,Instituto para la Investigación y la Preservación del Patrimonio Cultural y Natural del Valle del Cauca - INCIVA,4.02064,-76.353607,1187,22.600000381469727,2020.0,occurrence,0.4610864922033988,-0.8048676501527624
HUMAN_OBSERVATION,Ecuador,3908.6064453125,4499848105.0,MAATE,-0.396371,-78.19222,1267,5.5,2020.0,occurrence,-4.119346036313084,0.15302255471426454
HUMAN_OBSERVATION,Brazil,83.25685119628906,6510705748.0,ICMBio,-11.691111,-37.666472,1446,24.299999237060547,2020.0,occurrence,1.530020118870311,-0.6450321270984608
MACHINE_OBSERVATION,Colombia,1991.7176513671875,3118575773.0,Asociación Colombiana de Zoología (ACZ),5.18956,-75.97879,2350,17.100000381469727,2020.0,occurrence,-0.7007778479026071,1.0519405358212741
HUMAN_OBSERVATION,Brazil,515.4549560546875,5100910430.0,CIBIO,-23.905,-52.766889,1423,20.600000381469727,2020.0,occurrence,0.6489862641187468,-0.5169642672339194
HUMAN_OBSERVATION,Brazil,885.4865112304688,6510858994.0,ICMBio,-29.418611,-50.399167,2090,15.100000381469728,2020.0,occurrence,-0.28865882947657545,0.5921470467829542
HUMAN_OBSERVATION,Brazil,260.42108154296875,6511226328.0,ICMBio,-11.752361,-38.591778,810,23.100000381469727,2020.0,occurrence,1.0579548769357934,-1.4565761672082969
HUMAN_OBSERVATION,Brazil,294.9661560058594,6510175020.0,ICMBio,-11.912611,-38.499139,1056,22.700000762939453,2020.0,occurrence,1.0346330504016574,-1.1051270628522816
HUMAN_OBSERVATION,Brazil,473.0299682617188,6510179069.0,ICMBio,-9.1658,-39.68599,508,23.600000381469727,2020.0,occurrence,0.9068772927273197,-1.851925385878475
HUMAN_OBSERVATION,Brazil,671.3203125,6510428692.0,ICMBio,-23.213056,-47.175833,1289,18.799999237060547,2020.0,occurrence,0.2277245068289678,-0.6301257927125018
HUMAN_OBSERVATION,Brazil,363.5566101074219,6510611959.0,ICMBio,-9.17714,-39.88811,487,24.399999618530277,2020.0,occurrence,1.1021360655512829,-1.917368726885509
HUMAN_OBSERVATION,Brazil,408.0393371582031,6510628767.0,ICMBio,-9.17778,-39.7536,509,24.0,2020.0,occurrence,1.0147162354075654,-1.8704035953979627
HUMAN_OBSERVATION,Brazil,414.3811950683594,6510702586.0,ICMBio,-9.16051,-39.78395,503,24.0,2020.0,occurrence,1.0086851363419234,-1.8776936062696061
HUMAN_OBSERVATION,Brazil,396.6390380859375,6510828999.0,ICMBio,-9.16588,-39.77341,501,24.100000381469727,2020.0,occurrence,1.036133191685971,-1.885598801556818
HUMAN_OBSERVATION,Brazil,402.8470458984375,6510849089.0,ICMBio,-9.16355,-39.76063,503,24.100000381469727,2020.0,occurrence,1.032234333318031,-1.8819828819385265
HUMAN_OBSERVATION,Brazil,391.2001953125,6511176844.0,ICMBio,-9.17296,-39.79235,500,24.200000762939453,2020.0,occurrence,1.05509960801297,-1.8903850948245564
MACHINE_OBSERVATION,Colombia,554.91015625,3395115359.0,CORPOAMAZONÍA - Corporación para el Desarrollo Sostenible del Sur de la Amazonia,0.86561,-76.7663,4290,23.700000762939453,2020.0,occurrence,1.8271800653548453,3.3218932731158644
HUMAN_OBSERVATION,Brazil,257.4519348144531,6510386178.0,ICMBio,-10.707146,-48.375769,1624,26.0,2020.0,occurrence,1.7127593750479944,-0.42210240150679557
HUMAN_OBSERVATION,Brazil,274.1698608398437,6510492867.0,ICMBio,-9.331283,-44.520259,955,26.600000381469727,2020.0,occurrence,1.6226819324428725,-1.3491971444018562
HUMAN_OBSERVATION,Brazil,512.0386352539062,6511210834.0,ICMBio,-10.0525,-45.28826,1031,24.799999237060547,2020.0,occurrence,1.1966679327794996,-1.1638914480213214
HUMAN_OBSERVATION,Brazil,746.949951171875,6511256422.0,ICMBio,-10.188488,-38.762973,683,21.299999237060547,2020.0,occurrence,0.4036794288708594,-1.5130573074633331
HUMAN_OBSERVATION,Brazil,644.6177978515625,6511314320.0,ICMBio,-10.07377,-45.270354,1065,24.0,2020.0,occurrence,0.9883127268732419,-1.077402295510564
HUMAN_OBSERVATION,Ecuador,2918.6640625,4499848345.0,MAATE,-0.375925,-78.086534,1199,12.699999809265137,2020.0,occurrence,-2.327878762474581,-0.27139422292900106
HUMAN_OBSERVATION,Brazil,450.2267456054688,5101023505.0,CIBIO,-6.971567,-41.643534,778,24.899999618530277,2020.0,occurrence,1.1914917950734878,-1.5208487972208407
HUMAN_OBSERVATION,Ecuador,2948.564697265625,4499845717.0,MAATE,-0.391147,-78.080426,1240,11.600000381469728,2019.0,occurrence,-2.5076189341260235,-0.18204103276327818
HUMAN_OBSERVATION,Brazil,794.0581665039062,6510870029.0,ICMBio,-23.649167,-46.618611,1402,18.100000381469727,2019.0,occurrence,0.061833772250540986,-0.43980025704688386
HUMAN_OBSERVATION,Brazil,1000.0252685546876,6511177496.0,ICMBio,-15.925833,-48.819444,1518,22.299999237060547,2019.0,occurrence,0.5901992954607539,-0.3631515788505877
MACHINE_OBSERVATION,Colombia,2576.658203125,3118572678.0,Asociación Colombiana de Zoología (ACZ),6.003,-73.15,1353,14.0,2019.0,occurrence,-1.8461453251053312,-0.1442180086651694
MACHINE_OBSERVATION,Colombia,2236.986328125,3744049912.0,Alcaldía de Pitalito (pitalito),1.71418,-76.22611,2201,15.100000381469728,2019.0,occurrence,-1.2200603602108502,0.9363261599884384
HUMAN_OBSERVATION,Brazil,554.3461303710938,5100881259.0,CIBIO,-14.429062,-44.344491,909,23.899999618530277,2019.0,occurrence,0.9973280605296282,-1.3006583888296304
HUMAN_OBSERVATION,Brazil,651.4290771484375,6510692916.0,ICMBio,-23.41375,-45.63963,1422,18.600000381469727,2019.0,occurrence,0.2449993407024807,-0.4460410110425468
HUMAN_OBSERVATION,Brazil,35.562408447265625,6510128204.0,ICMBio,-4.035981,-44.458881,1600,27.299999237060547,2019.0,occurrence,2.063873303681354,-0.5208904108241142
HUMAN_OBSERVATION,Brazil,238.34732055664065,6510408373.0,ICMBio,-6.916931,-37.966383,883,26.299999237060547,2019.0,occurrence,1.5837066654300935,-1.4446902306041904
HUMAN_OBSERVATION,Brazil,307.2449035644531,6510912737.0,ICMBio,-6.898836,-38.558244,955,26.0,2019.0,occurrence,1.5070419859897015,-1.328610203832284
HUMAN_OBSERVATION,Brazil,745.7845458984375,6511065376.0,ICMBio,-23.186389,-46.884167,1334,18.5,2019.0,occurrence,0.1402315426140838,-0.5501243846807516
MACHINE_OBSERVATION,Colombia,2766.88330078125,3118572705.0,Asociación Colombiana de Zoología (ACZ),6.02039,-73.10011,1281,13.5,2019.0,occurrence,-2.076349458842047,-0.2022071446525325
MACHINE_OBSERVATION,Colombia,3711.20703125,3118572600.0,Asociación Colombiana de Zoología (ACZ),5.98614,-73.07619,1585,5.400000095367432,2019.0,occurrence,-3.9135578640127724,0.5618068028949664
MACHINE_OBSERVATION,Colombia,2293.2470703125,3118572696.0,Asociación Colombiana de Zoología (ACZ),6.03808,-73.14428,1782,15.699999809265137,2019.0,occurrence,-1.2745539509139179,0.3562728651185969
MACHINE_OBSERVATION,Colombia,2386.388671875,3118572709.0,Asociación Colombiana de Zoología (ACZ),6.01944,-73.14839,1550,15.0,2019.0,occurrence,-1.5072833607111789,0.07124000130492085
PRESERVED_SPECIMEN,Ecuador,2682.91552734375,4022906318.0,MUTPL,-4.482853,-79.14824,1215,14.5,2019.0,occurrence,-1.879942675453604,-0.3307601963951951
HUMAN_OBSERVATION,Brazil,525.6217041015625,5100882967.0,CIBIO,-14.322981,-44.417459,858,24.0,2019.0,occurrence,1.0200965308413628,-1.3770442597282413
HUMAN_OBSERVATION,Colombia,2476.16943359375,6187685749.0,Distrito Especial de Medellín (DEMedellin),6.262575,-75.668827,1903,15.199999809265137,2019.0,occurrence,-1.4504252115147989,0.5608087961607399
HUMAN_OBSERVATION,Brazil,60.6533317565918,6510219258.0,ICMBio,-22.905278,-43.229167,1277,23.100000381469727,2019.0,occurrence,1.3187265416575928,-0.8472968004475221
HUMAN_OBSERVATION,Brazil,885.4865112304688,6510527269.0,ICMBio,-29.416111,-50.396111,2090,15.100000381469728,2019.0,occurrence,-0.28865882947657545,0.5921470467829542
MACHINE_OBSERVATION,Colombia,3756.80810546875,3118572713.0,Asociación Colombiana de Zoología (ACZ),6.01294,-73.06078,1597,5.400000095367432,2019.0,occurrence,-3.9428822988010195,0.5846926637683424
HUMAN_OBSERVATION,Brazil,560.6678466796875,5100974496.0,CIBIO,-14.349777,-44.400792,885,23.799999237060547,2019.0,occurrence,0.9713684963888184,-1.3298869219408176
HUMAN_OBSERVATION,Colombia,2430.35595703125,6187685754.0,Distrito Especial de Medellín (DEMedellin),6.275343,-75.667154,1854,15.899999618530272,2019.0,occurrence,-1.3228589121931036,0.46884533538878215
HUMAN_OBSERVATION,Brazil,16.042770385742188,6510939164.0,ICMBio,-29.911819,-50.258203,1505,18.799999237060547,2019.0,occurrence,0.7480257068782782,-0.4285305993829421
MACHINE_OBSERVATION,Colombia,2995.298583984375,3118567112.0,Asociación Colombiana de Zoología (ACZ),5.17356,-73.95295,917,11.800000190734863,2019.0,occurrence,-2.5923373726892254,-0.621769505744523
MACHINE_OBSERVATION,Colombia,2995.298583984375,3118568902.0,Asociación Colombiana de Zoología (ACZ),5.17374,-73.95333,917,11.800000190734863,2019.0,occurrence,-2.5923373726892254,-0.621769505744523
MACHINE_OBSERVATION,Colombia,3213.79638671875,3118568931.0,Asociación Colombiana de Zoología (ACZ),5.15239,-73.94011,1053,10.5,2019.0,occurrence,-2.912522308805513,-0.3705147406915036
MACHINE_OBSERVATION,Colombia,2966.031982421875,3118577043.0,Asociación Colombiana de Zoología (ACZ),5.15816,-73.94213,903,11.899999618530272,2019.0,occurrence,-2.559762027271857,-0.6477044669576478
MACHINE_OBSERVATION,Colombia,2966.031982421875,3118585508.0,Asociación Colombiana de Zoología (ACZ),5.15958,-73.94043,903,11.899999618530272,2019.0,occurrence,-2.559762027271857,-0.6477044669576478
MACHINE_OBSERVATION,Colombia,821.184326171875,2631128600.0,Instituto de Investigación de Recursos Biológicos Alexander von Humboldt (IAvH),0.64538,-77.12546,3202,23.0,2019.0,occurrence,1.253533146809032,1.8925570827662148
MACHINE_OBSERVATION,Colombia,3076.976806640625,3118570511.0,Asociación Colombiana de Zoología (ACZ),5.19264,-73.93469,972,11.100000381469728,2019.0,occurrence,-2.7438424711900695,-0.5165014072514668
HUMAN_OBSERVATION,Colombia,2473.139892578125,4027206306.0,Corporación Autónoma Regional de las cuencas de los ríos Negro y Nare (CORNARE),6.24581,-75.50229,1818,15.800000190734863,2019.0,occurrence,-1.3777650735410452,0.4284252967057373
HUMAN_OBSERVATION,Colombia,2374.58447265625,4027206662.0,Corporación Autónoma Regional de las cuencas de los ríos Negro y Nare (CORNARE),6.07992,-75.51925,2041,15.600000381469728,2019.0,occurrence,-1.2817143677592835,0.7242064141298793
MACHINE_OBSERVATION,Colombia,2727.783935546875,4948128738.0,WCS Colombia (WCS),3.8242,-75.7458,1239,13.399999618530272,2019.0,occurrence,-2.0746402943938826,-0.26248964242704076
HUMAN_OBSERVATION,Colombia,2588.945556640625,6187685818.0,Distrito Especial de Medellín (DEMedellin),6.255012,-75.667757,1895,15.399999618530272,2019.0,occurrence,-1.5018240298204464,0.56066369332313
MACHINE_OBSERVATION,Colombia,2073.00537109375,3118572602.0,Asociación Colombiana de Zoología (ACZ),6.07936,-73.18428,2535,17.299999237060547,2019.0,occurrence,-0.6806702755111764,1.3108739609618927
HUMAN_OBSERVATION,Ecuador,2918.6640625,4499847188.0,MAATE,-0.372568,-78.088967,1199,12.699999809265137,2019.0,occurrence,-2.327878762474581,-0.27139422292900106
HUMAN_OBSERVATION,Ecuador,3214.434814453125,4499849784.0,MAATE,-0.39657,-78.085806,1370,9.0,2019.0,occurrence,-3.062636943117762,0.10216352828263782
MACHINE_OBSERVATION,Colombia,2019.6068115234373,4948129233.0,WCS Colombia (WCS),3.827,-75.5608,2681,18.899999618530277,2019.0,occurrence,-0.35983008819214196,1.460316180381373
MACHINE_OBSERVATION,Colombia,2019.6068115234373,4948129932.0,WCS Colombia (WCS),3.8343,-75.5631,2681,18.899999618530277,2019.0,occurrence,-0.35983008819214196,1.460316180381373
HUMAN_OBSERVATION,Brazil,238.3045959472656,6510169083.0,ICMBio,-25.4425,-54.558056,1717,21.399999618530277,2019.0,occurrence,1.0435230884564464,-0.17613025830379134
HUMAN_OBSERVATION,Brazil,862.5118408203125,6510507630.0,ICMBio,-26.250722,-49.907888,1344,16.899999618530273,2019.0,occurrence,-0.1858515218072114,-0.4775043885601557
MACHINE_OBSERVATION,Colombia,564.8641967773438,3395111684.0,CORPOAMAZONÍA - Corporación para el Desarrollo Sostenible del Sur de la Amazonia,0.893378,-76.75644,4208,23.899999618530277,2019.0,occurrence,1.8299485259922048,3.206039302520689
HUMAN_OBSERVATION,Brazil,758.8052978515625,6510659984.0,ICMBio,-24.302778,-50.611667,1374,18.299999237060547,2019.0,occurrence,0.11045365536652299,-0.4883526293387846
HUMAN_OBSERVATION,Brazil,610.8781127929688,6510989900.0,ICMBio,-21.3377125,-48.3182926,1334,21.700000762939453,2019.0,occurrence,0.7275139789189076,-0.6540083190167445
HUMAN_OBSERVATION,Brazil,260.7254638671875,2908266491.0,MVV,-9.6701,-36.7396,661,24.100000381469727,2019.0,occurrence,1.1733861032949713,-1.6864669897673628
MACHINE_OBSERVATION,Colombia,2462.128173828125,4921403312.0,Corporación Grupo de Investigación y Observación Ambiental (GIO Ambiental),6.40577,-75.51134,1706,15.800000190734863,2019.0,occurrence,-1.398466673199503,0.27390601226189887
HUMAN_OBSERVATION,Brazil,732.8883056640625,5100848585.0,CIBIO,-13.934962,-44.447023,852,22.899999618530277,2019.0,occurrence,0.7024443572478358,-1.3266000160781455
MACHINE_OBSERVATION,Colombia,2875.61669921875,3118575919.0,Asociación Colombiana de Zoología (ACZ),4.79845,-73.9868,918,11.899999618530272,2019.0,occurrence,-2.491740556712181,-0.6401046589446796
MACHINE_OBSERVATION,Colombia,39.76433563232422,1913316992.0,Fundación Pantera Colombia (Panthera),4.00277,-77.01516,7335,26.0,2018.0,occurrence,3.3216380964369554,7.345963900495491
MACHINE_OBSERVATION,Colombia,1901.8587646484373,3118570382.0,Asociación Colombiana de Zoología (ACZ),4.7832,-76.20618,3199,17.0,2018.0,occurrence,-0.4361327530851082,2.20119698327803
HUMAN_OBSERVATION,Ecuador,2634.793701171875,4499849438.0,MAATE,-0.429199,-78.026795,1359,14.399999618530272,2018.0,occurrence,-1.824462048573311,-0.1383220748732573
HUMAN_OBSERVATION,Brazil,874.9207763671875,6510533118.0,ICMBio,-29.438889,-50.398611,2055,15.300000190734863,2018.0,occurrence,-0.2593510894239985,0.5375532953615795
HUMAN_OBSERVATION,Brazil,1062.9693603515625,6510628945.0,ICMBio,-14.378833,-42.995833,849,20.700000762939453,2018.0,occurrence,0.1293995967356154,-1.2254557518125204
MACHINE_OBSERVATION,Ecuador,1892.517578125,3051919492.0,,-4.55553,-78.90082,1465,18.799999237060547,2018.0,occurrence,-0.5946000790396245,-0.21574970327591514
MACHINE_OBSERVATION,Colombia,3213.79638671875,3118568181.0,Asociación Colombiana de Zoología (ACZ),5.15267,-73.94017,1053,10.5,2018.0,occurrence,-2.912522308805513,-0.3705147406915036
MACHINE_OBSERVATION,Colombia,3213.79638671875,3118568199.0,Asociación Colombiana de Zoología (ACZ),5.15421,-73.93908,1053,10.5,2018.0,occurrence,-2.912522308805513,-0.3705147406915036
HUMAN_OBSERVATION,Brazil,301.25927734375,6511033841.0,ICMBio,-15.8965169,-52.2621139,1577,25.600000381469727,2018.0,occurrence,1.6082482955740416,-0.4694616809792304
MACHINE_OBSERVATION,Colombia,3213.79638671875,3118568171.0,Asociación Colombiana de Zoología (ACZ),5.15417,-73.93961,1053,10.5,2018.0,occurrence,-2.912522308805513,-0.3705147406915036
MACHINE_OBSERVATION,Colombia,2132.056396484375,3744049800.0,Alcaldía de Pitalito (pitalito),1.71725,-76.22419,2200,16.100000381469727,2018.0,occurrence,-0.992216625308059,0.8935515717675014
HUMAN_OBSERVATION,Brazil,492.7676086425781,5100881064.0,CIBIO,-14.316798,-44.424844,846,24.200000762939453,2018.0,occurrence,1.071087789437378,-1.4034048373062793
HUMAN_OBSERVATION,Brazil,492.7676086425781,5100968607.0,CIBIO,-14.317087,-44.428477,846,24.200000762939453,2018.0,occurrence,1.071087789437378,-1.4034048373062793
HUMAN_OBSERVATION,Brazil,515.4549560546875,5100968800.0,CIBIO,-23.908056,-52.760833,1423,20.600000381469727,2018.0,occurrence,0.6489862641187468,-0.5169642672339194
HUMAN_OBSERVATION,Brazil,456.1295471191406,6510967226.0,ICMBio,-12.152778,-44.99,1045,24.899999618530277,2018.0,occurrence,1.255291805366607,-1.1553855895593705
HUMAN_OBSERVATION,Brazil,1177.6646728515625,6511005797.0,ICMBio,-14.118889,-47.730556,1826,21.799999237060547,2018.0,occurrence,0.4656988161713001,0.09600349256606978
HUMAN_OBSERVATION,Colombia,3215.991455078125,2237550460.0,Corporación Paisajes Rurales (CPR),3.98255,-75.66286,1293,10.0,2018.0,occurrence,-2.929760142820905,-0.02922379949444296
MACHINE_OBSERVATION,Colombia,1822.341552734375,3118566478.0,Asociación Colombiana de Zoología (ACZ),4.62201,-76.27553,1710,19.0,2018.0,occurrence,-0.4516624601915636,0.10353695641869971
HUMAN_OBSERVATION,Ecuador,3559.18310546875,4499846445.0,MAATE,-0.395775,-78.173624,1288,6.199999809265137,2018.0,occurrence,-3.758368174166745,0.11338714332154466
HUMAN_OBSERVATION,Brazil,492.7676086425781,5100894393.0,CIBIO,-14.318526,-44.421824,846,24.200000762939453,2018.0,occurrence,1.071087789437378,-1.4034048373062793
HUMAN_OBSERVATION,Brazil,27.396997451782227,6510148814.0,ICMBio,-5.855833,-35.347778,1174,25.899999618530277,2018.0,occurrence,1.7461644715538291,-1.0667721494487399
HUMAN_OBSERVATION,Brazil,115.36641693115234,6510307041.0,ICMBio,-4.066075,-42.157372,1692,27.0,2018.0,occurrence,1.9845572252012127,-0.37594365862051593
HUMAN_OBSERVATION,Colombia,1363.17919921875,3897165443.0,Parques Nacionales Naturales de Colombia (PNN),6.57911,-76.26769,2698,21.100000381469727,2018.0,occurrence,0.44851093132525527,1.3317848029861585
HUMAN_OBSERVATION,Brazil,129.9654998779297,6510432627.0,ICMBio,-5.05294,-37.52914,915,27.0,2018.0,occurrence,1.7763280123862057,-1.4349543082774716
MACHINE_OBSERVATION,Colombia,2337.20361328125,3118581660.0,Asociación Colombiana de Zoología (ACZ),4.88978,-74.37504,994,14.199999809265137,2018.0,occurrence,-1.7368155697337067,-0.673892120490495
HUMAN_OBSERVATION,Ecuador,3586.3583984375,4499846170.0,MAATE,-0.395858,-78.159975,1310,7.400000095367432,2018.0,occurrence,-3.5877541780491193,0.1155563149827883
HUMAN_OBSERVATION,Ecuador,2741.27099609375,4499846360.0,MAATE,-0.469797,-78.046157,1302,11.699999809265137,2018.0,occurrence,-2.3292774397268747,-0.1295580944634451
HUMAN_OBSERVATION,Ecuador,2910.7099609375,4499848755.0,MAATE,-0.463784,-78.046539,1310,11.5,2018.0,occurrence,-2.478272793538085,-0.08919609938803984
HUMAN_OBSERVATION,Brazil,65.79682922363281,6511045423.0,ICMBio,-5.660556,-36.738056,586,27.200000762939453,2018.0,occurrence,1.768831071381676,-1.8986806626080472
HUMAN_OBSERVATION,Brazil,1016.8270874023438,6510221218.0,ICMBio,-15.858333,-47.944722,1816,21.200000762939453,2017.0,occurrence,0.48520537765424504,0.07530072372612696
MACHINE_OBSERVATION,Colombia,2089.97900390625,2237831490.0,Parques Nacionales Naturales de Colombia (PNN),6.54946,-76.22247,2569,17.5,2017.0,occurrence,-0.6533466104377498,1.3544328311155718
MACHINE_OBSERVATION,Colombia,2294.3837890625,3118566480.0,Asociación Colombiana de Zoología (ACZ),4.78421,-76.24593,2781,14.300000190734863,2017.0,occurrence,-1.2359922957131095,1.7577331863234982
HUMAN_OBSERVATION,Colombia,340.3641662597656,3821021865.0,Empresas Públicas de Medellín E.S.P. (EPM),7.191075,-75.582504,3037,25.399999618530277,2017.0,occurrence,1.9215511463279362,1.5352155161405874
HUMAN_OBSERVATION,Brazil,726.373779296875,6510122504.0,ICMBio,-15.096926,-44.253335,992,23.100000381469727,2017.0,occurrence,0.7734392609774258,-1.1416319994806694
HUMAN_OBSERVATION,Brazil,756.9508056640625,6511046804.0,ICMBio,-15.089608,-44.253114,996,22.799999237060547,2017.0,occurrence,0.7066686236296699,-1.1238753103462333
MACHINE_OBSERVATION,Colombia,1531.4642333984375,2237830979.0,Parques Nacionales Naturales de Colombia (PNN),6.58888,-76.26387,2485,20.100000381469727,2017.0,occurrence,0.1211852376576193,1.0913438959793573
MACHINE_OBSERVATION,Colombia,1332.996826171875,2237831345.0,Parques Nacionales Naturales de Colombia (PNN),6.57661,-76.32541,2919,21.299999237060547,2017.0,occurrence,0.556938132079629,1.623995770484757
MACHINE_OBSERVATION,Colombia,2136.2255859375,2237831742.0,Parques Nacionales Naturales de Colombia (PNN),6.52234,-76.22141,2526,17.799999237060547,2017.0,occurrence,-0.6510582048246463,1.2943644967893895
MACHINE_OBSERVATION,Colombia,2072.227294921875,3118570318.0,Asociación Colombiana de Zoología (ACZ),4.78788,-76.15005,3068,16.600000381469727,2017.0,occurrence,-0.6519024675845054,2.0571606805986535
MACHINE_OBSERVATION,Colombia,1815.5909423828125,3118570323.0,Asociación Colombiana de Zoología (ACZ),4.71578,-76.20616,2381,17.799999237060547,2017.0,occurrence,-0.4603074214779138,1.050656938245863
MACHINE_OBSERVATION,Colombia,1594.354736328125,3118570379.0,Asociación Colombiana de Zoología (ACZ),4.80415,-76.18314,1841,19.700000762939453,2017.0,occurrence,-0.14890215921064862,0.23142557377975562
MACHINE_OBSERVATION,Colombia,1781.763427734375,3118570386.0,Asociación Colombiana de Zoología (ACZ),4.76817,-76.13898,2194,18.200000762939453,2017.0,occurrence,-0.42247049651655966,0.7798819486564147
MACHINE_OBSERVATION,Colombia,1680.087890625,3118570473.0,Asociación Colombiana de Zoología (ACZ),4.81162,-76.17953,2093,18.899999618530277,2017.0,occurrence,-0.26847981309218827,0.6089453929343336
HUMAN_OBSERVATION,Colombia,429.7043762207031,3821009675.0,Empresas Públicas de Medellín E.S.P. (EPM),7.183747,-75.599923,2863,24.5,2017.0,occurrence,1.6755726899807724,1.3341384135522025
HUMAN_OBSERVATION,Brazil,583.996337890625,6510072062.0,ICMBio,-13.461667,-40.033889,714,21.100000381469727,2017.0,occurrence,0.4965651684606486,-1.4886533545142169
MACHINE_OBSERVATION,Colombia,2477.950927734375,2237830810.0,Parques Nacionales Naturales de Colombia (PNN),1.20578,-77.40575,1399,13.600000381469728,2017.0,occurrence,-1.8257777744565615,-0.08488306864443888
MACHINE_OBSERVATION,Colombia,2477.950927734375,2237831680.0,Parques Nacionales Naturales de Colombia (PNN),1.21095,-77.40492,1399,13.600000381469728,2017.0,occurrence,-1.8257777744565615,-0.08488306864443888
MACHINE_OBSERVATION,Colombia,1834.1190185546875,3118570383.0,Asociación Colombiana de Zoología (ACZ),4.82383,-76.19656,2796,17.700000762939453,2017.0,occurrence,-0.38314295369530443,1.6226774485835405
HUMAN_OBSERVATION,Brazil,532.1611328125,6510336840.0,ICMBio,-23.6212,-51.10974,1448,20.399999618530277,2017.0,occurrence,0.6127717007371828,-0.4751517064815909
MACHINE_OBSERVATION,Colombia,2262.3115234375,2237830895.0,Parques Nacionales Naturales de Colombia (PNN),1.20831,-77.41531,1367,14.899999618530272,2017.0,occurrence,-1.4811391047045281,-0.19370541277387135
MACHINE_OBSERVATION,Colombia,1756.531005859375,2237831083.0,Parques Nacionales Naturales de Colombia (PNN),5.529,-75.070388,3461,18.299999237060547,2017.0,occurrence,-0.06655371023488524,2.50388828150802
MACHINE_OBSERVATION,Colombia,2262.3115234375,2237831113.0,Parques Nacionales Naturales de Colombia (PNN),1.2082,-77.41261,1367,14.899999618530272,2017.0,occurrence,-1.4811391047045281,-0.19370541277387135
MACHINE_OBSERVATION,Colombia,2262.3115234375,2237831703.0,Parques Nacionales Naturales de Colombia (PNN),1.20963,-77.41068,1367,14.899999618530272,2017.0,occurrence,-1.4811391047045281,-0.19370541277387135
MACHINE_OBSERVATION,Colombia,1756.531005859375,3118582976.0,Asociación Colombiana de Zoología (ACZ),5.529,-75.07039,3461,18.299999237060547,2017.0,occurrence,-0.06655371023488524,2.50388828150802
HUMAN_OBSERVATION,Brazil,1071.3992919921875,6510080404.0,ICMBio,-23.91856,-51.21068,1563,17.200000762939453,2017.0,occurrence,-0.2323320074668006,-0.15660182909071363
HUMAN_OBSERVATION,Brazil,37.70012283325195,6511131861.0,ICMBio,-28.72,-49.560556,1333,19.399999618530277,2017.0,occurrence,0.7810017564596522,-0.6762055341646555
HUMAN_OBSERVATION,Brazil,38.53704833984375,6511357914.0,ICMBio,-16.570556,-39.175833,1471,24.299999237060547,2017.0,occurrence,1.5681408198746492,-0.6172642561028469
MACHINE_OBSERVATION,Colombia,1291.91259765625,2237830934.0,Parques Nacionales Naturales de Colombia (PNN),5.455306,-75.020889,4036,20.799999237060547,2017.0,occurrence,0.7937596054993933,3.156772863588761
MACHINE_OBSERVATION,Colombia,1291.91259765625,3118582863.0,Asociación Colombiana de Zoología (ACZ),5.45531,-75.02089,4036,20.799999237060547,2017.0,occurrence,0.7937596054993933,3.156772863588761
HUMAN_OBSERVATION,Brazil,880.6403198242188,6510062506.0,ICMBio,-15.19,-41.075,839,20.700000762939453,2017.0,occurrence,0.2563205836735,-1.2650946985346698
HUMAN_OBSERVATION,Brazil,918.8727416992188,6510344498.0,ICMBio,-25.209444,-49.967778,1540,17.399999618530273,2017.0,occurrence,-0.09916564476831924,-0.21503808926590304
HUMAN_OBSERVATION,Brazil,729.5709228515625,6510348846.0,ICMBio,-23.496111,-46.519444,1382,18.5,2017.0,occurrence,0.16396762956801755,-0.4868848690236253
HUMAN_OBSERVATION,Brazil,791.0699462890625,6510467202.0,ICMBio,-15.298889,-41.141389,833,21.200000762939453,2017.0,occurrence,0.395189539204677,-1.2992806173133316
HUMAN_OBSERVATION,Brazil,784.440185546875,6510597277.0,ICMBio,-15.181017,-45.83175,1198,22.899999618530277,2017.0,occurrence,0.7539473706150077,-0.846747192227214
HUMAN_OBSERVATION,Brazil,760.120361328125,6510807392.0,ICMBio,-15.208977,-45.817798,1188,23.0,2017.0,occurrence,0.7840288729141441,-0.8665147387662354
HUMAN_OBSERVATION,Brazil,717.3220825195312,6510839751.0,ICMBio,-15.236842,-45.831667,1180,23.100000381469727,2017.0,occurrence,0.8277407823165368,-0.886184295240584
HUMAN_OBSERVATION,Brazil,775.3643188476562,6510983269.0,ICMBio,-15.279496,-45.817128,1196,22.899999618530277,2017.0,occurrence,0.759882626865313,-0.8507717943601875
HUMAN_OBSERVATION,Brazil,882.6465454101562,6510371385.0,ICMBio,-22.889167,-48.497778,1334,18.700000762939453,2017.0,occurrence,0.07376726394694198,-0.5359121646167898
HUMAN_OBSERVATION,Brazil,60.6533317565918,6510428972.0,ICMBio,-22.904444,-43.229167,1277,23.100000381469727,2017.0,occurrence,1.3187265416575928,-0.8472968004475221
MACHINE_OBSERVATION,Colombia,1705.167724609375,3118570385.0,Asociación Colombiana de Zoología (ACZ),4.74853,-76.2037,2109,18.600000381469727,2017.0,occurrence,-0.3282909374645742,0.6423061645737075
MACHINE_OBSERVATION,Colombia,1753.5537109375,2235630888.0,Parques Nacionales Naturales de Colombia (PNN),1.638889,-76.101472,2175,18.200000762939453,2017.0,occurrence,-0.4072777952731159,0.7499150536381457
MACHINE_OBSERVATION,Ecuador,2845.447265625,3051892491.0,,-1.224,-78.46963,719,12.0,2017.0,occurrence,-2.5056341649032836,-0.9188090370306523
MACHINE_OBSERVATION,Ecuador,2372.52099609375,3051960138.0,,-4.11821,-79.18728,1155,15.699999809265137,2017.0,occurrence,-1.4905097772152185,-0.4886774962953771
HUMAN_OBSERVATION,Brazil,8.30341625213623,6510295539.0,ICMBio,-28.873333,-49.463611,1298,19.200000762939453,2017.0,occurrence,0.7622450617471339,-0.7229004230629833
HUMAN_OBSERVATION,Brazil,152.4322052001953,6510691480.0,ICMBio,-5.67347,-50.312519,1908,26.100000381469727,2017.0,occurrence,1.8750109345474042,-0.05187611639082799
HUMAN_OBSERVATION,Brazil,1041.480224609375,6510782302.0,ICMBio,-23.874722,-51.170833,1550,17.399999618530273,2017.0,occurrence,-0.183679784553993,-0.1839097273778805
MACHINE_OBSERVATION,Colombia,3003.328857421875,3864795808.0,Corporación Autónoma Regional de Cundinamarca (CAR),4.91361,-73.72761,1541,11.399999618530272,2017.0,occurrence,-2.5005742648725477,0.24210762091287305
HUMAN_OBSERVATION,Brazil,885.4865112304688,6511306350.0,ICMBio,-29.418889,-50.399167,2090,15.100000381469728,2017.0,occurrence,-0.28865882947657545,0.5921470467829542
HUMAN_OBSERVATION,Colombia,3362.373779296875,1839300608.0,CPR,4.090194,-75.710278,1385,9.399999618530272,2017.0,occurrence,-3.102429110123187,0.1331474816847251
MACHINE_OBSERVATION,Colombia,3069.3388671875,2464443593.0,Corporación Autonoma regional de Cundinamarca (CAR),4.8995,-73.7399,1540,11.300000190734863,2017.0,occurrence,-2.5630599683751494,0.25279429568046596
MACHINE_OBSERVATION,Colombia,1992.555908203125,3118570374.0,Asociación Colombiana de Zoología (ACZ),4.82067,-76.15948,2736,17.5,2017.0,occurrence,-0.5416423180700642,1.568609084643562
MACHINE_OBSERVATION,Colombia,3069.3388671875,3864795701.0,Corporación Autónoma Regional de Cundinamarca (CAR),4.90114,-73.73983,1540,11.300000190734863,2017.0,occurrence,-2.5630599683751494,0.25279429568046596
HUMAN_OBSERVATION,Brazil,1271.4141845703125,6511026726.0,ICMBio,-19.223621,-43.494571,1605,17.899999618530273,2017.0,occurrence,-0.2561495742577102,-0.08926171131073453
MACHINE_OBSERVATION,Colombia,1898.96826171875,3118570330.0,Asociación Colombiana de Zoología (ACZ),4.78004,-76.16058,2364,18.0,2017.0,occurrence,-0.49312255374968544,1.0340317209379024
HUMAN_OBSERVATION,Brazil,518.30908203125,6510093143.0,ICMBio,-9.28947,-39.60064,482,23.200000762939453,2017.0,occurrence,0.8066687857536166,-1.870396794086164
HUMAN_OBSERVATION,Brazil,470.2505187988281,6510152389.0,ICMBio,-9.22604,-39.6484,496,23.5,2017.0,occurrence,0.890436043765016,-1.8660633680952692
HUMAN_OBSERVATION,Brazil,558.8590087890625,6510197169.0,ICMBio,-9.32195,-39.63377,490,22.899999618530277,2017.0,occurrence,0.7338352292615554,-1.8457564203897936
HUMAN_OBSERVATION,Brazil,370.2081604003906,6510243978.0,ICMBio,-9.22153,-39.85632,496,24.299999237060547,2017.0,occurrence,1.0843457316211635,-1.901484612740305
HUMAN_OBSERVATION,Brazil,391.2001953125,6510285523.0,ICMBio,-9.17292,-39.79193,500,24.200000762939453,2017.0,occurrence,1.05509960801297,-1.8903850948245564
HUMAN_OBSERVATION,Brazil,462.1432495117188,6510323901.0,ICMBio,-9.12917,-39.64433,506,23.700000762939453,2017.0,occurrence,0.9294574656369005,-1.8588536510422944
HUMAN_OBSERVATION,Brazil,542.849365234375,6510386227.0,ICMBio,-9.33462,-39.6223,480,23.0,2017.0,occurrence,0.7580158713807369,-1.8643397296056399
HUMAN_OBSERVATION,Brazil,426.8963623046875,6510426354.0,ICMBio,-9.19223,-39.73272,511,23.899999618530277,2017.0,occurrence,0.9864765388921456,-1.8623395264901075
HUMAN_OBSERVATION,Brazil,509.936767578125,6510480070.0,ICMBio,-9.31393,-39.60699,478,23.200000762939453,2017.0,occurrence,0.8115951671732932,-1.8770523881067784
HUMAN_OBSERVATION,Brazil,364.605224609375,6510605389.0,ICMBio,-9.19192,-39.88634,489,24.399999618530277,2017.0,occurrence,1.1019007687555467,-1.9144880435238385
HUMAN_OBSERVATION,Brazil,509.198974609375,6510612629.0,ICMBio,-9.11315,-39.64102,508,23.299999237060547,2017.0,occurrence,0.8351173259025195,-1.8388343173418635
HUMAN_OBSERVATION,Brazil,465.080078125,6510626222.0,ICMBio,-9.13169,-39.65699,508,23.700000762939453,2017.0,occurrence,0.9278813932417902,-1.8557038888584931
HUMAN_OBSERVATION,Brazil,430.69580078125,6510740308.0,ICMBio,-9.21921,-39.74106,507,23.899999618530277,2017.0,occurrence,0.9827600501882342,-1.867260592142387
HUMAN_OBSERVATION,Brazil,642.847412109375,6510768453.0,ICMBio,-9.26924,-39.66659,495,23.299999237060547,2017.0,occurrence,0.7369063275684639,-1.8375419593906048
HUMAN_OBSERVATION,Brazil,528.967529296875,6510824883.0,ICMBio,-9.26733,-39.61534,490,23.100000381469727,2017.0,occurrence,0.7857786006685453,-1.8553073050751308
HUMAN_OBSERVATION,Brazil,520.2697143554688,6510851016.0,ICMBio,-9.30019,-39.61858,483,23.200000762939453,2017.0,occurrence,0.805531237335185,-1.8687517697601848
HUMAN_OBSERVATION,Brazil,572.9669189453125,6510966643.0,ICMBio,-9.11935,-39.65161,513,23.0,2017.0,occurrence,0.745033555518997,-1.814982201172955
HUMAN_OBSERVATION,Brazil,367.25482177734375,6510972336.0,ICMBio,-9.20488,-39.86016,493,24.399999618530277,2017.0,occurrence,1.1010379517653601,-1.9086479619057848
HUMAN_OBSERVATION,Brazil,610.0755615234375,6510982057.0,ICMBio,-9.10936,-39.62773,517,22.899999618530277,2017.0,occurrence,0.7043431220065902,-1.8015859452642693
HUMAN_OBSERVATION,Brazil,493.6072998046875,6511179522.0,ICMBio,-9.33599,-39.58805,466,23.299999237060547,2017.0,occurrence,0.8354933166197483,-1.8984124744002682
HUMAN_OBSERVATION,Brazil,1038.0313720703125,6510573203.0,ICMBio,-29.071739,-50.001908,1852,14.699999809265137,2016.0,occurrence,-0.5190200390474423,0.2994488798826241
HUMAN_OBSERVATION,Brazil,855.091552734375,6510914409.0,ICMBio,-19.884444,-44.197778,1364,21.200000762939453,2016.0,occurrence,0.48494827798821016,-0.5650100684357663
HUMAN_OBSERVATION,Brazil,12.243703842163086,6511318568.0,ICMBio,-29.864167,-51.366389,1394,19.600000381469727,2016.0,occurrence,0.8453295244141675,-0.6018212422321335
MACHINE_OBSERVATION,Ecuador,1016.4547119140624,3051902571.0,,-4.43701,-78.77581,2094,22.0,2016.0,occurrence,0.679134392735965,0.4337268043095872
MACHINE_OBSERVATION,Colombia,3394.6533203125,3118568367.0,Asociación Colombiana de Zoología (ACZ),4.61181,-73.74103,1585,8.800000190734863,2016.0,occurrence,-3.166574119638636,0.426746152479169
HUMAN_OBSERVATION,French Guiana,118.77960968017578,3492157672.0,,3.74167,-52.13263,3135,25.5,2016.0,occurrence,2.119207767498858,1.6348244406420733
HUMAN_OBSERVATION,Brazil,900.0169067382812,6510794037.0,ICMBio,-29.072356,-49.961364,1836,14.699999809265137,2016.0,occurrence,-0.42509366790374403,0.25793120164475736
HUMAN_OBSERVATION,Brazil,178.96649169921875,6511101580.0,ICMBio,-5.63,-50.48,1908,25.899999618530277,2016.0,occurrence,1.8254514254474585,-0.04280364648422106
MACHINE_OBSERVATION,Colombia,1473.7587890625,3118571276.0,Asociación Colombiana de Zoología (ACZ),4.51738,-73.44429,4933,19.700000762939453,2016.0,occurrence,0.7241067548146132,4.436754443984631
HUMAN_OBSERVATION,Brazil,981.0755615234376,6510617872.0,ICMBio,-23.433889,-46.628889,1448,16.799999237060547,2016.0,occurrence,-0.2589162927757856,-0.3159378665063657
MACHINE_OBSERVATION,Colombia,2301.9560546875,2237831170.0,Parques Nacionales Naturales de Colombia (PNN),5.091583,-76.032806,2818,14.699999809265137,2016.0,occurrence,-1.1705111411364957,1.7987580302157005
MACHINE_OBSERVATION,Colombia,234.95433044433597,3118580943.0,Asociación Colombiana de Zoología (ACZ),1.41939,-75.68,3521,25.799999237060547,2016.0,occurrence,2.181086563719743,2.1705745518882913
HUMAN_OBSERVATION,Brazil,786.7547607421875,6510228209.0,ICMBio,-23.993056,-46.736111,2589,17.0,2016.0,occurrence,0.2003396150443363,1.2092581446700799
MACHINE_OBSERVATION,Colombia,2827.030517578125,1657216727.0,ProCAT,4.81822,-74.02561,860,13.800000190734863,2016.0,occurrence,-2.1801889703505797,-0.7765010754953178
MACHINE_OBSERVATION,Colombia,2952.04345703125,1657216760.0,ProCAT,4.79882,-74.01258,867,12.0,2016.0,occurrence,-2.5436374228242453,-0.7015060232723928
MACHINE_OBSERVATION,Colombia,2429.4521484375,2237830819.0,Parques Nacionales Naturales de Colombia (PNN),4.9375,-76.091389,2708,13.800000190734863,2016.0,occurrence,-1.4272856007550696,1.6905183467603861
MACHINE_OBSERVATION,Colombia,2308.651611328125,2237830835.0,Parques Nacionales Naturales de Colombia (PNN),5.065083,-76.045361,2790,14.199999809265137,2016.0,occurrence,-1.259190761887273,1.7747026527490053
MACHINE_OBSERVATION,Colombia,1972.69775390625,2237830935.0,Parques Nacionales Naturales de Colombia (PNN),5.193444,-76.046278,2607,16.799999237060547,2016.0,occurrence,-0.6679045444130147,1.4081327192088222
MACHINE_OBSERVATION,Colombia,1508.628173828125,2237831101.0,Parques Nacionales Naturales de Colombia (PNN),5.22925,-76.101028,2635,19.100000381469727,2016.0,occurrence,0.02200786507702704,1.3193894809439424
MACHINE_OBSERVATION,Colombia,2424.813232421875,2237831364.0,Parques Nacionales Naturales de Colombia (PNN),4.972833,-76.078694,3026,15.300000190734863,2016.0,occurrence,-1.1126278076294738,2.084442240089665
MACHINE_OBSERVATION,Colombia,1581.928466796875,2237831595.0,Parques Nacionales Naturales de Colombia (PNN),5.299806,-76.163194,2950,19.399999618530277,2016.0,occurrence,0.09625064228167013,1.752070380638522
MACHINE_OBSERVATION,Colombia,2430.492431640625,2237831750.0,Parques Nacionales Naturales de Colombia (PNN),4.947417,-76.086,2992,15.199999809265137,2016.0,occurrence,-1.1406776319672725,2.0414658895675206
MACHINE_OBSERVATION,Colombia,3378.60009765625,3118567222.0,Asociación Colombiana de Zoología (ACZ),4.50261,-73.75508,1654,9.199999809265137,2016.0,occurrence,-3.0761682840921036,0.508104279172102
MACHINE_OBSERVATION,Colombia,3378.60009765625,3118570764.0,Asociación Colombiana de Zoología (ACZ),4.50189,-73.75522,1654,9.199999809265137,2016.0,occurrence,-3.0761682840921036,0.508104279172102
MACHINE_OBSERVATION,Colombia,254.8997802734375,3118576783.0,Asociación Colombiana de Zoología (ACZ),1.40131,-75.69648,3521,25.600000381469727,2016.0,occurrence,2.1362059226224024,2.1787080331068625
MACHINE_OBSERVATION,Colombia,245.8317108154297,3118584754.0,Asociación Colombiana de Zoología (ACZ),1.49172,-75.66,3571,25.899999618530277,2016.0,occurrence,2.2014543514825284,2.237760297314361
MACHINE_OBSERVATION,Colombia,2989.22119140625,1657216725.0,ProCAT,4.789222,-74.002222,962,11.600000381469728,2016.0,occurrence,-2.6072807305223615,-0.5558912173433338
MACHINE_OBSERVATION,Colombia,2729.48974609375,1657216733.0,ProCAT,4.80113,-73.98105,839,12.699999809265137,2016.0,occurrence,-2.285224475724545,-0.7899776080074962
MACHINE_OBSERVATION,Colombia,2818.824462890625,1657216739.0,ProCAT,4.79384,-73.98954,841,12.600000381469728,2016.0,occurrence,-2.363508545980217,-0.7718701830513878
MACHINE_OBSERVATION,Colombia,1686.5296630859375,2237831223.0,Parques Nacionales Naturales de Colombia (PNN),5.2155,-76.07475,2648,18.200000762939453,2016.0,occurrence,-0.2392363550806215,1.386304735755087
MACHINE_OBSERVATION,Colombia,2292.6357421875,2237831417.0,Parques Nacionales Naturales de Colombia (PNN),5.111806,-76.013694,2784,15.100000381469728,2016.0,occurrence,-1.111114948034273,1.740416165267036
MACHINE_OBSERVATION,Colombia,3287.406982421875,3118567151.0,Asociación Colombiana de Zoología (ACZ),4.65717,-73.82328,1453,9.5,2016.0,occurrence,-3.0165217357620104,0.2126813146123249
MACHINE_OBSERVATION,Colombia,1473.7587890625,3118569508.0,Asociación Colombiana de Zoología (ACZ),4.51478,-73.44617,4933,19.700000762939453,2016.0,occurrence,0.7241067548146132,4.436754443984631
HUMAN_OBSERVATION,Brazil,937.3162841796876,6510482336.0,ICMBio,-14.768056,-40.7125,684,19.600000381469727,2016.0,occurrence,0.007656420250703482,-1.4395884964075576
HUMAN_OBSERVATION,Brazil,684.9420166015625,6510573280.0,ICMBio,-13.217222,-40.028611,731,20.600000381469727,2016.0,occurrence,0.3524200270800229,-1.4378245231905726
HUMAN_OBSERVATION,Brazil,560.0098266601562,6510590260.0,ICMBio,-13.318611,-40.016944,703,21.0,2016.0,occurrence,0.49543719556305194,-1.5044478107893033
HUMAN_OBSERVATION,Brazil,889.8809814453125,6510824716.0,ICMBio,-15.259719,-41.1175,834,20.700000762939453,2016.0,occurrence,0.24848576316603993,-1.27060599152822
HUMAN_OBSERVATION,Brazil,508.94140625,6511159273.0,ICMBio,-21.137778,-48.972778,1303,22.700000762939453,2016.0,occurrence,0.9455928078328085,-0.7373251271786702
MACHINE_OBSERVATION,Colombia,2494.148681640625,1563453431.0,Instituto de Recursos Biológicos Alexander von Humboldt (IAvH),6.08862,-73.810767,2093,14.199999809265137,2016.0,occurrence,-1.5683985713592075,0.8492957657057308
MACHINE_OBSERVATION,Colombia,2678.98828125,1563454679.0,Instituto de Recursos Biológicos Alexander von Humboldt (IAvH),6.05639,-73.794722,1925,13.300000190734863,2016.0,occurrence,-1.880660958444386,0.6700215000360996
MACHINE_OBSERVATION,Colombia,1997.046142578125,2237831146.0,Parques Nacionales Naturales de Colombia (PNN),5.264528,-76.113194,2883,16.899999618530273,2016.0,occurrence,-0.5995513830351603,1.7858695258963426
MACHINE_OBSERVATION,Colombia,2376.556640625,3118566479.0,Asociación Colombiana de Zoología (ACZ),4.75425,-76.2901,3161,15.699999809265137,2016.0,occurrence,-0.9825482563993359,2.2513425338555515
MACHINE_OBSERVATION,Colombia,1025.7938232421875,3712317208.0,Central Hidroelectrica de Caldas S.A. E.S.P. (CHEC),5.052483,-75.731886,2089,23.0,2016.0,occurrence,0.824819819605652,0.401773555325566
MACHINE_OBSERVATION,Colombia,2783.2421875,1563453068.0,Instituto de Recursos Biológicos Alexander von Humboldt (IAvH),6.04972,-73.7925,1880,13.0,2016.0,occurrence,-2.012225467765584,0.631361789725802
MACHINE_OBSERVATION,Colombia,2523.56201171875,1563453290.0,Instituto de Recursos Biológicos Alexander von Humboldt (IAvH),6.06972,-73.800556,2047,14.100000381469728,2016.0,occurrence,-1.6163570823077025,0.7933141009930841
HUMAN_OBSERVATION,Brazil,928.0463256835938,6510425017.0,ICMBio,-25.064142,-49.962731,1537,17.5,2016.0,occurrence,-0.09108446180999252,-0.2204732985812989
MACHINE_OBSERVATION,Colombia,253.46514892578125,3118576905.0,Asociación Colombiana de Zoología (ACZ),1.45572,-75.71406,3549,25.700000762939453,2016.0,occurrence,2.1597138833008165,2.21409549969525
HUMAN_OBSERVATION,Brazil,1181.000244140625,6510470944.0,ICMBio,-24.585907,-49.9054769,1551,16.0,2015.0,occurrence,-0.4975211151712412,-0.1256235152682365
HUMAN_OBSERVATION,Brazil,11.078781127929688,6510993888.0,ICMBio,-29.950686,-51.590617,1360,19.600000381469727,2015.0,occurrence,0.8374986210832621,-0.6484185188980537
HUMAN_OBSERVATION,Brazil,895.9442138671875,6511095430.0,ICMBio,-26.293889,-53.247219,2032,16.700000762939453,2015.0,occurrence,-0.06510996620700722,0.4721014443308294
HUMAN_OBSERVATION,Brazil,1088.708251953125,6511243200.0,ICMBio,-24.5767208,-49.921378,1507,16.600000381469727,2015.0,occurrence,-0.3510372149529764,-0.2147366577379076
HUMAN_OBSERVATION,Colombia,2589.7421875,3770884309.0,Empresas Públicas de Medellín E.S.P. (EPM),5.952481,-75.338841,2445,14.600000381469728,2015.0,occurrence,-1.4852044141131189,1.3330360593118022
MACHINE_OBSERVATION,Colombia,2391.496337890625,3818554880.0,Empresas Públicas de Medellín E.S.P. (EPM),6.70254,-75.74232,2026,16.100000381469727,2015.0,occurrence,-1.2207477452629678,0.6929040527661634
HUMAN_OBSERVATION,Colombia,2923.869384765625,1944887425.0,Universidad de Caldas (UCALDAS),4.469028,-75.495361,1650,10.399999618530272,2015.0,occurrence,-2.5699853428725294,0.4060934710961815
MACHINE_OBSERVATION,Colombia,3106.480224609375,3818553448.0,Empresas Públicas de Medellín E.S.P. (EPM),6.80884,-75.73073,3244,10.399999618530272,2015.0,occurrence,-2.2937414325804264,2.6089235096278385
MACHINE_OBSERVATION,Colombia,2285.69775390625,3818554664.0,Empresas Públicas de Medellín E.S.P. (EPM),6.92344,-75.70573,2314,16.799999237060547,2015.0,occurrence,-0.9647706833280926,1.0526082991295391
HUMAN_OBSERVATION,Brazil,932.4172973632812,6511037302.0,ICMBio,-29.212706,-50.135532,1929,15.0,2015.0,occurrence,-0.378340918892691,0.3816147790728539
MACHINE_OBSERVATION,Colombia,2373.9140625,3818553416.0,Empresas Públicas de Medellín E.S.P. (EPM),6.85284,-75.74781,2229,16.100000381469727,2015.0,occurrence,-1.1565691201588957,0.9676204958514684
MACHINE_OBSERVATION,Colombia,2761.818359375,3818553497.0,Empresas Públicas de Medellín E.S.P. (EPM),6.86902,-75.65838,2742,13.5,2015.0,occurrence,-1.7007098722432055,1.7922500655300428
MACHINE_OBSERVATION,Colombia,2704.970703125,3818553550.0,Empresas Públicas de Medellín E.S.P. (EPM),6.78834,-75.62841,2939,13.0,2015.0,occurrence,-1.6869728157688098,2.0664052582252594
MACHINE_OBSERVATION,Colombia,2857.371826171875,3818553765.0,Empresas Públicas de Medellín E.S.P. (EPM),6.77428,-75.68284,3230,12.199999809265137,2015.0,occurrence,-1.8439583153058843,2.506684929146012
MACHINE_OBSERVATION,Colombia,2807.056884765625,3818554184.0,Empresas Públicas de Medellín E.S.P. (EPM),6.72763,-75.6674,2980,12.600000381469728,2015.0,occurrence,-1.8104571360970516,2.1475260217476584
MACHINE_OBSERVATION,Colombia,2881.463134765625,3818554254.0,Empresas Públicas de Medellín E.S.P. (EPM),6.85087,-75.69736,3334,11.800000190734863,2015.0,occurrence,-1.8960174190346597,2.662725492107079
MACHINE_OBSERVATION,Colombia,3088.67041015625,3818554872.0,Empresas Públicas de Medellín E.S.P. (EPM),6.68596,-75.68824,3141,11.0,2015.0,occurrence,-2.215169869708232,2.4498524955348024
MACHINE_OBSERVATION,Colombia,2018.7843017578125,3818556109.0,Empresas Públicas de Medellín E.S.P. (EPM),6.86944,-75.74997,2049,17.899999618530273,2015.0,occurrence,-0.673774756948979,0.6235795819034199
HUMAN_OBSERVATION,Brazil,967.526123046875,6510406747.0,ICMBio,-29.137811,-50.129717,1900,15.0,2015.0,occurrence,-0.4106556937580859,0.3470147991668988
HUMAN_OBSERVATION,Brazil,1164.16015625,6510463666.0,ICMBio,-24.5799999,-49.9177448,1533,16.299999237060547,2015.0,occurrence,-0.44407013631561637,-0.16054133800023648
HUMAN_OBSERVATION,Brazil,742.106201171875,6510549739.0,ICMBio,-20.6602263,-41.0061052,1274,19.799999237060547,2015.0,occurrence,0.3272315531664331,-0.6669788613550552
HUMAN_OBSERVATION,Brazil,1088.708251953125,6510821783.0,ICMBio,-24.5759938,-49.9233091,1507,16.600000381469727,2015.0,occurrence,-0.3510372149529764,-0.2147366577379076
MACHINE_OBSERVATION,Colombia,2803.516357421875,3818553453.0,Empresas Públicas de Medellín E.S.P. (EPM),6.82969,-75.67495,3137,12.600000381469728,2015.0,occurrence,-1.7679631023093372,2.3614246986079968
MACHINE_OBSERVATION,Colombia,1970.808349609375,3818554736.0,Empresas Públicas de Medellín E.S.P. (EPM),6.90115,-75.72759,2148,18.100000381469727,2015.0,occurrence,-0.5837797225468773,0.7466485136483704
MACHINE_OBSERVATION,Colombia,2872.7939453125,3818554745.0,Empresas Públicas de Medellín E.S.P. (EPM),6.82433,-75.74115,3218,12.0,2015.0,occurrence,-1.8886829895596078,2.49778633398471
MACHINE_OBSERVATION,Colombia,2792.58544921875,3818554860.0,Empresas Públicas de Medellín E.S.P. (EPM),6.64759,-75.68348,3036,11.800000190734863,2015.0,occurrence,-1.908793090413401,2.2431036049617856
MACHINE_OBSERVATION,Colombia,2856.75830078125,3818555721.0,Empresas Públicas de Medellín E.S.P. (EPM),6.64464,-75.70594,2879,12.399999618530272,2015.0,occurrence,-1.902186680287206,2.021971725019175
MACHINE_OBSERVATION,Colombia,2309.623046875,3818556017.0,Empresas Públicas de Medellín E.S.P. (EPM),6.99071,-75.96796,2408,16.200000762939453,2015.0,occurrence,-1.0499762545882763,1.2002601150607244
HUMAN_OBSERVATION,Brazil,990.5926513671876,6510552143.0,ICMBio,-29.147031,-50.117725,1905,14.800000190734863,2015.0,occurrence,-0.45647943629287724,0.3624212009875294
HUMAN_OBSERVATION,Brazil,738.4198608398438,6510711747.0,ICMBio,-27.0680717,-49.2003226,1651,16.5,2015.0,occurrence,-0.08099535013385446,-0.0653586017530155
MACHINE_OBSERVATION,Colombia,2730.66748046875,3818555331.0,Empresas Públicas de Medellín E.S.P. (EPM),7.07859,-75.94214,2769,14.600000381469728,2015.0,occurrence,-1.5027656116298953,1.7955812249438527
MACHINE_OBSERVATION,Colombia,1733.4029541015625,3818556072.0,Empresas Públicas de Medellín E.S.P. (EPM),6.99179,-75.87234,2267,20.5,2015.0,occurrence,-0.016284223344006477,0.811832289867564
HUMAN_OBSERVATION,Brazil,2.1722841262817383,6510338097.0,ICMBio,-28.585864,-48.969225,1405,19.899999618530277,2015.0,occurrence,0.9013590731193781,-0.5961713578530957
MACHINE_OBSERVATION,Colombia,1500.0933837890625,3118572226.0,Asociación Colombiana de Zoología (ACZ),4.58803,-75.7,2349,19.399999618530277,2015.0,occurrence,0.0013153530835565137,0.9196675416594147
MACHINE_OBSERVATION,Colombia,1943.4205322265625,3118572291.0,Asociación Colombiana de Zoología (ACZ),4.58133,-75.58871,2348,17.299999237060547,2015.0,occurrence,-0.6362746649627823,1.0370355657520478
MACHINE_OBSERVATION,Colombia,1960.5692138671875,3818553925.0,Empresas Públicas de Medellín E.S.P. (EPM),6.98064,-75.85798,2244,18.5,2015.0,occurrence,-0.49062679110664054,0.8657070642414537
MACHINE_OBSERVATION,Colombia,2716.974609375,3818554322.0,Empresas Públicas de Medellín E.S.P. (EPM),6.77264,-75.61849,2715,13.199999809265137,2015.0,occurrence,-1.7218200150609375,1.7569245435432428
HUMAN_OBSERVATION,Brazil,1088.708251953125,6510167167.0,ICMBio,-24.5774878,-49.9225961,1507,16.600000381469727,2015.0,occurrence,-0.3510372149529764,-0.2147366577379076
HUMAN_OBSERVATION,Brazil,690.2593994140625,6510825618.0,ICMBio,-5.172623,-40.917662,974,23.0,2015.0,occurrence,0.779140449697959,-1.1687141095496665
MACHINE_OBSERVATION,Ecuador,3032.4912109375,3051899211.0,,-0.43052,-78.02993,1308,13.199999809265137,2015.0,occurrence,-2.3041528077871334,-0.11954815671945666
MACHINE_OBSERVATION,Ecuador,3032.4912109375,3051914424.0,,-0.42602,-78.02797,1308,13.199999809265137,2015.0,occurrence,-2.3041528077871334,-0.11954815671945666
MACHINE_OBSERVATION,Colombia,1695.5020751953125,3118571462.0,Asociación Colombiana de Zoología (ACZ),4.67536,-75.67851,2633,18.399999618530277,2015.0,occurrence,-0.21870933916387753,1.361807793302919
MACHINE_OBSERVATION,Colombia,817.9873046875,3118572199.0,Asociación Colombiana de Zoología (ACZ),5.45106,-75.58871,2388,24.200000762939453,2015.0,occurrence,1.232826787631799,0.7487350602819102
MACHINE_OBSERVATION,Colombia,2257.15625,3818553669.0,Empresas Públicas de Medellín E.S.P. (EPM),6.80306,-75.78426,2140,16.299999237060547,2015.0,occurrence,-1.0656081559988164,0.8241501493298059
HUMAN_OBSERVATION,Brazil,1088.708251953125,6511048836.0,ICMBio,-24.5768028,-49.9266114,1507,16.600000381469727,2015.0,occurrence,-0.3510372149529764,-0.2147366577379076
MACHINE_OBSERVATION,Colombia,3845.851318359375,2237831683.0,Parques Nacionales Naturales de Colombia (PNN),4.983208,-75.337659,2236,5.800000190734863,2015.0,occurrence,-3.781952568104066,1.4594340686681453
MACHINE_OBSERVATION,Colombia,2191.360107421875,3118571648.0,Asociación Colombiana de Zoología (ACZ),4.81033,-75.57241,2691,15.5,2015.0,occurrence,-1.0014479577988806,1.5883983775749886
MACHINE_OBSERVATION,Colombia,2176.88037109375,3118572305.0,Asociación Colombiana de Zoología (ACZ),4.54581,-75.58871,2109,15.300000190734863,2015.0,occurrence,-1.170090323637981,0.7968320502333329
HUMAN_OBSERVATION,Brazil,305.9105529785156,6510386867.0,ICMBio,-5.13801,-40.8625,775,25.799999237060547,2015.0,occurrence,1.4314343969758,-1.5693217435336912
HUMAN_OBSERVATION,Brazil,347.6666259765625,6510716914.0,ICMBio,-5.14383,-40.87671,789,25.600000381469727,2015.0,occurrence,1.374631649605742,-1.5389613942541898
MACHINE_OBSERVATION,Ecuador,355.4888000488281,3051891250.0,,0.62043,-79.18751,2615,24.100000381469727,2015.0,occurrence,1.6036822839025446,0.9954696051286382
MACHINE_OBSERVATION,Colombia,1264.59326171875,3118571638.0,Asociación Colombiana de Zoología (ACZ),4.70875,-75.75038,1932,21.700000762939453,2015.0,occurrence,0.41560698653811023,0.25579306980502586
MACHINE_OBSERVATION,Colombia,1906.26416015625,3118571647.0,Asociación Colombiana de Zoología (ACZ),4.80756,-75.60769,2669,17.299999237060547,2015.0,occurrence,-0.5281482877784067,1.470106433492771
MACHINE_OBSERVATION,Colombia,1755.334716796875,3118571665.0,Asociación Colombiana de Zoología (ACZ),4.69481,-75.66,2657,18.299999237060547,2015.0,occurrence,-0.2704425475462729,1.4057548308906753
HUMAN_OBSERVATION,Brazil,600.1444091796875,6511282902.0,ICMBio,-22.604092,-47.218144,1278,20.100000381469727,2015.0,occurrence,0.47513104078715535,-0.6896833651503234
HUMAN_OBSERVATION,Colombia,1508.9818115234375,1986456090.0,Fundación Ecológica Fedena (FEDENA),4.08799,-76.382263,1556,20.0,2015.0,occurrence,-0.11477910310839051,-0.1778805123340627
HUMAN_OBSERVATION,Colombia,1618.315673828125,1986456099.0,Fundación Ecológica Fedena (FEDENA),4.084229,-76.39735,1520,19.399999618530277,2015.0,occurrence,-0.2937359964821196,-0.19558887554039206
HUMAN_OBSERVATION,Colombia,1586.35302734375,1986456138.0,Fundación Ecológica Fedena (FEDENA),4.086247,-76.382782,1531,19.200000762939453,2015.0,occurrence,-0.29895679628392097,-0.17983064504074223
HUMAN_OBSERVATION,Colombia,2267.3544921875,1986456169.0,Fundación Ecológica Fedena (FEDENA),4.20356,-76.4236,1733,16.200000762939453,2015.0,occurrence,-1.1918508593346313,0.27243938688384034
HUMAN_OBSERVATION,Colombia,1916.396484375,1986456198.0,Fundación Ecológica Fedena (FEDENA),4.23017,-76.39789,1573,18.899999618530277,2015.0,occurrence,-0.5686946854003775,-0.06750489897828024
HUMAN_OBSERVATION,Colombia,1966.23193359375,1986456236.0,Fundación Ecológica Fedena (FEDENA),4.19576,-76.41473,1627,18.0,2015.0,occurrence,-0.728561644582021,0.03715103060462042
HUMAN_OBSERVATION,Colombia,1741.731201171875,1986456242.0,Fundación Ecológica Fedena (FEDENA),4.130926,-76.422501,1551,18.799999237060547,2015.0,occurrence,-0.46563041834802055,-0.11979362498266978
HUMAN_OBSERVATION,Colombia,2179.71923828125,1986456260.0,Fundación Ecológica Fedena (FEDENA),4.012796,-76.498199,1639,16.0,2015.0,occurrence,-1.1842783774297447,0.13687338931114582
HUMAN_OBSERVATION,Colombia,1696.2216796875,1986456273.0,Fundación Ecológica Fedena (FEDENA),4.173275,-76.398263,1554,19.399999618530277,2015.0,occurrence,-0.340397097597772,-0.13805565673853612
HUMAN_OBSERVATION,Colombia,1738.92626953125,1986456303.0,Fundación Ecológica Fedena (FEDENA),4.121359,-76.435459,1586,18.100000381469727,2015.0,occurrence,-0.5622388990762458,-0.05387728486802094
HUMAN_OBSERVATION,Colombia,1966.23193359375,1986456315.0,Fundación Ecológica Fedena (FEDENA),4.20148,-76.41657,1627,18.0,2015.0,occurrence,-0.728561644582021,0.03715103060462042
HUMAN_OBSERVATION,Colombia,2073.146240234375,1986456338.0,Fundación Ecológica Fedena (FEDENA),4.02402,-76.479,1588,17.399999618530273,2015.0,occurrence,-0.9065644183069621,0.015000993296858769
HUMAN_OBSERVATION,Colombia,1725.99267578125,3874291930.0,Empresas Públicas de Medellín E.S.P. (EPM),6.138444,-75.620917,1911,20.200000762939453,2015.0,occurrence,-0.14775455561488443,0.3325503581056669
HUMAN_OBSERVATION,Colombia,2541.57666015625,1944885957.0,Universidad de Caldas (UCALDAS),4.45175,-75.480528,1652,13.600000381469728,2014.0,occurrence,-1.8065305290392815,0.2696871524913405
HUMAN_OBSERVATION,Brazil,0.5120790004730225,6510183424.0,ICMBio,-31.788222,-52.387192,1377,18.0,2014.0,occurrence,0.6035865213698367,-0.5843790985329528
HUMAN_OBSERVATION,Brazil,1191.247314453125,6510511214.0,ICMBio,-23.261,-46.946999,1417,16.200000762939453,2014.0,occurrence,-0.508202215190828,-0.31244830895708214
HUMAN_OBSERVATION,Brazil,786.6759033203125,6510856358.0,ICMBio,-26.1705557,-50.1673306,1394,16.899999618530273,2014.0,occurrence,-0.1192697586564373,-0.42003006396994
HUMAN_OBSERVATION,Brazil,692.8549194335938,6511336607.0,ICMBio,-23.289233,-46.296775,1337,18.600000381469727,2014.0,occurrence,0.19393862504968903,-0.5562158213035427
HUMAN_OBSERVATION,Brazil,772.6229248046875,6510731299.0,ICMBio,-23.339206,-46.689664,1378,18.299999237060547,2014.0,occurrence,0.10166068800875516,-0.48092105431853466
HUMAN_OBSERVATION,Brazil,967.9439697265624,6510205998.0,ICMBio,-23.238001,-46.917999,1365,17.0,2014.0,occurrence,-0.24000963441909387,-0.43644731737326464
HUMAN_OBSERVATION,Brazil,558.0057373046875,6510438054.0,ICMBio,-27.096853,-52.774392,1963,19.399999618530277,2014.0,occurrence,0.5719744658413639,0.2582844276467111
HUMAN_OBSERVATION,Brazil,274.098876953125,6510683379.0,ICMBio,-21.937207,-42.71472,1352,22.5,2014.0,occurrence,1.0941085444354037,-0.6985843501156525
HUMAN_OBSERVATION,Brazil,763.9061279296875,6510996318.0,ICMBio,-27.135361,-52.595233,2033,18.5,2014.0,occurrence,0.3053639249400584,0.40703030776001825
HUMAN_OBSERVATION,Brazil,710.9051513671875,6511224146.0,ICMBio,-26.727292,-52.405347,2257,17.700000762939453,2014.0,occurrence,0.2771681569746188,0.7265423356335571
HUMAN_OBSERVATION,Brazil,805.1324462890625,6510447972.0,ICMBio,-26.219444,-50.305,1439,16.899999618530273,2014.0,occurrence,-0.1209160747591424,-0.35594677381874107
HUMAN_OBSERVATION,Brazil,1696.48876953125,6511000586.0,ICMBio,-22.48164,-43.04575,1897,12.5,2014.0,occurrence,-1.313013937530879,0.5129382719312228
HUMAN_OBSERVATION,Brazil,1315.849609375,6510389151.0,ICMBio,-17.948465,-43.795724,1399,19.0,2014.0,occurrence,-0.17121069806236955,-0.3933499333254264
HUMAN_OBSERVATION,Brazil,496.1144409179688,6510602974.0,ICMBio,-5.86014,-36.11705,538,23.0,2014.0,occurrence,0.8059708992723145,-1.7917933778261363
HUMAN_OBSERVATION,Brazil,583.80712890625,6510846622.0,ICMBio,-6.06515,-36.66398,602,23.5,2014.0,occurrence,0.8367950753046008,-1.7051247388042998
HUMAN_OBSERVATION,Brazil,1159.01953125,6511095792.0,ICMBio,-20.416667,-43.75,1521,18.399999618530277,2014.0,occurrence,-0.12093631478051067,-0.23321898642400538
HUMAN_OBSERVATION,Brazil,1220.48974609375,6511152849.0,ICMBio,-17.935875,-43.795867,1373,19.399999618530277,2014.0,occurrence,-0.04868283095848059,-0.45302778302840957
HUMAN_OBSERVATION,Brazil,39.00763702392578,6510064908.0,ICMBio,-22.427067,-42.038103,1118,22.899999618530277,2014.0,occurrence,1.2628891934628945,-1.0622246587085786
HUMAN_OBSERVATION,Brazil,471.0066223144531,6510179783.0,ICMBio,-6.11257,-36.3487,592,24.0,2014.0,occurrence,0.9911405932566483,-1.7480835561535646
HUMAN_OBSERVATION,Brazil,774.8516235351562,6510210482.0,ICMBio,-15.080894,-44.250928,994,22.799999237060547,2014.0,occurrence,0.6934483825203849,-1.124055616185886
HUMAN_OBSERVATION,Brazil,759.885009765625,6510223774.0,ICMBio,-15.135695,-44.277993,1007,22.799999237060547,2014.0,occurrence,0.7073862614066119,-1.1084352918591398
HUMAN_OBSERVATION,Brazil,748.734619140625,6510455189.0,ICMBio,-15.095726,-44.26406,997,23.0,2014.0,occurrence,0.7434755384522812,-1.128971744786616
HUMAN_OBSERVATION,Brazil,748.563720703125,6510561868.0,ICMBio,-15.122472,-44.306938,1014,22.899999618530277,2014.0,occurrence,0.73256685885208,-1.1031348548975546
HUMAN_OBSERVATION,Brazil,780.4983520507812,6510588663.0,ICMBio,-15.122389,-44.222712,990,22.799999237060547,2014.0,occurrence,0.6884201774202859,-1.1287134348764662
HUMAN_OBSERVATION,Brazil,696.6214599609375,6510617214.0,ICMBio,-15.095612,-44.278202,998,23.200000762939453,2014.0,occurrence,0.8114526417989545,-1.1403236910498327
HUMAN_OBSERVATION,Brazil,381.612548828125,6510639253.0,ICMBio,-6.15198,-37.95872,943,25.0,2014.0,occurrence,1.2975893533350364,-1.3079440086114666
HUMAN_OBSERVATION,Brazil,399.2632446289063,6510737554.0,ICMBio,-13.91325,-41.116639,615,23.899999618530277,2014.0,occurrence,1.032581714026752,-1.7242523060561832
HUMAN_OBSERVATION,Brazil,756.846923828125,6510922630.0,ICMBio,-15.135978,-44.265573,998,23.100000381469727,2014.0,occurrence,0.7533289088865485,-1.1290956887141954
HUMAN_OBSERVATION,Brazil,1052.241455078125,6510927420.0,ICMBio,-22.53946,-43.14716,1867,17.799999237060547,2014.0,occurrence,-0.04916114424336621,0.2399447231717269
HUMAN_OBSERVATION,Brazil,754.6006469726562,6511024015.0,ICMBio,-15.135583,-44.209022,986,23.0,2014.0,occurrence,0.7365090668303806,-1.14315769148759
HUMAN_OBSERVATION,Brazil,477.8671875,6511165549.0,ICMBio,-6.05315,-37.89883,980,24.700000762939453,2014.0,occurrence,1.1925863474771097,-1.2357623766324237
HUMAN_OBSERVATION,Brazil,268.9892578125,6510274367.0,ICMBio,-25.582986,-54.456023,1745,20.700000762939453,2014.0,occurrence,0.9213519024493967,-0.11500088283319038
HUMAN_OBSERVATION,Brazil,245.6127014160156,6510376962.0,ICMBio,-25.583612,-54.454388,1744,20.899999618530277,2014.0,occurrence,0.9684142404930909,-0.12498893742991181
HUMAN_OBSERVATION,Brazil,23.352149963378903,6510887486.0,ICMBio,-5.13071,-36.09182,612,26.0,2014.0,occurrence,1.6212826090841497,-1.8374757481031232
HUMAN_OBSERVATION,Brazil,83.76734161376953,6510936292.0,ICMBio,-5.48663,-37.68438,764,27.5,2014.0,occurrence,1.8474752023141419,-1.660975205984481
HUMAN_OBSERVATION,Brazil,245.6127014160156,6510941997.0,ICMBio,-25.583302,-54.454951,1744,20.899999618530277,2014.0,occurrence,0.9684142404930909,-0.12498893742991181
HUMAN_OBSERVATION,Brazil,692.8549194335938,6511284475.0,ICMBio,-23.288867,-46.297967,1337,18.600000381469727,2014.0,occurrence,0.19393862504968903,-0.5562158213035427
HUMAN_OBSERVATION,Colombia,2108.04931640625,1639428815.0,900425123-7,3.396753,-76.173442,1592,17.899999618530273,2014.0,occurrence,-0.8535345808758793,0.012209344888116
HUMAN_OBSERVATION,Brazil,1590.9188232421875,6510064586.0,ICMBio,-28.15396,-49.64029,1754,12.699999809265137,2014.0,occurrence,-1.2437481420490473,0.29731843851276296
HUMAN_OBSERVATION,Brazil,1515.828857421875,6510125946.0,ICMBio,-28.0901,-49.5032,1779,12.399999618530272,2014.0,occurrence,-1.2301393915262273,0.3286952283052521
HUMAN_OBSERVATION,Brazil,1645.38427734375,6510215616.0,ICMBio,-28.1159,-49.4856,1757,12.800000190734863,2014.0,occurrence,-1.2662997331676673,0.30653127358675103
HUMAN_OBSERVATION,Brazil,1536.4295654296875,6510230608.0,ICMBio,-28.15762,-49.64907,1750,12.800000190734863,2014.0,occurrence,-1.1907161500933716,0.2814453684297109
HUMAN_OBSERVATION,Brazil,1448.44140625,6510312478.0,ICMBio,-28.10757,-49.48559,1718,13.399999618530272,2014.0,occurrence,-1.0442326496247585,0.20933307341505328
HUMAN_OBSERVATION,Brazil,401.8567504882813,6510312848.0,ICMBio,-6.38276,-38.35698,889,24.899999618530277,2014.0,occurrence,1.2541042773610462,-1.3761572939706308
HUMAN_OBSERVATION,Brazil,1448.44140625,6510348548.0,ICMBio,-28.10497,-49.48784,1718,13.399999618530272,2014.0,occurrence,-1.0442326496247585,0.20933307341505328
HUMAN_OBSERVATION,Brazil,59.38545227050781,6510366371.0,ICMBio,-5.12341,-36.87946,648,26.799999237060547,2014.0,occurrence,1.7277356168845555,-1.8043430909084803
HUMAN_OBSERVATION,Brazil,1500.9676513671875,6510406079.0,ICMBio,-28.1161,-49.4949,1752,12.899999618530272,2014.0,occurrence,-1.149667267806967,0.2764775573517354
HUMAN_OBSERVATION,Brazil,453.9373168945313,6510584860.0,ICMBio,-22.5478,-43.17555,1897,21.200000762939453,2014.0,occurrence,0.9055265361334397,0.10570212655221246
HUMAN_OBSERVATION,Brazil,1498.19287109375,6510639812.0,ICMBio,-28.14376,-49.62001,1774,12.399999618530272,2014.0,occurrence,-1.2188897482818866,0.3193538946772133
HUMAN_OBSERVATION,Brazil,1363.3746337890625,6510703209.0,ICMBio,-28.0748,-49.5033,1730,13.199999809265137,2014.0,occurrence,-1.0114909787867412,0.2188893830371601
HUMAN_OBSERVATION,Brazil,1536.4295654296875,6510831165.0,ICMBio,-28.15574,-49.64466,1750,12.800000190734863,2014.0,occurrence,-1.1907161500933716,0.2814453684297109
HUMAN_OBSERVATION,Brazil,1590.9188232421875,6510852481.0,ICMBio,-28.16211,-49.63723,1754,12.699999809265137,2014.0,occurrence,-1.2437481420490473,0.29731843851276296
HUMAN_OBSERVATION,Brazil,1645.38427734375,6510911528.0,ICMBio,-28.11367,-49.48509,1757,12.800000190734863,2014.0,occurrence,-1.2662997331676673,0.30653127358675103
HUMAN_OBSERVATION,Brazil,1500.9676513671875,6511010651.0,ICMBio,-28.11427,-49.49557,1752,12.899999618530272,2014.0,occurrence,-1.149667267806967,0.2764775573517354
HUMAN_OBSERVATION,Brazil,49.48377990722656,6511337572.0,ICMBio,-5.10386,-36.89057,647,26.799999237060547,2014.0,occurrence,1.7345119075696358,-1.8071197483937427
HUMAN_OBSERVATION,Colombia,2540.0751953125,1639428772.0,900425123-7,3.869506,-76.12805,1198,14.300000190734863,2014.0,occurrence,-1.8135622231480575,-0.36904001541391707
HUMAN_OBSERVATION,Brazil,1101.233642578125,6510321041.0,ICMBio,-23.284,-46.987999,1383,16.600000381469727,2014.0,occurrence,-0.3915077474616399,-0.38228930757059854
HUMAN_OBSERVATION,Brazil,230.8980407714844,6510451380.0,ICMBio,-29.484333,-50.141444,1566,18.200000762939453,2014.0,occurrence,0.5188418958626791,-0.29873606572379663
HUMAN_OBSERVATION,Brazil,341.22930908203125,6511133782.0,ICMBio,-13.096867,-40.927503,708,23.700000762939453,2014.0,occurrence,1.0667547806687303,-1.6002280506451216
HUMAN_OBSERVATION,Brazil,1007.0909423828124,6511164975.0,ICMBio,-23.287001,-46.974998,1344,17.299999237060547,2014.0,occurrence,-0.22707767467994008,-0.4674836143108789
HUMAN_OBSERVATION,Brazil,814.6765747070312,6510224430.0,ICMBio,-23.218,-46.933998,1329,17.799999237060547,2014.0,occurrence,-0.017473509591895267,-0.5286158852460991
HUMAN_OBSERVATION,Brazil,1204.7998046875,6510350993.0,ICMBio,-23.271999,-46.958,1475,15.600000381469728,2014.0,occurrence,-0.5952099869853966,-0.21543713384331162
HUMAN_OBSERVATION,Brazil,1181.0537109375,6510487400.0,ICMBio,-23.254999,-46.993999,1442,15.899999618530272,2014.0,occurrence,-0.5406749631169305,-0.27182347665439993
HUMAN_OBSERVATION,Brazil,1007.6589965820312,6510793361.0,ICMBio,-23.23,-46.938999,1377,16.799999237060547,2014.0,occurrence,-0.2958726760137624,-0.4091090268717766
HUMAN_OBSERVATION,Brazil,1208.5709228515625,6510964798.0,ICMBio,-23.261,-46.969002,1472,15.600000381469728,2014.0,occurrence,-0.5986517164951526,-0.21899660967502732
HUMAN_OBSERVATION,Colombia,2701.45166015625,1639428802.0,900425123-7,3.58455,-76.043867,1625,13.0,2014.0,occurrence,-2.01908362676982,0.27147175417899644
HUMAN_OBSERVATION,Colombia,3434.10595703125,1639428816.0,900425123-7,3.546531,-76.0652,1990,8.100000381469727,2014.0,occurrence,-3.1989684746998743,1.0039658755267418
HUMAN_OBSERVATION,Brazil,301.25927734375,6510065616.0,ICMBio,-15.8965169,-52.2621119,1577,25.600000381469727,2014.0,occurrence,1.6082482955740416,-0.4694616809792304
HUMAN_OBSERVATION,Brazil,1144.8052978515625,6510612271.0,ICMBio,-20.242408,-41.301414,1380,18.0,2014.0,occurrence,-0.208184727535666,-0.41721540129373813
HUMAN_OBSERVATION,Brazil,94.14959716796876,6510796549.0,ICMBio,-5.990831,-35.459719,921,25.399999618530277,2014.0,occurrence,1.557543619235905,-1.3895348916209087
HUMAN_OBSERVATION,Brazil,12.082193374633787,6510468761.0,ICMBio,-29.733333,-51.35,1412,19.600000381469727,2013.0,occurrence,0.850027902265741,-0.5772629975691409
HUMAN_OBSERVATION,Brazil,263.6449890136719,6511238938.0,ICMBio,-25.546117,-54.340028,1762,20.600000381469727,2013.0,occurrence,0.9141167091902729,-0.0899012209920083
HUMAN_OBSERVATION,Brazil,217.2020721435547,6510762112.0,ICMBio,-25.517331,-54.283086,1770,20.399999618530277,2013.0,occurrence,0.9184137606398167,-0.08030331906794481
HUMAN_OBSERVATION,Brazil,611.290283203125,6511007438.0,ICMBio,-21.263781,-48.322678,1335,21.799999237060547,2013.0,occurrence,0.7428347372604908,-0.65522951551139
HUMAN_OBSERVATION,Colombia,3129.628173828125,1427477819.0,IAvH,5.868806,-73.128472,1123,10.300000190734863,2013.0,occurrence,-2.865649005698977,-0.2816240981698853
HUMAN_OBSERVATION,Brazil,820.6559448242188,6510149549.0,ICMBio,-23.338889,-46.396944,1372,17.799999237060547,2013.0,occurrence,-0.010769383439856214,-0.4690418983259581
HUMAN_OBSERVATION,Brazil,230.48464965820312,6510207181.0,ICMBio,-25.527291,-54.33248,1761,20.799999237060547,2013.0,occurrence,0.9681262770964483,-0.1012835077252196
HUMAN_OBSERVATION,Brazil,797.6168823242188,6510691362.0,ICMBio,-23.349167,-46.694722,1376,18.200000762939453,2013.0,occurrence,0.06804499732919751,-0.4774449983546566
HUMAN_OBSERVATION,Brazil,270.5285339355469,6510435773.0,ICMBio,-25.56077,-54.340504,1765,20.5,2013.0,occurrence,0.8946337437199187,-0.08217780012953411
HUMAN_OBSERVATION,Brazil,316.5066833496094,2251943505.0,iNaturalist,-11.415399,-47.949427,1591,25.899999618530277,2013.0,occurrence,1.6470635016225883,-0.4561068757208604
HUMAN_OBSERVATION,Brazil,869.931884765625,6510113452.0,ICMBio,-26.321422,-53.266869,2032,16.899999618530273,2013.0,occurrence,-0.0159213794990158,0.4631034061116246
HUMAN_OBSERVATION,Colombia,2672.83642578125,1944885661.0,Universidad de Caldas (UCALDAS),4.461,-75.501278,1598,12.199999809265137,2013.0,occurrence,-2.128512326779827,0.2516868598546139
PRESERVED_SPECIMEN,Brazil,510.3863830566406,4929178676.0,PUC-RS,-27.415278,-53.417222,1873,19.200000762939453,2013.0,occurrence,0.5521515075938356,0.13388332380970394
PRESERVED_SPECIMEN,Brazil,386.7738037109375,4929178916.0,PUC-RS,-28.77884,-53.59769,1708,19.200000762939453,2013.0,occurrence,0.5979086513631954,-0.10906023515596976
HUMAN_OBSERVATION,Brazil,928.2429809570312,6510255110.0,ICMBio,-23.253,-46.915001,1335,17.700000762939453,2013.0,occurrence,-0.11194517699358619,-0.5015928607547769
HUMAN_OBSERVATION,Brazil,61.30373001098633,6510542621.0,ICMBio,-22.423204,-42.05419,1159,22.5,2013.0,occurrence,1.1960619033394244,-0.992474334027735
HUMAN_OBSERVATION,Colombia,1382.7796630859375,1213680148.0,Fundación GAIA,3.785,-76.541389,1116,20.299999237060547,2013.0,occurrence,-0.0911348844745753,-0.8046769089432011
HUMAN_OBSERVATION,Brazil,606.0552978515625,3985658606.0,iNaturalist,-8.722251,-42.541441,747,25.100000381469727,2013.0,occurrence,1.103665683560271,-1.5462681531903129
HUMAN_OBSERVATION,Brazil,595.2217407226562,6510349515.0,ICMBio,-22.53154,-43.09011,1779,20.100000381469727,2013.0,occurrence,0.6062059687294944,-0.0062064466077850705
HUMAN_OBSERVATION,Brazil,614.0726928710938,6511030906.0,ICMBio,-22.824739,-47.124722,1309,19.700000762939453,2013.0,occurrence,0.41169903536620917,-0.634781746023834
HUMAN_OBSERVATION,Brazil,1243.74072265625,6510207564.0,ICMBio,-23.259001,-46.980999,1474,15.600000381469728,2013.0,occurrence,-0.6231156494403399,-0.21125350721803984
HUMAN_OBSERVATION,Brazil,1983.120361328125,6510643384.0,ICMBio,-22.460295,-43.061341,1893,12.600000381469728,2013.0,occurrence,-1.5022036877230318,0.5456764244137139
HUMAN_OBSERVATION,Brazil,267.2420959472656,6510715954.0,ICMBio,-25.543992,-54.348182,1762,20.600000381469727,2013.0,occurrence,0.9115624897424001,-0.08938861742074837
HUMAN_OBSERVATION,Brazil,983.2686767578124,6510839758.0,ICMBio,-23.293056,-45.12,1705,16.100000381469727,2013.0,occurrence,-0.3025415514654543,0.053859598212502885
HUMAN_OBSERVATION,Brazil,1096.562744140625,6510871228.0,ICMBio,-23.245001,-46.983002,1414,16.299999237060547,2013.0,occurrence,-0.42637413822847997,-0.33268371194673296
HUMAN_OBSERVATION,Brazil,1083.8909912109375,6510995357.0,ICMBio,-23.245001,-47.005001,1404,16.399999618530273,2013.0,occurrence,-0.4045636522671884,-0.35079135705627484
HUMAN_OBSERVATION,Brazil,1076.287841796875,6511353198.0,ICMBio,-23.283056,-45.117778,1702,16.0,2013.0,occurrence,-0.38471525470852325,0.06566397054242794
HUMAN_OBSERVATION,Brazil,1326.2706298828125,6510115002.0,ICMBio,-22.436389,-43.040228,1763,16.200000762939453,2013.0,occurrence,-0.5159702682533306,0.17929956187171978
HUMAN_OBSERVATION,Brazil,1082.34716796875,6510122196.0,ICMBio,-23.233999,-46.992001,1346,17.200000762939453,2013.0,occurrence,-0.2953647991684372,-0.4513824615513807
HUMAN_OBSERVATION,Brazil,302.9446716308594,6510216054.0,ICMBio,-25.490548,-54.357497,1763,20.299999237060547,2013.0,occurrence,0.8403883737753991,-0.07499839171708086
HUMAN_OBSERVATION,Brazil,983.21728515625,6510237247.0,ICMBio,-23.309628,-46.387578,1443,16.799999237060547,2013.0,occurrence,-0.26171032750632833,-0.3224607894103199
HUMAN_OBSERVATION,Brazil,1045.6973876953125,6510248883.0,ICMBio,-23.291128,-46.388294,1526,16.200000762939453,2013.0,occurrence,-0.37709389108673275,-0.18433662489767205
HUMAN_OBSERVATION,Brazil,942.6837158203124,6510296378.0,ICMBio,-23.338708,-46.432689,1422,17.100000381469727,2013.0,occurrence,-0.19219883107196778,-0.3648519647688446
HUMAN_OBSERVATION,Brazil,230.48464965820312,6510683943.0,ICMBio,-25.524447,-54.332044,1761,20.799999237060547,2013.0,occurrence,0.9681262770964483,-0.1012835077252196
HUMAN_OBSERVATION,Brazil,835.2000122070312,6511119553.0,ICMBio,-23.23,-46.905998,1331,18.0,2013.0,occurrence,-0.0008192635762081102,-0.5282511711714878
HUMAN_OBSERVATION,Brazil,934.6409301757812,6510403091.0,ICMBio,-23.442292,-46.639483,1429,17.100000381469727,2013.0,occurrence,-0.18470529435710084,-0.35643871799649474
HUMAN_OBSERVATION,Brazil,252.88693237304688,6510440995.0,ICMBio,-25.535119,-54.332665,1768,20.399999618530277,2013.0,occurrence,0.8925654971524952,-0.07794932059231091
HUMAN_OBSERVATION,Brazil,1018.9175415039062,6510487808.0,ICMBio,-25.162444,-49.909417,1576,17.0,2013.0,occurrence,-0.22247367685977765,-0.1410363595893411
HUMAN_OBSERVATION,Brazil,655.0067749023438,6510719523.0,ICMBio,-21.7833423,-48.1944577,1349,20.5,2013.0,occurrence,0.5156907153810067,-0.5954882037879569
HUMAN_OBSERVATION,Brazil,822.9525146484375,6511351916.0,ICMBio,-25.280389,-50.360917,1458,18.0,2013.0,occurrence,0.04021789258062796,-0.3565620435843898
HUMAN_OBSERVATION,Colombia,13.623855590820312,1632926049.0,IIAP,5.6805,-77.248056,6073,26.200000762939453,2013.0,occurrence,3.0495501540864596,5.61352805547596
HUMAN_OBSERVATION,Colombia,48.2622299194336,1978497587.0,IIAP,2.770167,-77.346278,8752,26.700000762939453,2013.0,occurrence,3.7839556802333436,9.26374713847496
PRESERVED_SPECIMEN,Brazil,632.8189086914062,4929183531.0,PUC-RS,-29.172611,-51.087389,1872,16.899999618530273,2012.0,occurrence,0.11170292464360157,0.21081366897133533
HUMAN_OBSERVATION,Brazil,165.71157836914062,6510762630.0,ICMBio,-9.7938909,-37.001944,598,24.700000762939453,2012.0,occurrence,1.3169644119801338,-1.801914900219902
HUMAN_OBSERVATION,Brazil,102.81103515625,6510669954.0,ICMBio,-26.73885,-49.178933,1571,20.600000381469727,2012.0,occurrence,0.9796829690980265,-0.37365525499478336
HUMAN_OBSERVATION,Brazil,974.49951171875,6510553012.0,ICMBio,-23.352219,-45.131942,1777,16.700000762939453,2012.0,occurrence,-0.18582585384147862,0.13506139466131856
HUMAN_OBSERVATION,Brazil,834.6072998046875,6510915256.0,ICMBio,-22.90195,-48.448142,1330,18.899999618530277,2012.0,occurrence,0.13757803783043857,-0.5535116377516893
HUMAN_OBSERVATION,Brazil,371.1946105957031,6511258795.0,ICMBio,-22.1885703,-43.1657208,1607,20.700000762939453,2012.0,occurrence,0.8136366828557663,-0.28889250157462854
HUMAN_OBSERVATION,Brazil,391.7362976074219,6510576925.0,ICMBio,-22.056902,-43.1948887,1555,21.799999237060547,2012.0,occurrence,0.9547576781152456,-0.3860792951142686
HUMAN_OBSERVATION,Brazil,1088.708251953125,6510697088.0,ICMBio,-24.572667,-49.926,1507,16.600000381469727,2012.0,occurrence,-0.3510372149529764,-0.2147366577379076
HUMAN_OBSERVATION,Brazil,458.5748596191406,6510976049.0,ICMBio,-7.9581072,-39.416667,625,24.200000762939453,2012.0,occurrence,1.0390896755163557,-1.710080709881899
PRESERVED_SPECIMEN,Brazil,71.51167297363281,4929178802.0,PUC-RS,-28.206667,-48.671389,1457,19.5,2012.0,occurrence,0.8039286115564325,-0.5046952749565464
HUMAN_OBSERVATION,Brazil,1971.230712890625,6510845532.0,ICMBio,-22.485347,-43.072761,1911,12.199999809265137,2012.0,occurrence,-1.5506135896489797,0.5791457671338337
HUMAN_OBSERVATION,Brazil,830.4766235351562,6510856003.0,ICMBio,-25.385528,-50.591056,1479,17.600000381469727,2012.0,occurrence,-0.021213157941699118,-0.31622930345405087
MACHINE_OBSERVATION,Colombia,160.13702392578125,3118573057.0,Asociación Colombiana de Zoología (ACZ),7.85025,-77.14803,2601,25.899999618530277,2012.0,occurrence,2.015293965190187,0.9008916051751076
PRESERVED_SPECIMEN,Brazil,77.81365203857422,4929178785.0,PUC-RS,-30.140472,-52.083444,1348,19.200000762939453,2012.0,occurrence,0.725619989700715,-0.6447136290157764
HUMAN_OBSERVATION,Brazil,27.578706741333008,6510519881.0,ICMBio,-27.0946,-48.919931,1687,19.799999237060547,2012.0,occurrence,0.9397706996461095,-0.20479880584733448
HUMAN_OBSERVATION,Brazil,238.07981872558597,6510732882.0,ICMBio,-25.527932,-54.276652,1769,20.600000381469727,2012.0,occurrence,0.9340524714091113,-0.08398499115885252
PRESERVED_SPECIMEN,Brazil,176.43710327148438,4929178743.0,PUC-RS,-28.122883,-54.854503,1838,20.799999237060547,2012.0,occurrence,1.0261121654689052,-0.0038323505730928713
HUMAN_OBSERVATION,Brazil,834.861083984375,6511020668.0,ICMBio,-25.371389,-50.585917,1476,17.700000762939453,2012.0,occurrence,-0.009731333107113306,-0.3223469839532749
HUMAN_OBSERVATION,Brazil,227.59820556640625,6510757999.0,ICMBio,-25.519219,-54.276137,1771,20.399999618530277,2012.0,occurrence,0.9112863650034838,-0.07745619870524681
HUMAN_OBSERVATION,Brazil,246.85366821289065,6510764041.0,ICMBio,-25.53728,-54.300892,1770,20.5,2012.0,occurrence,0.9127179467204203,-0.07872344475483974
HUMAN_OBSERVATION,Brazil,205.8640899658203,6510892627.0,ICMBio,-25.553369,-54.300861,1765,20.899999618530277,2012.0,occurrence,1.0019864191130177,-0.10197515213644533
HUMAN_OBSERVATION,Brazil,408.94964599609375,6510123420.0,ICMBio,-24.721944,-48.983333,1297,20.700000762939453,2011.0,occurrence,0.7078863549912628,-0.7068561756684385
HUMAN_OBSERVATION,Brazil,1183.445556640625,6510330501.0,ICMBio,-22.455763,-42.999154,1746,17.200000762939453,2011.0,occurrence,-0.26529249515695846,0.10927473973520448
HUMAN_OBSERVATION,Brazil,248.21966552734372,6510365699.0,ICMBio,-3.9034164,-46.8337195,1513,25.899999618530277,2011.0,occurrence,1.6756898065743213,-0.5723568723370344
HUMAN_OBSERVATION,Brazil,337.0150146484375,6510845251.0,ICMBio,-24.283889,-53.84,1508,20.799999237060547,2011.0,occurrence,0.8280552637991525,-0.4316057360113794
HUMAN_OBSERVATION,Peru,366.0368957519531,4089564391.0,FMNH,-4.2041,-77.5298,2562,26.200000762939453,2011.0,occurrence,1.9052352863930715,0.8690370192815808
HUMAN_OBSERVATION,Peru,1309.698974609375,4089564487.0,FMNH,-4.0431,-77.5412,2907,21.799999237060547,2011.0,occurrence,0.6472206599162679,1.5910602242574503
HUMAN_OBSERVATION,Brazil,678.6568603515625,6510382716.0,ICMBio,-28.313056,-52.181944,1743,17.799999237060547,2011.0,occurrence,0.1845357727592645,0.017369700903588067
HUMAN_OBSERVATION,Brazil,887.010498046875,6510616504.0,ICMBio,-19.928647,-43.937481,1451,20.299999237060547,2011.0,occurrence,0.34620654342628654,-0.4178416245991803
HUMAN_OBSERVATION,Brazil,904.0573120117188,6511213701.0,ICMBio,-25.067403,-49.951294,1536,17.5,2011.0,occurrence,-0.07430508759042277,-0.2252574642106486
HUMAN_OBSERVATION,Brazil,274.0862731933594,6510100823.0,ICMBio,-25.37,-54.123056,1807,20.0,2011.0,occurrence,0.8260076852271668,-0.011086539102256413
HUMAN_OBSERVATION,Brazil,733.4495849609375,6511171738.0,ICMBio,-20.783236,-42.871978,1266,20.0,2011.0,occurrence,0.3620593599884031,-0.6844286892722905
HUMAN_OBSERVATION,Brazil,574.3992309570312,6510772605.0,ICMBio,-27.9502824,-53.3058962,1817,18.899999618530277,2011.0,occurrence,0.44635991736049446,0.07446722930046774
HUMAN_OBSERVATION,Brazil,829.2667236328125,6510622091.0,ICMBio,-4.418292,-39.043642,1454,21.200000762939453,2011.0,occurrence,0.5262043360692074,-0.44578391717707655
OCCURRENCE,Brazil,545.8427734375,3967830767.0,Universidade Federal de São Carlos - UFSCAR,-22.4210768,-49.6866999,1285,20.600000381469727,2011.0,occurrence,0.5922669556849481,-0.7010902008859089
MACHINE_OBSERVATION,Colombia,2611.412841796875,3118572887.0,Asociación Colombiana de Zoología (ACZ),2.64848,-76.90725,2839,13.100000381469728,2010.0,occurrence,-1.6306455079338686,1.913864683558573
HUMAN_OBSERVATION,Brazil,1.977402687072754,6510793063.0,ICMBio,-29.766511,-50.0553,1484,18.899999618530277,2010.0,occurrence,0.7680246194896506,-0.46185872221854274
HUMAN_OBSERVATION,Brazil,45.15636444091797,6510993445.0,ICMBio,-28.537025,-49.318389,1389,19.799999237060547,2010.0,occurrence,0.851403639668194,-0.6092503380003403
HUMAN_OBSERVATION,Brazil,219.0,6511158828.0,ICMBio,-25.433333,-54.55,1716,21.399999618530277,2010.0,occurrence,1.0569761698871045,-0.18024687378819468
HUMAN_OBSERVATION,French Guiana,329.26226806640625,3310215431.0,UMS PatriNat,2.44257,-53.2178,2387,24.5,2010.0,occurrence,1.6256810058695685,0.6697871903069708
HUMAN_OBSERVATION,French Guiana,539.8171997070312,3310281927.0,UMS PatriNat,3.73168,-53.43138,2560,22.799999237060547,2010.0,occurrence,1.2591219985563353,0.9810206174292262
HUMAN_OBSERVATION,French Guiana,113.61398315429688,3310299151.0,UMS PatriNat,4.0705,-52.73528,3279,25.299999237060547,2010.0,occurrence,2.128827152223491,1.8360296183347897
HUMAN_OBSERVATION,French Guiana,50.64810180664063,3310355087.0,UMS PatriNat,4.58023,-52.13713,3777,25.899999618530277,2010.0,occurrence,2.3925073771671537,2.4912646453885787
HUMAN_OBSERVATION,French Guiana,53.86444091796875,3310369613.0,UMS PatriNat,4.10751,-52.07192,3577,25.5,2010.0,occurrence,2.2778576049954786,2.229180254029506
HUMAN_OBSERVATION,French Guiana,189.0731506347656,3310472003.0,UMS PatriNat,3.69234,-53.26107,2431,24.799999237060547,2010.0,occurrence,1.7825074515594972,0.7019603744901336
HUMAN_OBSERVATION,Colombia,148.2798614501953,3867529568.0,Carbones del Cerrejón Limited (Cerrejón),11.156722,-72.613028,1139,27.799999237060547,2010.0,occurrence,1.9432369437952255,-1.1476090672569048
HUMAN_OBSERVATION,Colombia,243.3717498779297,3897894870.0,Carbones del Cerrejón Limited (Cerrejón),11.102222,-72.692694,1384,27.100000381469727,2010.0,occurrence,1.830590696663926,-0.7809606255266758
HUMAN_OBSERVATION,Colombia,127.42124938964844,3897901328.0,Carbones del Cerrejón Limited (Cerrejón),11.110778,-72.563917,1082,27.799999237060547,2010.0,occurrence,1.9435331161815637,-1.228422169903783
HUMAN_OBSERVATION,Colombia,118.9094009399414,3897914057.0,Carbones del Cerrejón Limited (Cerrejón),11.138389,-72.539889,1018,28.0,2010.0,occurrence,1.963997748232307,-1.3223264008039146
HUMAN_OBSERVATION,Colombia,116.25489807128906,3897920242.0,Carbones del Cerrejón Limited (Cerrejón),11.050417,-72.669778,1288,27.899999618530277,2010.0,occurrence,2.0192789701875697,-0.9513401612711068
HUMAN_OBSERVATION,Colombia,145.8253173828125,3897922754.0,Carbones del Cerrejón Limited (Cerrejón),11.043167,-72.737861,1350,27.600000381469727,2010.0,occurrence,1.967993071232152,-0.8545206843280345
HUMAN_OBSERVATION,Colombia,139.97933959960938,3897929925.0,Carbones del Cerrejón Limited (Cerrejón),10.967333,-72.755139,1216,27.600000381469727,2010.0,occurrence,1.9380211110693653,-1.0383475909208313
HUMAN_OBSERVATION,Colombia,108.30341339111328,3897955230.0,Carbones del Cerrejón Limited (Cerrejón),11.084639,-72.653333,1263,27.899999618530277,2010.0,occurrence,2.0185588884737244,-0.9866139225815121
HUMAN_OBSERVATION,Colombia,92.36558532714844,3897965058.0,Carbones del Cerrejón Limited (Cerrejón),11.163472,-72.542611,988,28.100000381469727,2010.0,occurrence,1.9905654611582262,-1.3697233877008619
HUMAN_OBSERVATION,Brazil,239.0157470703125,6510235175.0,ICMBio,-25.550556,-54.429167,1745,20.799999237060547,2009.0,occurrence,0.9579941553260735,-0.1219177982290742
HUMAN_OBSERVATION,Brazil,236.7725524902344,6510235492.0,ICMBio,-25.564722,-54.433889,1745,20.899999618530277,2009.0,occurrence,0.9749460680565974,-0.12488307197336751
HUMAN_OBSERVATION,Brazil,203.5599365234375,6511085733.0,ICMBio,-25.620833,-54.468611,1730,21.100000381469727,2009.0,occurrence,1.025427954618771,-0.15539161707110677
HUMAN_OBSERVATION,Brazil,233.01333618164065,6511156258.0,ICMBio,-25.553333,-54.460833,1740,21.0,2009.0,occurrence,0.9917012233991049,-0.13489251343573638
HUMAN_OBSERVATION,Brazil,1154.9736328125,6511197954.0,ICMBio,-23.235556,-46.946389,1371,16.899999618530273,2009.0,occurrence,-0.3866460932909452,-0.39895540496214044
HUMAN_OBSERVATION,Brazil,360.0726928710937,6510254992.0,ICMBio,-9.335925,-37.878217,570,24.700000762939453,2009.0,occurrence,1.1718230520837483,-1.812455102405896
HUMAN_OBSERVATION,Brazil,828.746337890625,6510360885.0,ICMBio,-22.887722,-44.617083,1490,17.0,2009.0,occurrence,-0.10933752883908446,-0.28558039389085266
HUMAN_OBSERVATION,Brazil,81.80197143554688,6510740006.0,ICMBio,-19.137456,-40.202997,1190,24.0,2009.0,occurrence,1.4197859626515514,-0.9869028293768506
HUMAN_OBSERVATION,Brazil,993.229248046875,6510513306.0,ICMBio,-22.4315443,-44.6145817,1569,17.399999618530273,2009.0,occurrence,-0.14457957941969143,-0.16483881771689637
HUMAN_OBSERVATION,Brazil,66.3046646118164,6510722073.0,ICMBio,-3.36135,-56.41509,2431,27.0,2009.0,occurrence,2.2075808683075455,0.6262621365475168
HUMAN_OBSERVATION,Brazil,2.4808688163757324,6510356563.0,ICMBio,-2.928056,-41.417306,1048,27.600000381469727,2008.0,occurrence,1.9928743447900672,-1.2873668273065078
HUMAN_OBSERVATION,Brazil,783.54296875,6510118741.0,ICMBio,-15.031175,-46.023681,1195,23.100000381469727,2008.0,occurrence,0.7845386619200626,-0.85626314362499
HUMAN_OBSERVATION,Brazil,702.3233642578125,6510862189.0,ICMBio,-20.772778,-42.867778,1235,20.5,2008.0,occurrence,0.45306228242915064,-0.7444266987651948
HUMAN_OBSERVATION,Brazil,1002.94580078125,6511291850.0,ICMBio,-22.466646,-42.998532,1748,17.299999237060547,2008.0,occurrence,-0.12125586295154844,0.08363842302506315
HUMAN_OBSERVATION,Brazil,219.43707275390625,6510859960.0,ICMBio,-25.69,-54.429167,1718,21.100000381469727,2008.0,occurrence,1.0110981851676908,-0.16951656234961213
HUMAN_OBSERVATION,Brazil,872.510009765625,6510119405.0,ICMBio,-29.433444,-50.385444,2068,15.199999809265137,2008.0,occurrence,-0.2696878907826953,0.5576084918191293
HUMAN_OBSERVATION,Brazil,269.3380126953125,6510146076.0,ICMBio,-25.378889,-54.125833,1798,20.0,2008.0,occurrence,0.8270874646706782,-0.02405381743119587
HUMAN_OBSERVATION,Brazil,1707.444091796875,6510255925.0,ICMBio,-22.464964,-43.0118215,1808,14.199999809265137,2008.0,occurrence,-1.0823536326891063,0.3479836057717971
HUMAN_OBSERVATION,Brazil,576.791259765625,6510396804.0,ICMBio,-23.420406,-51.9516,1285,17.600000381469727,2008.0,occurrence,0.10952071459454189,-0.6173119488384056
HUMAN_OBSERVATION,Brazil,298.0811462402344,6510426874.0,ICMBio,-25.374444,-54.129167,1811,19.899999618530277,2008.0,occurrence,0.7946290252566646,0.0004409469259404805
HUMAN_OBSERVATION,Brazil,269.3380126953125,6510436678.0,ICMBio,-25.377778,-54.126944,1798,20.0,2008.0,occurrence,0.8270874646706782,-0.02405381743119587
HUMAN_OBSERVATION,Brazil,298.0811462402344,6510489841.0,ICMBio,-25.376944,-54.128333,1811,19.899999618530277,2008.0,occurrence,0.7946290252566646,0.0004409469259404805
HUMAN_OBSERVATION,Brazil,252.7134552001953,6510569636.0,ICMBio,-25.386111,-54.114444,1792,20.100000381469727,2008.0,occurrence,0.8527233409209776,-0.0372622522311861
HUMAN_OBSERVATION,Brazil,274.0862731933594,6510746052.0,ICMBio,-25.377222,-54.118611,1807,20.0,2008.0,occurrence,0.8260076852271668,-0.011086539102256413
HUMAN_OBSERVATION,Brazil,269.3380126953125,6510829491.0,ICMBio,-25.38,-54.125556,1798,20.0,2008.0,occurrence,0.8270874646706782,-0.02405381743119587
HUMAN_OBSERVATION,Brazil,227.98471069335935,6511323516.0,ICMBio,-25.615278,-54.368056,1750,20.799999237060547,2008.0,occurrence,0.9671002780507927,-0.11666164151884566
HUMAN_OBSERVATION,Brazil,1180.3857421875,6510077152.0,ICMBio,-26.6538868,-51.7841127,1921,15.399999618530272,2008.0,occurrence,-0.49501856418629553,0.3954439851031065
HUMAN_OBSERVATION,Brazil,222.05001831054688,6510471244.0,ICMBio,-25.4478,-54.550994,1719,21.299999237060547,2008.0,occurrence,1.0402152998132324,-0.17306974734169525
HUMAN_OBSERVATION,Brazil,252.48687744140625,6510080397.0,ICMBio,-25.6075,-54.408889,1746,20.799999237060547,2008.0,occurrence,0.9486832780328576,-0.11863247726617679
HUMAN_OBSERVATION,Brazil,185.6484375,6510175629.0,ICMBio,-25.594444,-54.390556,1744,21.0,2008.0,occurrence,1.0263525015784465,-0.1361797176227949
HUMAN_OBSERVATION,Brazil,214.2440643310547,6511007277.0,ICMBio,-25.6075,-54.492222,1735,21.0,2008.0,occurrence,1.003755585539742,-0.14439534523905742
HUMAN_OBSERVATION,Brazil,252.7134552001953,6511230096.0,ICMBio,-25.383056,-54.113889,1792,20.100000381469727,2007.0,occurrence,0.8527233409209776,-0.0372622522311861
HUMAN_OBSERVATION,Brazil,203.5599365234375,6510564453.0,ICMBio,-25.621389,-54.469444,1730,21.100000381469727,2006.0,occurrence,1.025427954618771,-0.15539161707110677
HUMAN_OBSERVATION,Brazil,203.5599365234375,6510263829.0,ICMBio,-25.623611,-54.468056,1730,21.100000381469727,2006.0,occurrence,1.025427954618771,-0.15539161707110677
HUMAN_OBSERVATION,Argentina,247.22735595703125,382062945.0,APN-AR,-25.69786,-54.16541,1755,20.299999237060547,2006.0,occurrence,0.8779147077137759,-0.09386335916700124
HUMAN_OBSERVATION,Brazil,168.19302368164062,5935376792.0,iNaturalist,-9.384356,-49.947394,1986,26.799999237060547,2006.0,occurrence,1.9911951573733133,0.038369506038611854
HUMAN_OBSERVATION,Argentina,183.46917724609372,233874301.0,APN-AR,-25.68159,-54.45527,1711,21.200000762939453,2004.0,occurrence,1.0502146526610607,-0.18684713354885868
HUMAN_OBSERVATION,Argentina,187.17605590820312,233874257.0,APN-AR,-25.68405,-54.44971,1712,21.200000762939453,2003.0,occurrence,1.047837136557665,-0.18495326143335641
HUMAN_OBSERVATION,Argentina,183.46917724609372,382069375.0,APN-AR,-25.68158,-54.44981,1711,21.200000762939453,2003.0,occurrence,1.0502146526610607,-0.18684713354885868
OCCURRENCE,Brazil,460.7389526367188,3967808191.0,Departamento Estadual de Proteção de Recursos Naturais - DEPRN,-21.9837659,-49.1837114,1170,21.399999618530277,2003.0,occurrence,0.7462844397546369,-0.8914295809904279
OCCURRENCE,Brazil,601.6049194335938,3967808235.0,Departamento Estadual de Proteção de Recursos Naturais - DEPRN,-22.500469,-48.9171102,1245,20.5,2003.0,occurrence,0.5271265331011259,-0.745123264582951
OCCURRENCE,Brazil,545.3471069335938,3967810163.0,Departamento Estadual de Proteção de Recursos Naturais - DEPRN,-22.1004674,-49.1004092,1156,20.899999618530277,2003.0,occurrence,0.6058460448352653,-0.8852633120902292
OCCURRENCE,Brazil,581.6962890625,3967810212.0,Departamento Estadual de Proteção de Recursos Naturais - DEPRN,-22.467169,-48.900413,1235,20.700000762939453,2003.0,occurrence,0.5694348263455308,-0.7669078052249931
OCCURRENCE,Brazil,489.22760009765625,3967812129.0,Departamento Estadual de Proteção de Recursos Naturais - DEPRN,-22.1171663,-49.1671107,1165,21.200000762939453,2003.0,occurrence,0.6940642306175658,-0.8889067844538715
OCCURRENCE,Brazil,552.4342651367188,3967813297.0,Departamento Estadual de Proteção de Recursos Naturais - DEPRN,-22.0837675,-49.0337097,1144,20.899999618530277,2003.0,occurrence,0.597757828175996,-0.9006408679280796
OCCURRENCE,Brazil,539.6580810546875,3967814326.0,Departamento Estadual de Proteção de Recursos Naturais - DEPRN,-22.1337689,-48.9337102,1142,21.0,2003.0,occurrence,0.6216796651467926,-0.9078383902184876
OCCURRENCE,Brazil,565.4342041015625,3967818373.0,Departamento Estadual de Proteção de Recursos Naturais - DEPRN,-22.217168,-49.0004109,1170,20.799999237060547,2003.0,occurrence,0.5797886990751194,-0.8606364454279406
HUMAN_OBSERVATION,Argentina,246.8757476806641,382069380.0,APN-AR,-25.66061,-54.50073,1732,20.799999237060547,2002.0,occurrence,0.9491025121717238,-0.1385508462118609
HUMAN_OBSERVATION,Argentina,206.2690277099609,382069436.0,APN-AR,-25.68748,-54.45596,1727,21.0,2000.0,occurrence,1.007381271014375,-0.1564568277789339
HUMAN_OBSERVATION,Argentina,139.99624633789062,382069379.0,APN-AR,-25.68408,-54.44669,1714,21.200000762939453,1999.0,occurrence,1.0818476881561438,-0.18894534078685554
PRESERVED_SPECIMEN,Colombia,1848.7344970703125,1314977858.0,Universidad Nacional de Colombia (UNAL),6.13823,-73.0987,2972,18.899999618530277,1997.0,occurrence,-0.1643947126820484,1.8333631700685842
PRESERVED_SPECIMEN,Colombia,670.8560180664062,3390876106.0,Instituto Tecnológico Metropolitano (ITM),7.078889,-74.701111,3123,24.700000762939453,1995.0,occurrence,1.6012637359297586,1.7182750200311727
HUMAN_OBSERVATION,Argentina,239.4412841796875,382069550.0,APN-AR,-25.67961,-53.85937,1748,19.899999618530277,1994.0,occurrence,0.8202248603270839,-0.09394990368446558
HUMAN_OBSERVATION,Guyana,380.2918701171875,197102141.0,Conservation International,3.25,-59.25,1525,25.899999618530277,1993.0,occurrence,1.5849642939335677,-0.537148494769716
HUMAN_OBSERVATION,Ecuador,358.9845886230469,197102143.0,Conservation International,-1.567,-80.717,434,23.0,1991.0,occurrence,0.8768599614394003,-1.953360046710595
HUMAN_OBSERVATION,Ecuador,680.9807739257812,197102132.0,Conservation International,-2.567,-79.35,1673,23.100000381469727,1991.0,occurrence,0.9790881368877954,-0.21810967592954753
HUMAN_OBSERVATION,Ecuador,37.35665130615234,197104825.0,Conservation International,-1.333,-79.583,1877,25.399999618530277,1991.0,occurrence,1.8413159649182407,-0.09209007258662667
HUMAN_OBSERVATION,Ecuador,278.4734802246094,197104836.0,Conservation International,-2.167,-80.033,1021,24.200000762939453,1991.0,occurrence,1.2678165988891086,-1.1949582156480774
PRESERVED_SPECIMEN,Colombia,45.830326080322266,1609371464.0,Universidad del Valle (UniValle),5.097631,-76.695467,7865,26.700000762939453,1983.0,occurrence,3.559808305009783,8.052090683363815
PRESERVED_SPECIMEN,Peru,2386.68603515625,45869992.0,LSUMZ,-9.633,-76.133,561,17.0,1975.0,occurrence,-1.452162675931052,-1.3322333023970732
PRESERVED_SPECIMEN,Guyana,195.55938720703125,1211797186.0,ROM,2.83333,-59.08242,1493,26.799999237060547,1973.0,occurrence,1.8462206962579328,-0.6309840824492755
PRESERVED_SPECIMEN,Costa Rica,1373.985107421875,45869664.0,LSUMZ,9.5,-83.667,3587,19.100000381469727,1967.0,occurrence,0.36004111761574925,2.6002778127722834
PRESERVED_SPECIMEN,Costa Rica,2951.53466796875,45869665.0,LSUMZ,9.474,-83.526,2627,9.899999618530272,1967.0,occurrence,-2.4176321971366788,1.7574800896664986
PRESERVED_SPECIMEN,Guyana,111.6604995727539,1211798675.0,ROM,2.83333,-59.51666,1461,27.399999618530277,1966.0,occurrence,1.9898006494549343,-0.7025136634995447
PRESERVED_SPECIMEN,Venezuela (Bolivarian Republic of),294.44744873046875,1318054360.0,USNM,7.18,-62.37,1383,25.600000381469727,1966.0,occurrence,1.5636831858164233,-0.7353637609517515
PRESERVED_SPECIMEN,Suriname,2.607063055038452,2432573644.0,,5.606575,-55.089221,2101,26.5,1965.0,occurrence,2.0919815577160685,0.17975649608632963
PRESERVED_SPECIMEN,Venezuela (Bolivarian Republic of),2251.70361328125,1320957946.0,USNM,10.55,-66.87,1049,14.899999618530272,1965.0,occurrence,-1.5545852606422266,-0.6294860242045043
PRESERVED_SPECIMEN,Colombia,944.7024536132812,865725986.0,MHNG,4.255,-76.1156,1298,23.799999237060547,1959.0,occurrence,0.8038450159293542,-0.7111569314976183
PRESERVED_SPECIMEN,Colombia,921.79443359375,1142103129.0,MHNG,2.24,-77.01,2303,24.5,1959.0,occurrence,1.1835475440540795,0.6395130824775023
PRESERVED_SPECIMEN,Colombia,2884.077880859375,665860362.0,FMNH,2.5,-76.4,1687,12.399999618530272,1958.0,occurrence,-2.2251280051359488,0.3980391824477589
PRESERVED_SPECIMEN,Colombia,1909.406494140625,665886881.0,FMNH,2.666667,-76.95,3238,17.5,1958.0,occurrence,-0.35476580274534875,2.242303973199946
PRESERVED_SPECIMEN,Colombia,3253.232666015625,665872610.0,FMNH,2.4,-76.416667,1936,8.800000190734863,1955.0,occurrence,-2.9767726852242316,0.8859276687597819
PRESERVED_SPECIMEN,Colombia,1828.323486328125,665728566.0,FMNH,2.533333,-76.883333,2837,17.5,1955.0,occurrence,-0.39930519876095955,1.683133426196867
PRESERVED_SPECIMEN,Colombia,2600.41357421875,665832988.0,FMNH,4.6,-74.083333,862,13.399999618530272,1952.0,occurrence,-2.0802005588589414,-0.7954813268930078
PRESERVED_SPECIMEN,Colombia,1474.9771728515625,665832987.0,FMNH,1.616667,-75.983333,2016,19.600000381469727,1951.0,occurrence,-0.03493040235508431,0.45604383237492063
PRESERVED_SPECIMEN,Peru,1577.5238037109375,665842107.0,FMNH,-14.183333,-69.166664,2080,18.5,1951.0,occurrence,-0.2603979604977071,0.5871588105412772
PRESERVED_SPECIMEN,Peru,855.6759643554688,665828348.0,FMNH,-11.05,-75.316666,1830,23.399999618530277,1948.0,occurrence,0.9410981870289487,0.01325159977779435
PRESERVED_SPECIMEN,Paraguay,273.33624267578125,476845019.0,MCZ,-25.25815,-55.83608,1623,21.700000762939453,1932.0,occurrence,1.0407881133126984,-0.30744372581300616
PRESERVED_SPECIMEN,Costa Rica,1918.787109375,1987329134.0,UMMZ,9.65,-83.91667,3507,14.899999618530272,1931.0,occurrence,-0.6922604648039985,2.6797796082147807
PRESERVED_SPECIMEN,Brazil,47.33224487304688,476810202.0,MCZ,-24.52488,-48.10919,1519,22.5,1929.0,occurrence,1.2976565829495446,-0.5028401198469689
PRESERVED_SPECIMEN,Brazil,547.9111328125,476850960.0,MCZ,-24.53649,-48.72427,1373,19.899999618530277,1929.0,occurrence,0.5056942046154258,-0.5621011886333664
PRESERVED_SPECIMEN,Colombia,3270.407958984375,3046441283.0,Universidad de La Salle (La Salle),3.910475,-74.421519,1379,8.899999618530273,1927.0,occurrence,-3.115449359384933,0.1250761867034267
PRESERVED_SPECIMEN,Brazil,83.38765716552734,665793038.0,FMNH,-5.5,-45.25,1136,26.899999618530277,1924.0,occurrence,1.850320314252624,-1.1371429919056035
PRESERVED_SPECIMEN,Venezuela (Bolivarian Republic of),1225.890869140625,476845021.0,MCZ,8.56299,-71.17428,1027,20.799999237060547,1921.0,occurrence,0.07439935009933862,-0.9618029228921378
PRESERVED_SPECIMEN,Ecuador,3939.533447265625,5004104318.0,NRM,0.116667,-78.266667,1398,5.5,1919.0,occurrence,-4.107947459335449,0.3363267408800297
PRESERVED_SPECIMEN,Peru,1245.5804443359375,665803899.0,FMNH,-10.066667,-75.533333,1853,21.399999618530277,1913.0,occurrence,0.36291299071843447,0.15313606397833265
PRESERVED_SPECIMEN,Ecuador,3975.031005859375,5004106237.0,NRM,-0.15,-78.6,1334,6.900000095367432,1912.0,occurrence,-3.9344247703193767,0.2169468792506041
PRESERVED_SPECIMEN,Colombia,132.26705932617188,3046439536.0,Universidad de La Salle (La Salle),4.790352,-71.339167,1826,26.799999237060547,1911.0,occurrence,1.9759613848787647,-0.18525019637599022
PRESERVED_SPECIMEN,Venezuela (Bolivarian Republic of),4435.4404296875,5004106009.0,NRM,8.55,-71.05,1098,3.400000095367432,1908.0,occurrence,-4.8590133204785175,0.05286555880278645
OCCURRENCE,Brazil,472.79010009765625,3967727682.0,Museu de Zoologia da Universidades de São Paulo,-21.9929689,-48.3912063,1296,21.399999618530277,1900.0,occurrence,0.7698130606530208,-0.7176434151235521
OCCURRENCE,Brazil,692.195556640625,3967728703.0,Museu de Zoologia da Universidades de São Paulo,-22.1135694,-48.3137071,1328,20.0,1900.0,occurrence,0.4071411334290674,-0.6056387833293254
OCCURRENCE,Brazil,751.8209838867188,3967815191.0,Museu de Zoologia da Universidades de São Paulo,-23.5507789,-46.6342991,1341,18.5,1900.0,occurrence,0.13772775996153622,-0.5397047865688445
OCCURRENCE,Brazil,5.751346111297607,3967815206.0,Museu de Zoologia da Universidades de São Paulo,-23.4343825,-45.071189,2538,22.5,1900.0,occurrence,1.5866701444466436,0.8828068950116031
OCCURRENCE,Brazil,1604.93017578125,3967815965.0,Museu de Zoologia da Universidades de São Paulo,-22.7398791,-45.5917896,1836,13.5,1900.0,occurrence,-1.1099438464184737,0.39013162283061664
OCCURRENCE,Brazil,256.0375671386719,3967816110.0,Museu de Zoologia da Universidades de São Paulo,-21.228258,-51.8682279,1118,23.600000381469727,1900.0,occurrence,1.2162946651532944,-1.0498161484156652
OCCURRENCE,Brazil,627.5844116210938,3967817040.0,Museu de Zoologia da Universidades de São Paulo,-20.5065657,-47.7810003,1500,22.200000762939453,1900.0,occurrence,0.8347181501970496,-0.4381617427531437
OCCURRENCE,Brazil,3.283316135406494,3967817120.0,Museu de Zoologia da Universidades de São Paulo,-24.8354776,-47.7504107,1986,21.899999618530277,1900.0,occurrence,1.355701892740708,0.144503465730135
OCCURRENCE,Brazil,986.6949462890624,3967817930.0,Museu de Zoologia da Universidades de São Paulo,-20.5390677,-47.4011948,1563,19.399999618530277,1900.0,occurrence,0.1657126822962862,-0.22687570903176388
OCCURRENCE,Brazil,528.868896484375,3967819115.0,Museu de Zoologia da Universidades de São Paulo,-23.0157738,-48.0110078,1187,20.5,1900.0,occurrence,0.5640049623725133,-0.8346947522176682
OCCURRENCE,Brazil,701.93701171875,3967819150.0,Museu de Zoologia da Universidades de São Paulo,-23.0062707,-48.8393132,1281,20.299999237060547,1900.0,occurrence,0.43433235656380803,-0.6763717612883001
OCCURRENCE,Brazil,828.43701171875,3967819197.0,Museu de Zoologia da Universidades de São Paulo,-23.7123773,-47.428204,1411,17.5,1900.0,occurrence,-0.05244012654304048,-0.4067368885758007
OCCURRENCE,Brazil,848.502685546875,3967821057.0,Museu de Zoologia da Universidades de São Paulo,-22.9190763,-46.5422976,1416,18.0,1900.0,occurrence,0.011380044411140544,-0.4102773065378986
OCCURRENCE,Brazil,2.6774826049804688,3967821093.0,Museu de Zoologia da Universidades de São Paulo,-24.7085778,-47.555711,1769,21.5,1900.0,occurrence,1.2394371102642283,-0.14134123708004984
OCCURRENCE,Brazil,724.5841064453125,3967821117.0,Museu de Zoologia da Universidades de São Paulo,-24.1154723,-49.3412199,1306,19.0,1900.0,occurrence,0.22495035446452613,-0.604611049886414
OCCURRENCE,Brazil,443.6647338867188,3967821126.0,Museu de Zoologia da Universidades de São Paulo,-21.6790646,-49.7429141,1248,21.799999237060547,1900.0,occurrence,0.8397071067337243,-0.7979263204271623
OCCURRENCE,Brazil,7.013572692871094,3967821139.0,Museu de Zoologia da Universidades de São Paulo,-23.8032792,-46.0597949,2817,22.5,1900.0,occurrence,1.6568211112377242,1.2639963073960596
PRESERVED_SPECIMEN,Brazil,178.27960205078125,4988710086.0,NTNU-VM,-9.0,-60.0,2177,25.5,1886.0,occurrence,1.8330039137131136,0.3350341364712746
PRESERVED_SPECIMEN,Brazil,65.00642395019531,5004113809.0,NRM,-30.0,-54.0,1589,19.5,1884.0,occurrence,0.8421615827050963,-0.32535972372903516
PRESERVED_SPECIMEN,Uruguay,17.991884231567383,5004102054.0,NRM,-34.916667,-56.166667,931,16.299999237060547,1840.0,occurrence,0.21649742125951382,-1.1459819668303435
PRESERVED_SPECIMEN,Argentina,204.3348693847656,321459283.0,MACN,-26.566243,-54.753515,1586,20.100000381469727,,occurrence,0.8346179940992208,-0.3254752851445466
PRESERVED_SPECIMEN,Argentina,551.93603515625,321459284.0,MACN,-27.02369,-54.687832,1719,18.700000762939453,,occurrence,0.40663697678368943,-0.057274015947092624
PRESERVED_SPECIMEN,Argentina,502.2594909667969,321459301.0,MACN,-26.767171,-54.277707,1767,18.600000381469727,,occurrence,0.4387752082732495,0.0038424947978546093
PRESERVED_SPECIMEN,Argentina,182.46389770507807,382062558.0,APN-AR-FHNFA,-26.61667,-54.8,1574,20.200000762939453,,occurrence,0.862451325646597,-0.34762511059725165
PRESERVED_SPECIMEN,Argentina,515.4620971679688,382070182.0,APN-AR-MACN,-27.0333,-54.64959,1720,18.700000762939453,,occurrence,0.4327908958626495,-0.061106087066353405
PRESERVED_SPECIMEN,Uruguay,106.26658630371094,476845023.0,MCZ,-32.54606,-56.08746,1137,17.700000762939453,,occurrence,0.42129994200449505,-0.8891219818199922
PRESERVED_SPECIMEN,Argentina,216.93820190429688,621081168.0,MACN,-26.822228,-54.853078,1564,20.100000381469727,,occurrence,0.8200663780359001,-0.3537230177595302
HUMAN_OBSERVATION,Colombia,1639.21484375,730251933.0,Corantioquia,6.91,-75.07,3338,20.0,,occurrence,0.24653116174874462,2.2742230689364202
HUMAN_OBSERVATION,Colombia,1812.0118408203125,730252894.0,Corantioquia,6.73,-75.29,3178,19.799999237060547,,occurrence,0.052370067278261795,2.085638524537134
HUMAN_OBSERVATION,Colombia,2526.513427734375,730253465.0,Corantioquia,6.61,-75.67,2009,15.399999618530272,,occurrence,-1.4284624143976647,0.7074481573809954
HUMAN_OBSERVATION,Colombia,1971.631591796875,730253489.0,Corantioquia,5.67,-75.72,2581,18.600000381469727,,occurrence,-0.39730592508329504,1.3248537168926284
HUMAN_OBSERVATION,Colombia,2283.430419921875,730253697.0,Corantioquia,6.97,-75.42,3108,16.700000762939453,,occurrence,-0.7763276875220658,2.1392374705015915
HUMAN_OBSERVATION,Colombia,2084.363037109375,730254430.0,Corantioquia,5.8,-75.79,2600,17.100000381469727,,occurrence,-0.7029007118617222,1.4065493085204384
HUMAN_OBSERVATION,Colombia,676.6123046875,730254693.0,Corantioquia,5.75,-75.61,2112,24.700000762939453,,occurrence,1.3397255701164572,0.33844784497299607
HUMAN_OBSERVATION,Colombia,2556.99755859375,730255070.0,Corantioquia,6.65,-75.46,2089,15.0,,occurrence,-1.4911724988981347,0.8316247114998719
HUMAN_OBSERVATION,Colombia,2168.78955078125,730255107.0,Corantioquia,6.49,-75.4,2349,18.200000762939453,,occurrence,-0.6578177825415258,1.0467068411574647
HUMAN_OBSERVATION,Colombia,2300.091796875,730255307.0,Corantioquia,6.57,-75.52,2077,17.5,,occurrence,-0.92783028292892,0.7124870387998036
HUMAN_OBSERVATION,Colombia,1526.956787109375,730256158.0,Corantioquia,6.73,-75.91,1641,21.0,,occurrence,0.04769266915633978,-0.08569680957160848
HUMAN_OBSERVATION,Colombia,1286.9259033203125,730256483.0,Corantioquia,5.66,-75.88,2309,22.0,,occurrence,0.5418289481733218,0.7658796414023757
HUMAN_OBSERVATION,Colombia,1569.6820068359375,730256700.0,Corantioquia,7.07,-75.15,3057,19.700000762939453,,occurrence,0.17827129130591923,1.8885103183642291
HUMAN_OBSERVATION,Colombia,1745.42333984375,730256791.0,Corantioquia,5.6,-75.82,2546,19.0,,occurrence,-0.18415759884332888,1.2342387655467073
HUMAN_OBSERVATION,Colombia,1522.85986328125,730258000.0,Corantioquia,6.92,-75.68,2341,20.600000381469727,,occurrence,0.16742052669057086,0.8802396576864285
HUMAN_OBSERVATION,Colombia,762.3966674804688,730258326.0,Corantioquia,6.86,-75.82,1696,24.200000762939453,,occurrence,1.0960828309696755,-0.20419975831899187
PRESERVED_SPECIMEN,Colombia,2480.591552734375,858396411.0,MCNB,1.229191,-76.91142,2036,13.5,,occurrence,-1.6808000858329502,0.7880423413558145
HUMAN_OBSERVATION,Colombia,959.4077758789062,998689857.0,Fundación Trópico (FT),4.396583,-76.164222,1141,23.399999618530277,,occurrence,0.6919871257008493,-0.9128821918273483
MACHINE_OBSERVATION,Colombia,1760.359375,1657216762.0,ProCAT,4.704226,-73.38045,3761,19.200000762939453,,occurrence,0.14535411530351325,2.89031109056221
MATERIAL_CITATION,Brazil,44.38266754150391,1699047417.0,PBDB,-5.666667,-37.833332,761,28.0,,occurrence,1.9514724439483773,-1.6839125649203035
LIVING_SPECIMEN,Brazil,645.195068359375,1848368396.0,Departamento Autônomo de Água e Esgotos de Araraquara (DAAE),-21.7428917,-48.1734241,1344,20.700000762939453,,occurrence,0.5521026730284999,-0.6090057603925606
MATERIAL_SAMPLE,Brazil,346.5960388183594,2248828750.0,"Pontificia Universidade do Rio Grande do Sul, Laboratorio de Biologia Genomica e Molecular",-11.524631,-54.355206,2100,24.899999618530277,,occurrence,1.6017242730485781,0.2697404005670205
PRESERVED_SPECIMEN,Brazil,681.565185546875,2570361948.0,NMR,-21.762,-43.343,1502,20.399999618530277,,occurrence,0.5204345419846418,-0.38011718949529794
PRESERVED_SPECIMEN,Brazil,334.0876770019531,2609064574.0,MCZ,-12.49964,-54.0332,2004,24.700000762939453,,occurrence,1.555441942612088,0.14214901415947903
PRESERVED_SPECIMEN,Brazil,268.4066772460937,3013407190.0,UNICAMP,-13.048056,-39.455278,981,22.600000381469727,,occurrence,1.019034504496096,-1.20868821606971
MACHINE_OBSERVATION,Ecuador,3206.031494140625,3051888310.0,,-4.39196,-79.11565,1041,12.0,,occurrence,-2.6796792088230603,-0.42769275739987866
MACHINE_OBSERVATION,Ecuador,228.14779663085935,3051906458.0,,0.84175,-78.75603,2671,25.200000762939453,,occurrence,1.8773136861883293,1.0246963905066064
MACHINE_OBSERVATION,Ecuador,2247.364013671875,3051918460.0,,-0.62412,-77.9088,2232,16.100000381469727,,occurrence,-1.065945013733298,0.953683433633092
MACHINE_OBSERVATION,Ecuador,2618.324462890625,3051934383.0,,-4.27213,-79.16477,1180,14.699999809265137,,occurrence,-1.8122728432910082,-0.3930527950839712
MACHINE_OBSERVATION,Ecuador,2181.16015625,3051941969.0,,-4.18418,-79.16247,1199,15.899999618530272,,occurrence,-1.312706445031091,-0.4611509243837244
MACHINE_OBSERVATION,Ecuador,1928.396728515625,3051949594.0,,-4.66796,-79.2486,1121,18.299999237060547,,occurrence,-0.7844715500210743,-0.6671839765386369
HUMAN_OBSERVATION,French Guiana,165.65586853027344,3846996773.0,,3.92404,-53.23477,2577,25.0,,occurrence,1.8670324948656412,0.8927134275334585
OCCURRENCE,Brazil,817.4661865234375,3967784599.0,Universidade de São Paulo,-22.2644713,-47.7639029,1373,19.299999237060547,,occurrence,0.2221354683555352,-0.5078148055948795
OCCURRENCE,Brazil,833.2280883789062,3967784612.0,Universidade de São Paulo,-22.2453713,-47.7122025,1371,19.200000762939453,,occurrence,0.19507523920556652,-0.5056543581994519
OCCURRENCE,Brazil,721.53173828125,3967788566.0,Universidade de São Paulo,-22.4239717,-47.7652044,1355,19.200000762939453,,occurrence,0.2703137472959875,-0.5434215891731634
OCCURRENCE,Brazil,1101.233642578125,3967814261.0,Departamento Estadual de Proteção de Recursos Naturais - DEPRN,-23.2837763,-46.9836997,1383,16.600000381469727,,occurrence,-0.3915077474616399,-0.38228930757059854
OCCURRENCE,Brazil,733.56884765625,3967814264.0,Departamento Estadual de Proteção de Recursos Naturais - DEPRN,-23.2004773,-46.8837008,1333,18.399999618530277,,occurrence,0.13329189362684296,-0.5505851923964372
OCCURRENCE,Brazil,1006.3973999023438,3967816354.0,Departamento Estadual de Proteção de Recursos Naturais - DEPRN,-23.2671788,-46.3503943,1425,17.0,,occurrence,-0.2520355167257697,-0.3490299989293963
PRESERVED_SPECIMEN,Brazil,1054.4197998046875,4097141716.0,UEL,-22.85,-44.8,1487,16.700000762939453,,occurrence,-0.31642372499445404,-0.24958103353288416
MACHINE_OBSERVATION,Colombia,2232.34033203125,4415797359.0,Fundación Humedales (Fund. Humedales),5.113341,-73.325291,1448,15.100000381469728,,occurrence,-1.4085125126547673,-0.0926519839879474
MACHINE_OBSERVATION,Colombia,2232.34033203125,4415797367.0,Fundación Humedales (Fund. Humedales),5.112645,-73.327075,1448,15.100000381469728,,occurrence,-1.4085125126547673,-0.0926519839879474
MACHINE_OBSERVATION,Colombia,2871.565185546875,4415797377.0,Fundación Humedales (Fund. Humedales),5.17517,-73.426151,1059,13.5,,occurrence,-2.2072137724382417,-0.49045839622477133
HUMAN_OBSERVATION,French Guiana,146.87625122070312,4548174497.0,,3.91451,-53.24036,2568,25.0,,occurrence,1.8780756045936455,0.8777466190976885
MACHINE_OBSERVATION,Colombia,2590.46240234375,4974387437.0,Fundación Humedales (Fund. Humedales),5.0969,-73.30944,1493,14.899999618530272,,occurrence,-1.6820653294446393,0.025126356185845154
MACHINE_OBSERVATION,Colombia,2614.6376953125,4974387556.0,Fundación Humedales (Fund. Humedales),5.255335,-73.339364,1083,14.300000190734863,,occurrence,-1.895791974063021,-0.515461473786969
PRESERVED_SPECIMEN,Colombia,3224.8701171875,4979119726.0,Instituto de Investigación de Recursos Biológicos Alexander von Humboldt (IAvH),5.229442,-75.388889,2063,8.899999618530273,,occurrence,-2.9089336897424682,1.0526747471956097
PRESERVED_SPECIMEN,Colombia,1989.001708984375,4979119855.0,Instituto de Investigación de Recursos Biológicos Alexander von Humboldt (IAvH),4.671667,-75.62,2748,16.5,,occurrence,-0.6896529250921771,1.610946088194616
MACHINE_OBSERVATION,Colombia,2118.284912109375,5284168454.0,Fundación Humedales (Fund. Humedales),5.126321,-73.283249,2065,17.100000381469727,,occurrence,-0.8632253685964373,0.6807736345032135
MACHINE_OBSERVATION,Colombia,2434.72705078125,5284168538.0,Fundación Humedales (Fund. Humedales),5.088078,-73.300614,1542,15.0,,occurrence,-1.5436444823488864,0.06720342834990363
,,281.8662414550781,,,,,1856,25.0,,background,1.6009119182677898,-0.07534213301772162
,,1195.3822021484375,,,,,1876,21.899999618530277,,background,0.48120957806993586,0.16416398932203738
,,1613.5968017578125,,,,,1196,18.799999237060547,,background,-0.4650458660608828,-0.6228504252643796
,,415.1035461425781,,,,,3337,24.600000381469727,,background,1.8220033829022473,1.9767186518976512
,,3535.997802734375,,,,,652,9.800000190734863,,background,-3.350937390213602,-0.8536962973714101
,,1472.539794921875,,,,,2077,19.899999618530277,,background,0.028410877127044085,0.5310628807984873
,,492.1154479980469,,,,,1751,24.299999237060547,,background,1.317367559151332,-0.1702521725255882
,,874.517578125,,,,,2463,22.899999618530277,,background,1.0121173401511558,0.893605603740527
,,2012.321044921875,,,,,1168,18.100000381469727,,background,-0.8628135192757588,-0.5857488225016151
,,1368.1953125,,,,,1780,20.899999618530277,,background,0.18046261140320785,0.08414654710169356
,,927.65576171875,,,,,1596,21.600000381469727,,background,0.5539368864392529,-0.2484265965411947
,,1109.0960693359375,,,,,1901,22.299999237060547,,background,0.6102815371305909,0.1754260912276118
,,2974.643798828125,,,,,1519,13.600000381469728,,background,-2.1479095273429762,0.14977292252714683
,,2781.55078125,,,,,666,15.699999809265137,,background,-1.905475691007057,-1.0981798648912486
,,1514.2864990234375,,,,,2608,19.700000762939453,,background,0.10326863530339278,1.2674503248705788
,,659.4259643554688,,,,,2021,23.600000381469727,,background,1.1598068351351096,0.24082838130987796
,,832.302978515625,,,,,2087,23.299999237060547,,background,1.0077806622886707,0.3635322316248282
,,1491.9501953125,,,,,1439,20.600000381469727,,background,-0.04032521482570539,-0.3559593880087493
,,953.64697265625,,,,,2010,22.600000381469727,,background,0.7944962466314446,0.2941902740718344
,,1659.244384765625,,,,,1213,19.0,,background,-0.46241192952088156,-0.5984210260208167
,,1795.55029296875,,,,,808,18.200000762939453,,background,-0.7852045908412125,-1.1109104297583854
,,1673.65869140625,,,,,1623,19.399999618530277,,background,-0.3068048365252027,-0.04704281619023827
,,2861.15087890625,,,,,984,14.300000190734863,,background,-2.0960453916070674,-0.6155291934443431
,,1179.1219482421875,,,,,1278,21.100000381469727,,background,0.21760311659344736,-0.633632502881748
,,896.4727783203125,,,,,1834,22.799999237060547,,background,0.8209937943047413,0.04040142909667729
,,1446.5927734375,,,,,1741,20.799999237060547,,background,0.09950404363407964,0.04470474100639515
,,1659.19091796875,,,,,1289,20.5,,background,-0.212635361768056,-0.5343250787141889
,,699.1341552734375,,,,,2192,23.399999618530277,,background,1.1444379369644242,0.4853001664306873
,,1274.440185546875,,,,,2304,21.700000762939453,,background,0.503344580049371,0.7652090191808884
,,1576.0308837890625,,,,,1673,20.399999618530277,,background,-0.07115903437602102,-0.019129914519074923
,,1793.282470703125,,,,,1826,18.799999237060547,,background,-0.43220709451933836,0.2630996950181139
,,1245.0096435546875,,,,,1864,21.899999618530277,,background,0.4429145255613701,0.1548486110882719
,,1124.1868896484375,,,,,1892,21.600000381469727,,background,0.48976112849062364,0.18380512881743208
,,511.0368041992188,,,,,1725,24.5,,background,1.3280292153856132,-0.2083532786009135
,,409.8196105957031,,,,,1901,24.399999618530277,,background,1.4293603783304873,0.020218538226590498
,,1874.2568359375,,,,,2908,19.600000381469727,,background,-0.09130186451781738,1.73108096791432
,,1881.755615234375,,,,,1223,18.100000381469727,,background,-0.7560964069319291,-0.5292455634996893
,,1137.140380859375,,,,,1906,21.899999618530277,,background,0.5302051884734899,0.19683304112050484
,,1407.9404296875,,,,,1374,20.200000762939453,,background,-0.05866012139964561,-0.44611442861548134
,,653.4664916992188,,,,,3033,24.0,,background,1.48317993117461,1.6114098429427735
,,2148.88720703125,,,,,1156,17.399999618530273,,background,-1.0703548994169596,-0.5641558403216921
,,263.3096618652344,,,,,2079,24.700000762939453,,background,1.6247984367489936,0.23448475469348032
,,1263.1727294921875,,,,,2519,20.899999618530277,,background,0.44322269957563537,1.0783776775763625
,,996.4103393554688,,,,,2288,22.299999237060547,,background,0.788846376545288,0.6878649819355862
,,3242.586669921875,,,,,1534,13.399999618530272,,background,-2.3650677439997874,0.21373156218201908
,,1521.2222900390625,,,,,1868,19.299999237060547,,background,-0.15153331764826652,0.26845820377453405
,,1274.768310546875,,,,,1292,21.899999618530277,,background,0.2761240271882587,-0.6220484852158794
,,944.8055419921876,,,,,1644,22.299999237060547,,background,0.6614953522119251,-0.19895180863521375
,,1363.6744384765625,,,,,1470,21.0,,background,0.12009046790716539,-0.3424872388118332
,,942.2702026367188,,,,,1456,22.799999237060547,,background,0.6922165846862331,-0.4692787092798899
,,671.423828125,,,,,2820,23.899999618530277,,background,1.4008294140223492,1.3257362004512152
,,266.3497314453125,,,,,1930,25.0,,background,1.6307738920453987,0.023502989649185256
,,418.203857421875,,,,,1741,24.700000762939453,,background,1.4287402085526424,-0.20502358998496828
,,965.5502319335938,,,,,1801,22.899999618530277,,background,0.7788991861556033,0.0025340171870045698
,,1120.6494140625,,,,,2536,21.700000762939453,,background,0.6716264336573702,1.0601182941328569
,,1537.0833740234375,,,,,1331,20.200000762939453,,background,-0.16131136555212935,-0.48643289096427506
,,3170.419921875,,,,,819,13.5,,background,-2.480539268740283,-0.7756204223830286
,,1218.795166015625,,,,,1132,20.700000762939453,,background,0.09081726779536597,-0.8167778467142912
,,382.404296875,,,,,1887,24.5,,background,1.4606213150827174,-0.005452631550741807
,,1871.8096923828125,,,,,1782,19.200000762939453,,background,-0.4377356803488301,0.20362020923666105
,,312.7337951660156,,,,,1897,24.700000762939453,,background,1.5433573132596101,-0.0070159460979788224
,,1945.3218994140625,,,,,800,17.600000381469727,,background,-0.9857451681259173,-1.0846187199186421
,,465.6627807617188,,,,,1879,24.200000762939453,,background,1.3533873345076939,0.003423839628007927
,,896.1455688476562,,,,,1451,22.899999618530277,,background,0.7390544079181135,-0.4853254092111667
,,1526.25390625,,,,,1174,20.0,,background,-0.22431975811922297,-0.6970881380948415
,,1448.15234375,,,,,1866,20.100000381469727,,background,0.022714900332814467,0.23414934493803916
,,1905.9525146484373,,,,,1236,18.899999618530277,,background,-0.6470955942663524,-0.5292090343813539
,,1363.472412109375,,,,,985,20.200000762939453,,background,-0.12614314927024847,-0.9836796712665977
,,1956.5714111328125,,,,,1666,18.299999237060547,,background,-0.6656936748462778,0.08109698616416046
,,370.015380859375,,,,,1821,24.799999237060547,,background,1.4986884417365294,-0.10528617100610933
,,1694.016357421875,,,,,1355,19.0,,background,-0.45094242830836145,-0.3995470331183552
,,427.797607421875,,,,,2110,24.600000381469727,,background,1.5005345518713704,0.3029050128796117
,,1691.6556396484375,,,,,1633,19.600000381469727,,background,-0.2863193940711493,-0.0361131332375858
,,287.7658996582031,,,,,1928,25.100000381469727,,background,1.6304165588907333,0.0211780280637335
,,357.0330505371094,,,,,1882,24.700000762939453,,background,1.5080817291363793,-0.021187491063844245
,,362.23919677734375,,,,,1859,24.700000762939453,,background,1.4985280281966853,-0.05185498087323929
,,2383.63916015625,,,,,1523,18.0,,background,-1.0514360755588648,-0.04539166366188927
,,408.9836120605469,,,,,1819,24.100000381469727,,background,1.362995803052149,-0.08394511813627319
,,1797.00537109375,,,,,1469,18.700000762939453,,background,-0.5411193318527678,-0.22125255264854513
,,1677.3668212890625,,,,,2183,19.299999237060547,,background,-0.1821931781890452,0.7208815475437308
,,451.5802917480469,,,,,1933,24.700000762939453,,background,1.4539331290364401,0.061932812050359186
,,2345.9501953125,,,,,1636,17.399999618530273,,background,-1.0880527887995595,0.11942678599239252
,,254.01144409179688,,,,,1785,25.299999237060547,,background,1.6486877486144174,-0.1842077565893582
,,246.18467712402344,,,,,2197,25.200000762939453,,background,1.7438022101994606,0.379960195826744
,,1799.6434326171875,,,,,1400,19.100000381469727,,background,-0.4991273767581468,-0.32568716707314804
,,2691.11376953125,,,,,894,16.100000381469727,,background,-1.7217622731984101,-0.8102873120113695
,,533.5560302734375,,,,,3020,25.0,,background,1.7186051859230016,1.5501129562113123
,,356.5838317871094,,,,,1411,24.100000381469727,,background,1.2963065870715575,-0.648587558089633
,,1325.12939453125,,,,,881,21.100000381469727,,background,0.012830828619026402,-1.1549791582425728
,,678.1722412109375,,,,,1965,23.399999618530277,,background,1.101517026431956,0.1723159925360591
,,252.171630859375,,,,,3142,25.299999237060547,,background,1.9955536886154137,1.6686839872197219
,,1208.214599609375,,,,,1848,21.399999618530277,,background,0.3881723336896375,0.14098313868449164
,,225.2754364013672,,,,,2988,25.399999618530277,,background,1.9907950645857282,1.4518992116570832
,,283.2865600585937,,,,,1872,25.0,,background,1.6039777779586029,-0.05328972192894294
,,290.367919921875,,,,,2032,24.600000381469727,,background,1.578257409922309,0.1768018814922004
,,257.1454162597656,,,,,1953,25.200000762939453,,background,1.6738847449691985,0.04830950549958598
,,2685.9501953125,,,,,1242,15.0,,background,-1.7984269036832898,-0.30668384468232673
,,1428.221435546875,,,,,1444,20.600000381469727,,background,0.006200298654652116,-0.35821288883859087
,,1468.8123779296875,,,,,1442,20.200000762939453,,background,-0.08456765929351012,-0.3445773679505608
,,1769.0399169921875,,,,,2128,19.200000762939453,,background,-0.27665255707552555,0.6614815179404813
,,289.6688537597656,,,,,1921,24.799999237060547,,background,1.5812055474293214,0.01982665419968401
,,361.6140441894531,,,,,1887,24.600000381469727,,background,1.4907430493916292,-0.011060942712810754
,,1133.6904296875,,,,,1710,21.200000762939453,,background,0.37523065871806044,-0.05280204811982253
,,1315.3671875,,,,,1272,21.200000762939453,,background,0.13468981288690393,-0.6250563187643791
,,968.4126586914062,,,,,1500,22.299999237060547,,background,0.6080629591570862,-0.3922377755194284
,,1855.7257080078125,,,,,1158,18.799999237060547,,background,-0.6466524865626356,-0.6402397627664657
,,892.3512573242188,,,,,2341,22.399999618530277,,background,0.891591741270994,0.7427686523279514
,,1445.719970703125,,,,,2317,20.100000381469727,,background,0.13928904823138452,0.8496998620503652
,,328.86083984375,,,,,2392,24.700000762939453,,background,1.6579574465373934,0.6712668956813236
,,1970.8785400390625,,,,,1801,18.600000381469727,,background,-0.5953979037337978,0.25955844369621706
,,1386.916015625,,,,,1595,20.299999237060547,,background,0.027905158096527136,-0.14995280300857192
,,3101.94189453125,,,,,597,13.699999809265137,,background,-2.4577288760744307,-1.0938389156763368
,,2228.972412109375,,,,,1341,17.899999618530273,,background,-1.0033162281690196,-0.3133306047401223
,,1621.7672119140625,,,,,1619,19.5,,background,-0.25561746471274255,-0.0625456914281224
,,2276.197998046875,,,,,1800,16.600000381469727,,background,-1.1196328934260102,0.35461415579754985
,,1017.4181518554688,,,,,2011,21.899999618530277,,background,0.6419552847517397,0.3231627834354486
,,659.1931762695312,,,,,1959,23.299999237060547,,background,1.0981066339954824,0.1640632473469719
,,1117.3306884765625,,,,,1590,22.399999618530277,,background,0.5405973739379881,-0.2507556063545108
,,4315.41796875,,,,,792,6.099999904632568,,background,-4.437017643098551,-0.4535507564652278
,,1616.767578125,,,,,1379,19.799999237060547,,background,-0.2671063239933751,-0.39894507825791414
,,1943.677734375,,,,,1618,18.600000381469727,,background,-0.6226841435950673,0.00577272623598974
,,1784.8958740234375,,,,,1937,19.600000381469727,,background,-0.2751135663770387,0.39232418985665873
,,2132.59375,,,,,1417,17.600000381469727,,background,-0.9616036074489454,-0.21534066802737786
,,1917.640380859375,,,,,1750,18.899999618530277,,background,-0.524504963963644,0.17438809113197948
,,1432.826416015625,,,,,2429,20.200000762939453,,background,0.19232428379969305,0.9981669311637356
,,766.9671630859375,,,,,1393,22.799999237060547,,background,0.8006521468754879,-0.5802945761936834
,,1007.2252807617188,,,,,1489,22.899999618530277,,background,0.6698560514408948,-0.41760228891831064
,,1616.1376953125,,,,,1514,20.100000381469727,,background,-0.18620413874601796,-0.22261221064334796
,,365.3831481933594,,,,,1821,24.799999237060547,,background,1.5019776791656727,-0.10594628455050549
,,2550.7314453125,,,,,1204,16.200000762939453,,background,-1.527779692459495,-0.40959408694693306
,,1963.302734375,,,,,1277,18.399999618530277,,background,-0.7541730539060295,-0.45181773370110384
,,1109.45458984375,,,,,1527,21.899999618530277,,background,0.45335199980625174,-0.32468440447837205
,,315.71844482421875,,,,,1819,25.200000762939453,,background,1.5981703918602475,-0.12633740913844466
,,2811.92578125,,,,,642,15.600000381469728,,background,-1.9485147691122238,-1.1239807244325541
,,256.9658203125,,,,,1877,25.0,,background,1.6239407527087488,-0.05021241524881232
,,981.8286743164062,,,,,2127,22.700000762939453,,background,0.8196381749128724,0.4553388759626008
,,1363.720458984375,,,,,1986,20.0,,background,0.09786683899061756,0.3886381091319872
,,1767.4736328125,,,,,806,18.0,,background,-0.7964954744217909,-1.1123515113081903
,,713.829833984375,,,,,1757,22.799999237060547,,background,0.9310761523567347,-0.09077916481325021
,,1639.650634765625,,,,,1357,19.600000381469727,,background,-0.3196751809168546,-0.42043673811290516
,,347.3671875,,,,,1675,24.200000762939453,,background,1.3854376787192695,-0.2920214234174734
,,2202.85205078125,,,,,1090,18.0,,background,-1.0333267657386955,-0.6624705028727084
,,3058.5439453125,,,,,748,13.100000381469728,,background,-2.4806149443068706,-0.8779402742443038
,,2275.41259765625,,,,,1130,17.399999618530273,,background,-1.1668184378756281,-0.5816316805700849
,,1984.1800537109373,,,,,1507,18.200000762939453,,background,-0.7411459808897819,-0.1294575713331724
,,1763.66650390625,,,,,1183,17.899999618530273,,background,-0.7131482911226634,-0.5954075879557805
,,2066.32470703125,,,,,728,16.600000381469727,,background,-1.2435912893301717,-1.139244344175661
,,3762.64453125,,,,,959,8.600000381469727,,background,-3.6180045244615573,-0.3704039073211446
,,1178.74853515625,,,,,1432,21.100000381469727,,background,0.2570843095734704,-0.42337937506838297
,,245.38998413085935,,,,,2700,24.899999618530277,,background,1.826378038891066,1.0746934461509017
,,911.3388061523438,,,,,1602,22.0,,background,0.6284870664221781,-0.25314046510317123
,,3138.122802734375,,,,,922,11.5,,background,-2.7385572558430185,-0.5866514972627915
,,493.9093933105469,,,,,1848,24.0,,background,1.2947178055239592,-0.02959406974851945
,,2146.689453125,,,,,1068,17.299999237060547,,background,-1.1065625674852613,-0.6819984731823635
,,1350.664794921875,,,,,1522,21.0,,background,0.1425700842653296,-0.2733286396152522
,,1532.0262451171875,,,,,1829,21.700000762939453,,background,0.1994803219101017,0.15324401134254942
,,1070.700439453125,,,,,1369,22.299999237060547,,background,0.5020717567624347,-0.5565582687828474
,,1668.131103515625,,,,,1535,19.100000381469727,,background,-0.37136592432416193,-0.16006879822552234
,,960.6055908203124,,,,,1713,23.200000762939453,,background,0.8060783129004573,-0.1262824937629739
,,294.8896179199219,,,,,2487,24.899999618530277,,background,1.7369891661312509,0.7908691112290497
,,380.7888793945313,,,,,2225,24.600000381469727,,background,1.563199029489192,0.45325300504095845
,,3719.6845703125,,,,,571,9.899999618530272,,background,-3.4866366543793794,-0.9407813806481444
,,1539.709228515625,,,,,1302,21.200000762939453,,background,-0.016970606702094132,-0.5521178227508944
,,248.74166870117188,,,,,1854,25.200000762939453,,background,1.6546417324983278,-0.08808499890331749
,,758.0057983398438,,,,,1910,23.700000762939453,,background,1.0769006232871265,0.10064639246175393
,,3147.1328125,,,,,609,12.5,,background,-2.671070224428124,-1.0392643263115533
,,2162.569091796875,,,,,1503,17.5,,background,-0.9763475862472055,-0.09097964051871597
,,1301.2003173828125,,,,,2727,21.700000762939453,,background,0.5920596403485915,1.3466820802212982
,,834.0748901367188,,,,,2277,23.100000381469727,,background,1.0241880428111874,0.6285447657079216
,,1531.7623291015625,,,,,1726,21.0,,background,0.06592558652477754,0.031066176443501074
,,239.35494995117188,,,,,2961,25.299999237060547,,background,1.9585629256421908,1.4196793220306587
,,954.0811157226562,,,,,1822,22.600000381469727,,background,0.7463138437083027,0.03751453049644415
,,723.9020385742188,,,,,1894,23.299999237060547,,background,1.035606196057363,0.08451888171760676
,,530.8029174804688,,,,,2037,24.200000762939453,,background,1.3473675239328529,0.22847543901557482
,,778.955322265625,,,,,2356,23.299999237060547,,background,1.1141623022530314,0.7232832394344194
,,497.6284790039063,,,,,1916,24.5,,background,1.3861882230371179,0.05057046368249201
,,1633.4818115234375,,,,,2294,21.0,,background,0.13833800270332755,0.8212369854015705
,,2117.272705078125,,,,,1174,17.899999618530273,,background,-0.9665274288386685,-0.5573077781441386
,,2372.189453125,,,,,1750,16.200000762939453,,background,-1.2619626097605874,0.3105944652905148
,,1343.0693359375,,,,,1032,20.600000381469727,,background,-0.03825087857704984,-0.9329851808207301
,,1615.277587890625,,,,,1906,19.600000381469727,,background,-0.1625658235833181,0.3258184441992989
,,1817.94677734375,,,,,1413,19.100000381469727,,background,-0.5088136982611308,-0.3053257272178379
,,1921.8519287109373,,,,,2352,17.799999237060547,,background,-0.5431456408311967,1.0261964544189994
,,1268.343017578125,,,,,2048,21.299999237060547,,background,0.38104743450370276,0.4253224295027593
,,461.4049377441406,,,,,1825,24.5,,background,1.3887365764693698,-0.07886347905794265
,,807.3480224609375,,,,,1694,22.799999237060547,,background,0.8486282014049259,-0.16348682347491258
,,345.7350769042969,,,,,2268,24.399999618530277,,background,1.5683216803554212,0.5122708015364108
,,723.0851440429688,,,,,1687,23.200000762939453,,background,0.9681150011451333,-0.19563646824528927
,,678.5982055664062,,,,,2134,23.700000762939453,,background,1.1903275669422009,0.3952305930710901
,,1684.540283203125,,,,,1850,19.100000381469727,,background,-0.3028030597402028,0.27244164287924444
,,514.1292114257812,,,,,3452,24.200000762939453,,background,1.7195363337011955,2.1584595720094
,,1762.1826171875,,,,,1496,18.899999618530277,,background,-0.4787991338787824,-0.19463422425957297
,,1201.532958984375,,,,,992,20.399999618530277,,background,0.02134657876262716,-1.002488543835152
,,344.9257202148437,,,,,2264,24.899999618530277,,background,1.6446728637511003,0.49346496953311625
,,1118.640625,,,,,1764,22.0,,background,0.5225402499967767,-0.002367697906585636
,,250.5581970214844,,,,,1792,25.399999618530277,,background,1.6682814379573103,-0.177786089011482
,,276.6328125,,,,,2017,25.100000381469727,,background,1.6609857134089674,0.1411321916275761
,,337.7141418457031,,,,,2503,24.700000762939453,,background,1.6799370365947839,0.8241129706482085
,,806.597412109375,,,,,1722,22.899999618530277,,background,0.8716504551629657,-0.12800188088375714
,,2887.74560546875,,,,,987,15.0,,background,-2.006652642266828,-0.6261616358879941
,,2594.13134765625,,,,,1680,14.600000381469728,,background,-1.6831280099559047,0.2889579577936605
,,758.6585693359375,,,,,2020,23.299999237060547,,background,1.0430122682884717,0.26154066464610204
,,2395.885009765625,,,,,1500,16.5,,background,-1.2963737324245936,-0.03537198649424126
,,1304.5458984375,,,,,2308,21.299999237060547,,background,0.4215495371032611,0.7855441527132189
,,968.6529541015624,,,,,1635,22.399999618530277,,background,0.657629103686717,-0.21048968639218166
,,2813.05712890625,,,,,648,15.300000190734863,,background,-1.9938672898049612,-1.1076889481750287
,,311.6376342773437,,,,,3361,25.100000381469727,,background,1.978378715832293,1.9815213254361392
,,1872.59375,,,,,1328,19.100000381469727,,background,-0.5692624218158641,-0.4136164682061017
,,331.5748291015625,,,,,1729,25.100000381469727,,background,1.5486336136022665,-0.24433849901937413
,,917.1629028320312,,,,,1434,22.600000381469727,,background,0.6737245300391027,-0.49760920616531823
,,1632.6856689453125,,,,,1324,19.700000762939453,,background,-0.30777388898121927,-0.4691405295043414
,,1245.025146484375,,,,,1552,20.600000381469727,,background,0.16378575301623824,-0.2368316027036397
,,387.6893615722656,,,,,1885,24.5,,background,1.4563592180322635,-0.007430737747854668
,,1316.8480224609375,,,,,1054,20.700000762939453,,background,0.001329613486380415,-0.9093236790766379
,,1454.749267578125,,,,,1363,20.100000381469727,,background,-0.11005817547144144,-0.45182023602412735
,,2323.28271484375,,,,,1292,17.600000381469727,,background,-1.1288384748799198,-0.3588698499091062
,,4334.8291015625,,,,,591,5.400000095367432,,background,-4.609498675415097,-0.7067561433295471
,,507.6661376953125,,,,,2125,23.600000381469727,,background,1.2940514122784212,0.36122699935061064
,,433.627685546875,,,,,2869,24.399999618530277,,background,1.6589556657369013,1.3455368645816088
,,2845.796875,,,,,846,14.5,,background,-2.0895665271686394,-0.8114647300250633
,,1009.9613647460938,,,,,1806,22.700000762939453,,background,0.7179192978566258,0.020982093868957795
,,805.467041015625,,,,,1821,22.700000762939453,,background,0.8669455617929849,0.012325136470229028
,,2734.526123046875,,,,,1431,14.800000190734863,,background,-1.8155087296855092,-0.03636713264732847
,,2292.71728515625,,,,,1574,17.0,,background,-1.1274776541806548,0.03775445952830419
,,977.918701171875,,,,,1439,22.399999618530277,,background,0.6011383934127864,-0.47683189224135636
,,3233.24853515625,,,,,858,13.800000190734863,,background,-2.4691439510007407,-0.7213444711384722
,,420.0333251953125,,,,,1887,24.399999618530277,,background,1.418542769647896,0.0025552792577578005
,,228.9123077392578,,,,,3201,25.399999618530277,,background,2.0424529781906386,1.7432957324480751
,,491.7601623535156,,,,,1638,23.600000381469727,,background,1.1813314999123152,-0.3060993343572371
,,1151.486328125,,,,,1102,21.100000381469727,,background,0.19240817538888105,-0.8779208041871874
,,452.8200073242188,,,,,1895,24.700000762939453,,background,1.443376151194793,0.010215704566202818
,,582.89892578125,,,,,1635,24.299999237060547,,background,1.2233650309437936,-0.3157276957551415
,,1061.111328125,,,,,1431,22.799999237060547,,background,0.6014641084071093,-0.48648396554399564
,,1434.9986572265625,,,,,2166,20.0,,background,0.09309082960772444,0.644608172278807
,,2126.0029296875,,,,,1154,17.399999618530273,,background,-1.0546146216136147,-0.5701482017513678
,,983.3557739257812,,,,,1706,23.0,,background,0.7574232576226478,-0.12730865437452626
,,1119.947265625,,,,,1663,22.5,,background,0.5726879013749603,-0.15333767318458622
,,3120.9658203125,,,,,1337,12.399999618530272,,background,-2.482463821751661,-0.0461721998943078
,,232.3672790527344,,,,,2198,25.299999237060547,,background,1.7692270441832525,0.37671122318984485
,,1856.5047607421875,,,,,1432,19.100000381469727,,background,-0.5313544556767815,-0.27388415865934945
,,725.1299438476562,,,,,1746,23.200000762939453,,background,0.9816873653056131,-0.11477316547727406
,,873.3920288085938,,,,,1290,22.100000381469727,,background,0.5913405567610389,-0.6872688405486318
,,1571.1605224609375,,,,,884,18.799999237060547,,background,-0.5143635619578366,-1.0549729658565343
,,3920.791015625,,,,,641,9.199999809265137,,background,-3.719125128039802,-0.7980098508984949
,,2140.61865234375,,,,,1695,18.299999237060547,,background,-0.788996372164854,0.14692767025192857
,,2597.963134765625,,,,,1220,16.399999618530273,,background,-1.5265255345203306,-0.3863045206911872
,,1368.763671875,,,,,1933,21.0,,background,0.23437949871004882,0.2905226474034838
,,1715.122314453125,,,,,2618,19.399999618530277,,background,-0.08287079109208187,1.3176633944053378
,,463.98431396484375,,,,,1915,24.600000381469727,,background,1.425182562913334,0.04176478784181122
,,892.3530883789062,,,,,1934,22.399999618530277,,background,0.787948046232993,0.1869592982324024
,,899.9436645507812,,,,,2246,23.299999237060547,,background,1.0002399211755049,0.5903057958862893
,,2317.3740234375,,,,,1264,16.399999618530273,,background,-1.3160813461755418,-0.36620217816276857
,,731.0780029296875,,,,,3259,23.399999618530277,,background,1.3934665193645883,1.94697480959245
,,2570.396484375,,,,,1398,17.600000381469727,,background,-1.2773151822551512,-0.17889873752773644
,,2486.258056640625,,,,,1231,16.100000381469727,,background,-1.4904822182259208,-0.3792643290561154
,,1941.2918701171875,,,,,1572,17.899999618530273,,background,-0.740217106103531,-0.03886683701181263
,,900.5936889648438,,,,,1695,22.600000381469727,,background,0.7519534823182149,-0.1435421131481834
,,1209.389404296875,,,,,1848,22.100000381469727,,background,0.4948513581177199,0.12263134348428478
,,2029.5111083984373,,,,,1542,17.899999618530273,,background,-0.810498962062742,-0.06726397493865353
,,3192.81787109375,,,,,517,13.399999618530272,,background,-2.588706774713833,-1.1822019354934368
,,294.9926452636719,,,,,2192,25.0,,background,1.677153445343686,0.3853786354594386
,,1959.5260009765625,,,,,2032,19.0,,background,-0.46707667273518916,0.5628177840318049
,,1649.6307373046875,,,,,1429,19.399999618530277,,background,-0.33914518806712596,-0.3153982698242798
,,501.2359008789063,,,,,1856,24.100000381469727,,background,1.3069116989966216,-0.02027061409612261
,,283.4130859375,,,,,1897,25.200000762939453,,background,1.6409723234444589,-0.02442226897621356
,,1431.364990234375,,,,,1348,19.799999237060547,,background,-0.14335052670887063,-0.4677001563928091
,,1103.9921875,,,,,1007,21.700000762939453,,background,0.2940950639979694,-1.0302969607018577
,,333.78125,,,,,3795,25.100000381469727,,background,2.0731729994198798,2.577358394097364
,,1006.63232421875,,,,,1842,22.5,,background,0.6987324080378245,0.07496142945730992
,,1382.236328125,,,,,1413,20.799999237060547,,background,0.06167693852306261,-0.4123915291640144
,,855.1402587890625,,,,,1501,22.799999237060547,,background,0.7655447030492769,-0.4202419582552899
,,2231.612548828125,,,,,1099,18.299999237060547,,background,-1.005380130672563,-0.6540181504672857
,,426.65325927734375,,,,,1378,24.0,,background,1.2227894540287654,-0.6810223920697852
,,689.2525634765625,,,,,2096,23.600000381469727,,background,1.157726403145856,0.3475007222023955
,,606.7723999023438,,,,,3049,24.200000762939453,,background,1.55112882889402,1.6213145214807454
,,656.2125244140625,,,,,1825,22.600000381469727,,background,0.9585871424051003,-0.0008361781104748525
,,260.0526733398437,,,,,1944,25.200000762939453,,background,1.669528524804535,0.036433172122474676
,,338.9461669921875,,,,,2175,24.899999618530277,,background,1.6262549851532555,0.37107217939106646
,,330.07867431640625,,,,,1898,24.700000762939453,,background,1.5312957797721485,-0.0031785988831268624
,,837.0068359375,,,,,1434,22.200000762939453,,background,0.6692054295519311,-0.4984494144064531
,,360.0503845214844,,,,,1778,25.100000381469727,,background,1.5408916352858932,-0.1733649531346431
,,997.6527709960938,,,,,2084,22.200000762939453,,background,0.7206568523156743,0.41209997178588004
,,539.56689453125,,,,,3120,24.100000381469727,,background,1.6015708969619804,1.7113424666651607
,,312.9482421875,,,,,1834,25.0,,background,1.573239042650198,-0.10095657407565066
,,1345.021240234375,,,,,1380,21.299999237060547,,background,0.15649412042851357,-0.4759884802117319
,,236.42210388183597,,,,,1789,25.399999618530277,,background,1.677555190142564,-0.18389742127533817
,,1109.545654296875,,,,,2838,22.5,,background,0.8792871384445794,1.4497901193749856
,,755.7284545898438,,,,,2134,22.899999618530277,,background,1.0126869260355624,0.427386811739781
,,406.9413146972656,,,,,1817,24.700000762939453,,background,1.4560908413225153,-0.1028410070759281
,,1444.57275390625,,,,,1958,19.799999237060547,,background,0.0026072242275510106,0.36721361781492545
,,3111.687744140625,,,,,707,14.399999618530272,,background,-2.3291246336929756,-0.960750459145326
,,1355.7005615234375,,,,,1672,20.5,,background,0.10039667279886051,-0.054539189492551106
,,1275.743408203125,,,,,1670,21.200000762939453,,background,0.2641762574717628,-0.08718389700324271
,,225.29757690429688,,,,,2824,25.100000381469727,,background,1.90293987659595,1.235876545524747
,,1149.842529296875,,,,,1260,21.799999237060547,,background,0.34132296946024493,-0.6809053691533498
,,2782.396484375,,,,,741,14.399999618530272,,background,-2.086644712820481,-0.9612446430368101
,,2771.0341796875,,,,,929,16.399999618530273,,background,-1.7235221758553192,-0.7590381816085492
,,711.5679321289062,,,,,2432,22.600000381469727,,background,1.0738529122959406,0.8359869441235056
,,765.2099609375,,,,,1498,23.299999237060547,,background,0.9054331810702361,-0.45038229106404715
,,378.015869140625,,,,,1461,24.0,,background,1.2784616177866979,-0.574606510299884
,,383.7169799804688,,,,,1831,24.700000762939453,,background,1.4761469796195161,-0.08703181874205242
,,390.3101196289063,,,,,1813,24.899999618530277,,background,1.4975995110476839,-0.11596469476189479
,,1027.2093505859375,,,,,1610,23.299999237060547,,background,0.7479144492178442,-0.2600961587561081
,,2380.039794921875,,,,,1697,16.600000381469727,,background,-1.2195973761026275,0.22875263318356068
,,3232.748291015625,,,,,775,13.600000381469728,,background,-2.5206426595183125,-0.8294714900244622
,,254.48968505859372,,,,,1922,25.0,,background,1.6371582298708585,0.010887876117235592
,,383.25335693359375,,,,,3047,24.799999237060547,,background,1.8014889047482132,1.57085727188893
,,227.68760681152344,,,,,2698,25.399999618530277,,background,1.9152338507215856,1.0562115355301072
,,1297.9873046875,,,,,1366,20.600000381469727,,background,0.0788137643385999,-0.48329062173235715
,,277.840576171875,,,,,1931,24.399999618530277,,background,1.530715017058113,0.042379712587599504
,,354.7983703613281,,,,,1930,24.700000762939453,,background,1.5218917036890962,0.0440440854828932
,,1899.1539306640625,,,,,2068,19.100000381469727,,background,-0.39968145182196285,0.6007314108634573
,,1464.5601806640625,,,,,1575,19.5,,background,-0.15519310168547149,-0.14503591130139334
,,429.3303527832031,,,,,2233,24.299999237060547,,background,1.4846908672097707,0.47903220930825585
,,892.5563354492188,,,,,1727,23.0,,background,0.8272454053505149,-0.11156983664043231
,,1325.599365234375,,,,,2165,21.0,,background,0.3241081502115409,0.601196680535191
,,750.2271118164062,,,,,1775,23.299999237060547,,background,0.9866100876527356,-0.07423912465193841
,,857.3082275390625,,,,,1506,23.0,,background,0.795996676488849,-0.41839610250273496
,,3726.162841796875,,,,,816,8.600000381469727,,background,-3.628514646359747,-0.5708871679824956
,,2951.401123046875,,,,,1486,15.300000190734863,,background,-1.878705664809979,0.05641992414435073
,,1029.7755126953125,,,,,1919,22.0,,background,0.6251119279745604,0.19664059884795107
,,2810.989501953125,,,,,1623,14.300000190734863,,background,-1.8977058932745705,0.24995734139804668
,,1921.95947265625,,,,,847,17.399999618530273,,background,-0.9879056845700175,-1.018472348560914
,,1532.5445556640625,,,,,1963,20.399999618530277,,background,0.0335679547561447,0.3707045133392743
,,3820.843505859375,,,,,562,9.899999618530272,,background,-3.560759037340683,-0.9386564173737701
,,1610.107177734375,,,,,1393,20.200000762939453,,background,-0.1973755425720833,-0.3913578909452949
,,1500.1591796875,,,,,986,20.0,,background,-0.25366464634314695,-0.9575443623632758
,,1930.701416015625,,,,,1332,18.600000381469727,,background,-0.6862997618126527,-0.38664537491645246
,,1798.23876953125,,,,,1303,18.299999237060547,,background,-0.6457032712735684,-0.4371882012695172
,,388.6213989257813,,,,,1359,24.100000381469727,,background,1.2603156980801131,-0.7150345944211459
,,2216.13427734375,,,,,1933,19.0,,background,-0.6744983737820648,0.46418865952975863
,,1264.4609375,,,,,1352,21.700000762939453,,background,0.2680041678937605,-0.5362886290345202
,,860.0252685546875,,,,,2250,22.799999237060547,,background,0.9528085391363125,0.6033077438623874
,,1056.0928955078125,,,,,2275,20.899999618530277,,background,0.5281306211270503,0.7156552458402637
,,1609.076171875,,,,,1864,20.5,,background,-0.03062655049447767,0.2437680634868123
,,3025.744140625,,,,,1052,13.899999618530272,,background,-2.257039098614192,-0.4886289797225383
,,3196.75146484375,,,,,802,13.199999809265137,,background,-2.549642785567128,-0.7871468959351997
,,3790.53466796875,,,,,685,8.800000190734863,,background,-3.6768646363197184,-0.745902043723243
,,2747.485107421875,,,,,1236,15.100000381469728,,background,-1.8282901941201912,-0.3087542110326763
,,1008.376708984375,,,,,1706,21.899999618530277,,background,0.5707072629713152,-0.09464146684523059
,,2588.103515625,,,,,1476,16.100000381469727,,background,-1.500411081857121,-0.030172633373151493
,,1225.29248046875,,,,,1302,21.600000381469727,,background,0.2677251958210987,-0.6075059774122142
,,1473.29345703125,,,,,1182,19.600000381469727,,background,-0.24611261816823513,-0.683127846393445
,,1748.31787109375,,,,,727,17.0,,background,-0.9566009010321399,-1.196509727753474
,,1463.7098388671875,,,,,1141,20.200000762939453,,background,-0.15759400381820388,-0.7563578047418142
,,2506.53759765625,,,,,1731,15.699999809265137,,background,-1.4389935745581517,0.3170207990190119
,,2235.015625,,,,,1520,18.399999618530277,,background,-0.8852300100068567,-0.08125043249106721
,,1375.06005859375,,,,,1362,20.700000762939453,,background,0.03842672396165624,-0.4804155260549338
,,939.1414184570312,,,,,2253,22.600000381469727,,background,0.8666761504867116,0.6239701870596434
,,607.5668334960938,,,,,1791,24.100000381469727,,background,1.2148564261827157,-0.09388365149997312
,,1240.6334228515625,,,,,2826,21.700000762939453,,background,0.660277053250239,1.4732479645414447
,,1456.03955078125,,,,,1312,20.299999237060547,,background,-0.09324365015667482,-0.5265744368905728
,,1184.4271240234375,,,,,2404,21.399999618530277,,background,0.546648438212506,0.8968811466111309
,,1933.54638671875,,,,,1703,18.5,,background,-0.6092039727764791,0.1230527483720297
,,1517.0458984375,,,,,1347,20.100000381469727,,background,-0.15836791433563246,-0.464792701354431
,,1226.1298828125,,,,,2074,21.299999237060547,,background,0.4176428601746091,0.4548131373245542
,,1691.5306396484375,,,,,1623,18.700000762939453,,background,-0.42700821090383384,-0.025976825321108087
,,3021.225341796875,,,,,1054,13.899999618530272,,background,-2.2533211085978997,-0.4865416772662352
,,3899.033203125,,,,,953,8.800000190734863,,background,-3.6856607487024236,-0.36445286683695577
,,281.0751647949219,,,,,1825,25.100000381469727,,background,1.6089385786730408,-0.12043486684900388
,,328.18121337890625,,,,,2393,24.899999618530277,,background,1.6894125376862905,0.6672445046834138
,,273.72515869140625,,,,,2736,24.799999237060547,,background,1.8000662226095794,1.1305394631213566
,,2744.811279296875,,,,,1012,16.5,,background,-1.6684069302156843,-0.6520737450318485
,,339.57110595703125,,,,,3331,25.0,,background,1.9355452643012863,1.9471788090543094
,,2303.16015625,,,,,1432,17.100000381469727,,background,-1.155694058599565,-0.15732182776251472
,,1886.889892578125,,,,,1574,18.5,,background,-0.6089241149883957,-0.05976170848674484
,,510.37689208984375,,,,,2489,24.0,,background,1.4462550348456122,0.8481186243425508
,,441.6775512695313,,,,,1759,24.399999618530277,,background,1.370578572096296,-0.1691603987444605
,,624.8148803710938,,,,,2426,23.299999237060547,,background,1.2414392101963387,0.7969113392740529
,,307.1704406738281,,,,,3766,25.299999237060547,,background,2.1154017136508663,2.528671927709053
,,974.9542846679688,,,,,1587,22.299999237060547,,background,0.6255724241218961,-0.27249613871539985
,,1065.9127197265625,,,,,2152,22.5,,background,0.7355802013560954,0.5067530795720038
,,900.274658203125,,,,,2445,22.600000381469727,,background,0.943167232515163,0.8806316158777093
,,326.4935607910156,,,,,1798,24.200000762939453,,background,1.4315814440309815,-0.12702405956255483
,,602.8134155273438,,,,,2978,23.899999618530277,,background,1.4897826638914764,1.5317277578374537
,,3366.3271484375,,,,,534,11.600000381469728,,background,-2.9840446721020455,-1.0866397109898396
,,978.41357421875,,,,,1831,21.600000381469727,,background,0.5777376403429814,0.07972862875004795
,,752.6761474609375,,,,,1520,23.0,,background,0.8738585042602047,-0.41418787621163744
,,1077.8599853515625,,,,,1478,21.600000381469727,,background,0.41723181107070334,-0.3881656531170738
,,2143.4287109375,,,,,1550,18.5,,background,-0.7971977741584243,-0.05597881182926449
,,1831.791259765625,,,,,1848,18.299999237060547,,background,-0.530744048436976,0.3118591226899819
,,3164.6640625,,,,,787,13.0,,background,-2.561396035785981,-0.8069126837977909
,,878.2281494140625,,,,,3079,23.299999237060547,,background,1.2277827206334433,1.7247773556581902
,,263.4537658691406,,,,,3620,25.299999237060547,,background,2.1092650326462157,2.3230607730199413
,,701.4288940429688,,,,,1946,23.200000762939453,,background,1.049446836660606,0.15497444855203982
,,244.14431762695312,,,,,2724,25.299999237060547,,background,1.8948101507528907,1.0967085632344709
,,1572.629638671875,,,,,2758,20.399999618530277,,background,0.2075509446823877,1.4620891579611066
,,621.0850219726562,,,,,1945,23.700000762939453,,background,1.1830375226599619,0.12893147479275044
,,1233.759765625,,,,,1534,21.600000381469727,,background,0.320791491066074,-0.2894742151850112
,,2022.65185546875,,,,,1399,18.200000762939453,,background,-0.7959660443743947,-0.2714627339362682
,,957.9265747070312,,,,,2629,22.0,,background,0.8569313667047586,1.1559959776540387
,,1017.953125,,,,,1391,21.5,,background,0.4222566464140252,-0.512866462072013
,,1790.2379150390625,,,,,1504,19.700000762939453,,background,-0.3738110326415415,-0.20087603479010172
,,1741.7496337890625,,,,,1553,19.100000381469727,,background,-0.4190569856536861,-0.12499657300267537
,,1833.935546875,,,,,1545,19.100000381469727,,background,-0.48655319073778097,-0.12278467933538006
,,818.5952758789062,,,,,2295,22.700000762939453,,background,0.9783274360746561,0.6615024972664628
,,1878.07861328125,,,,,1985,19.0,,background,-0.421211366272699,0.4870267700636169
,,2055.270263671875,,,,,1104,18.600000381469727,,background,-0.8328132289842077,-0.6802564002797422
,,510.4709167480469,,,,,2436,24.200000762939453,,background,1.4634099884034877,0.770462649727646
,,1589.8416748046875,,,,,1306,19.899999618530277,,background,-0.2512172333492846,-0.5051184146943198
,,533.9566650390625,,,,,1897,24.0,,background,1.278759028711928,0.04302849664488619
,,432.3022155761719,,,,,1860,24.5,,background,1.4183144588456489,-0.035213849425707384
,,1709.9652099609375,,,,,1177,19.600000381469727,,background,-0.4154408074288302,-0.6562292078023776
,,974.0743408203124,,,,,1397,21.700000762939453,,background,0.48565996546049145,-0.5162168457040957
,,443.2048950195313,,,,,1822,24.700000762939453,,background,1.4316141898948578,-0.09084515931148678
,,423.790771484375,,,,,1404,24.0,,background,1.2314429281148427,-0.6459240438464245
,,412.3636779785156,,,,,1834,24.899999618530277,,background,1.487287449655407,-0.08414382824014204
,,4268.134765625,,,,,609,5.800000190734863,,background,-4.496120855995504,-0.7022615158764178
,,2300.373779296875,,,,,1481,17.700000762939453,,background,-1.0490835366817968,-0.10667684624157224
,,627.6597900390625,,,,,1767,23.700000762939453,,background,1.1330413052399302,-0.11321294679371265
,,1071.3631591796875,,,,,1192,21.600000381469727,,background,0.34901526069758787,-0.7796603981123097
,,1337.7208251953125,,,,,1664,22.100000381469727,,background,0.35687076106410665,-0.11035597268137438
,,326.9489440917969,,,,,1893,25.0,,background,1.578321807189803,-0.018389502632687883
,,1114.4296875,,,,,1704,21.200000762939453,,background,0.3873793525506532,-0.06374054219918819
,,1383.1546630859375,,,,,2037,20.200000762939453,,background,0.12777235486580887,0.4557632565507203
,,504.4611511230469,,,,,1345,23.299999237060547,,background,1.0516232717754244,-0.6964808594208384
,,1443.989013671875,,,,,1992,19.899999618530277,,background,0.027038885226312745,0.4109160936707944
,,733.9666748046875,,,,,1818,23.299999237060547,,background,1.009106167987476,-0.01783440813961929
,,1052.390625,,,,,1360,22.100000381469727,,background,0.4820634156773473,-0.5661669614187236
,,1933.8966064453125,,,,,1807,19.600000381469727,,background,-0.41401986689756404,0.23602612340884915
,,1209.806884765625,,,,,1289,21.899999618530277,,background,0.3214876303216124,-0.6354026510967306
,,4214.94580078125,,,,,809,8.199999809265137,,background,-4.0388064113107545,-0.500210414660589
,,1443.3292236328125,,,,,1378,20.0,,background,-0.11348840561050544,-0.430317650064287
,,674.5216064453125,,,,,1230,23.100000381469727,,background,0.8708648558292448,-0.8240022719864988
,,1420.84033203125,,,,,1371,20.600000381469727,,background,-0.007147978760172675,-0.45895539663050366
,,398.31256103515625,,,,,1460,23.899999618530277,,background,1.248435699551113,-0.5704341593127706
,,937.8056640625,,,,,1810,23.799999237060547,,background,0.9391228657677331,-0.012939452413071215
,,1992.214111328125,,,,,1696,17.899999618530273,,background,-0.7447992167741204,0.13772737963206935
,,718.8983764648438,,,,,1732,23.0,,background,0.9518290093233557,-0.1294887322293274
,,445.8693237304688,,,,,1767,24.0,,background,1.3082032887837234,-0.14705566388936064
,,1669.466796875,,,,,1368,19.700000762939453,,background,-0.32268670343157085,-0.4038115309274641
,,735.445556640625,,,,,2643,23.5,,background,1.2488601329470481,1.103726233290872
,,2831.524169921875,,,,,967,14.899999618530272,,background,-1.987183214316245,-0.6588403410729403
,,1312.98828125,,,,,1096,20.600000381469727,,background,-0.0005934667741424598,-0.8498718257760135
,,538.7061767578125,,,,,1736,24.200000762939453,,background,1.2651060736223128,-0.18145161426521692
,,928.9766235351562,,,,,3024,22.399999618530277,,background,1.0395106358957118,1.6807102060255708
,,2518.53271484375,,,,,1005,17.100000381469727,,background,-1.4173603394168053,-0.709752416991194
,,2102.342529296875,,,,,2257,17.899999618530273,,background,-0.680140331583243,0.9195371197905383
,,343.4927673339844,,,,,1588,24.100000381469727,,background,1.3506752208083703,-0.4087373630105158
,,322.0145263671875,,,,,2567,25.100000381469727,,background,1.7688185360627564,0.8986933599716672
,,1975.981689453125,,,,,1377,19.100000381469727,,background,-0.6301978891545246,-0.33196757785818837
,,424.169189453125,,,,,2968,24.600000381469727,,background,1.7216003774620023,1.4740947033548955
,,574.2072143554688,,,,,1721,24.299999237060547,,background,1.2514366741927243,-0.19952250217259043
,,3545.356201171875,,,,,978,10.199999809265137,,background,-3.213130785919883,-0.4177511262532737
,,889.1913452148438,,,,,2355,23.100000381469727,,background,1.0049138389010825,0.7429178991607855
,,1612.9813232421875,,,,,2328,19.5,,background,-0.06883223594796356,0.904430823897572
,,276.7369689941406,,,,,1856,25.100000381469727,,background,1.6199131657518957,-0.0787186855635557
,,962.962890625,,,,,1534,21.700000762939453,,background,0.5284369377919964,-0.33070957046972577
,,3222.765625,,,,,1015,12.699999809265137,,background,-2.5906695256762178,-0.4793335202369592
,,2169.27099609375,,,,,1521,17.399999618530273,,background,-0.9918818287798669,-0.0627977203985496
,,3857.7265625,,,,,695,9.699999809265137,,background,-3.58379841438971,-0.7464810239637026
,,549.0917358398438,,,,,2210,23.899999618530277,,background,1.3323582342459415,0.4752717290884688
,,392.0782165527344,,,,,1904,24.5,,background,1.4580811400234883,0.01914157961036702
,,451.823974609375,,,,,3401,24.600000381469727,,background,1.8122266620620706,2.069351512328921
,,262.25048828125,,,,,2023,25.200000762939453,,background,1.688085228958549,0.14463079201602416
,,436.7335815429688,,,,,1955,23.899999618530277,,background,1.34720541474936,0.11102567215270258
,,1619.840087890625,,,,,908,18.5,,background,-0.5888950932362312,-1.0073241238903206
,,1662.7884521484375,,,,,1328,19.899999618530277,,background,-0.2974127005432656,-0.4646794148617714
,,341.2194519042969,,,,,1838,24.899999618530277,,background,1.5388238584702103,-0.08881969124903223
,,984.4010620117188,,,,,1738,23.299999237060547,,background,0.8109067404656987,-0.09139645281703594
,,2051.36865234375,,,,,1761,19.299999237060547,,background,-0.5552250565739839,0.19788445582078346
,,296.3810119628906,,,,,1693,24.200000762939453,,background,1.4262254334920457,-0.2747059172395243
,,2583.2470703125,,,,,760,15.699999809265137,,background,-1.740727913004763,-0.9980702111276626
,,1458.0897216796875,,,,,1511,20.5,,background,-0.013306005238703525,-0.25981400343856037
,,910.9259643554688,,,,,1490,22.700000762939453,,background,0.7077726832741087,-0.4246685729678526
,,4037.40478515625,,,,,791,8.100000381469727,,background,-3.9326814106171954,-0.5474464680644646
,,1103.8824462890625,,,,,1878,22.299999237060547,,background,0.6081266647069261,0.14327373843057667
,,2172.11962890625,,,,,1287,17.5,,background,-1.0381335114803034,-0.38459377432880887
,,2314.34765625,,,,,1100,18.0,,background,-1.1099506275906907,-0.6329256324307343
,,802.5626220703125,,,,,1631,22.799999237060547,,background,0.835983273581316,-0.2502031762486079
,,334.4078369140625,,,,,1891,24.600000381469727,,background,1.5110801237999794,-0.009475444642878953
,,371.2762756347656,,,,,2912,24.700000762939453,,background,1.7602570636180048,1.3874365886504807
,,1343.4278564453125,,,,,2908,20.700000762939453,,background,0.4545763034670694,1.6263339076608567
,,1747.466796875,,,,,1387,18.899999618530277,,background,-0.4961065909105546,-0.3455844827109891
,,1142.61279296875,,,,,1264,21.700000762939453,,background,0.3321164494240257,-0.673827577861828
,,239.849853515625,,,,,2243,25.299999237060547,,background,1.7753730801833534,0.4392306745253383
,,1033.5177001953125,,,,,3022,22.299999237060547,,background,0.9494101488910675,1.6955221270667304
,,3462.841552734375,,,,,534,11.899999618530272,,background,-3.0065003090686298,-1.0808227590222532
,,427.5606384277344,,,,,1882,24.299999237060547,,background,1.3965654827743625,-0.0005545647798819522
,,1912.2335205078125,,,,,1889,18.700000762939453,,background,-0.5159872400232975,0.36873071353316217
,,4057.11328125,,,,,947,7.900000095367432,,background,-3.9376686757247232,-0.32630912394932887
,,1315.6378173828125,,,,,1907,21.100000381469727,,background,0.2808410790212209,0.24480010532027188
,,1448.6143798828125,,,,,1843,19.899999618530277,,background,-0.014188269698190037,0.20809701584212956
,,354.38653564453125,,,,,1649,24.200000762939453,,background,1.3738325176947548,-0.32652740074367226
,,2337.97216796875,,,,,1195,18.0,,background,-1.1025341135398945,-0.49982460449746624
,,2538.72314453125,,,,,779,15.0,,background,-1.8117872759448377,-0.9599489955162933
,,1212.9794921875,,,,,2787,21.700000762939453,,background,0.6699821117013339,1.4160477596984482
,,1706.2061767578125,,,,,1294,20.0,,background,-0.3215415995454299,-0.5075690766895201
,,218.79721069335935,,,,,1823,25.5,,background,1.7140873655527915,-0.14262338472470032
,,1225.29248046875,,,,,1302,21.600000381469727,,background,0.2677251958210987,-0.6075059774122142
,,1665.3814697265625,,,,,2087,19.5,,background,-0.167410882603536,0.5827823082888132
,,4537.41015625,,,,,685,4.5,,background,-4.86764071778393,-0.5257082564286694
,,325.1783142089844,,,,,1864,24.899999618530277,,background,1.5568351760951897,-0.05559935864462257
,,252.47576904296875,,,,,2683,25.200000762939453,,background,1.8630947712954304,1.0445507407356867
,,1813.62353515625,,,,,1210,20.200000762939453,,background,-0.3884885120222225,-0.6122653971284798
,,1002.8284912109376,,,,,2570,22.799999237060547,,background,0.9328952702679268,1.0606580203818985
,,1149.7369384765625,,,,,1399,21.5,,background,0.33071731491785855,-0.48316168386674174
,,559.5223388671875,,,,,3142,24.200000762939453,,background,1.6083623796849078,1.7415843596516791
,,1475.959228515625,,,,,1337,20.299999237060547,,background,-0.10102189557607039,-0.4895951553900902
,,3159.093017578125,,,,,583,13.100000381469728,,background,-2.594029618496475,-1.0889398111731652
,,630.5445556640625,,,,,2020,23.600000381469727,,background,1.1800601818376373,0.23534702785561126
,,349.5622863769531,,,,,2595,24.399999618530277,,background,1.6488744959540178,0.9593757635810926
,,247.93798828125,,,,,1791,25.399999618530277,,background,1.669887335785489,-0.17952510587997125
,,812.1777954101562,,,,,1828,23.0,,background,0.9100398922833876,0.014904052170330603
,,4136.48583984375,,,,,714,5.800000190734863,,background,-4.375901898095969,-0.5776313803494468
,,1234.462158203125,,,,,1025,21.600000381469727,,background,0.19067608295835373,-0.9844775463345038
,,1245.0460205078125,,,,,1290,20.299999237060547,,background,0.050975508731233105,-0.5866857066497471
,,757.8323974609375,,,,,1825,23.5,,background,1.0246603854879037,-0.010165275769899043
,,254.73028564453125,,,,,1901,25.299999237060547,,background,1.677716672231389,-0.0256927500928155
,,1670.7587890625,,,,,1028,18.200000762939453,,background,-0.6405702177516811,-0.8282561386087893
,,2213.576904296875,,,,,1550,17.399999618530273,,background,-1.0159575536927026,-0.016880791357496656
,,2076.08837890625,,,,,1832,18.399999618530277,,background,-0.6929288993435564,0.3221769194002056
,,873.2550048828125,,,,,1621,22.700000762939453,,background,0.7678810290722943,-0.25113989824980404
,,2459.5791015625,,,,,1787,15.899999618530272,,background,-1.3606710914057323,0.38151284760132087
,,1329.6322021484375,,,,,1569,20.299999237060547,,background,0.061960131453451556,-0.1936222639060933
,,1881.17431640625,,,,,2172,18.200000762939453,,background,-0.4986620783189849,0.7640046748900318
,,1427.613037109375,,,,,2147,21.5,,background,0.3238820699713565,0.5779248244372805
,,623.3826904296875,,,,,1854,24.100000381469727,,background,1.2196688911018054,-0.0055954101166433646
,,1045.783203125,,,,,1814,22.700000762939453,,background,0.6945202656553227,0.0370118682313297
,,3540.690185546875,,,,,655,10.699999809265137,,background,-3.2152743098144354,-0.8727411122613254
,,764.178466796875,,,,,1621,23.5,,background,0.9682056714681267,-0.2878485532656484
,,972.8208618164062,,,,,2736,21.600000381469727,,background,0.8121667964303732,1.314822801340724
,,833.131591796875,,,,,2025,23.200000762939453,,background,0.9760452264300981,0.2816270842821528
,,241.6020050048828,,,,,2204,25.299999237060547,,background,1.7641975842588484,0.38622096582461096
,,1653.596435546875,,,,,1680,20.200000762939453,,background,-0.1551717819599031,0.006774063976394073
,,235.29103088378903,,,,,1894,25.100000381469727,,background,1.6590196188852597,-0.032731141764430295
,,1890.657958984375,,,,,1560,18.600000381469727,,background,-0.5998057493192812,-0.08098910933751326
,,861.1221313476562,,,,,1891,22.399999618530277,,background,0.7991744669276966,0.12378684902824012
,,858.85986328125,,,,,1800,23.299999237060547,,background,0.915838814117675,-0.02461783966054191
,,1064.4140625,,,,,1704,22.0,,background,0.5457662556470579,-0.09203275713453798
,,926.599609375,,,,,1261,22.0,,background,0.5308152156889224,-0.7166440595764517
,,315.7463684082031,,,,,2113,24.700000762939453,,background,1.5962224748406604,0.28838848623568614
,,1594.5296630859375,,,,,1389,20.0,,background,-0.218051069139334,-0.3937490404228169
,,287.40240478515625,,,,,1772,25.100000381469727,,background,1.5909493273586854,-0.19191136355690439
,,2740.562744140625,,,,,877,15.300000190734863,,background,-1.884076001423732,-0.8052914570462666
,,329.9376220703125,,,,,2164,24.899999618530277,,background,1.6298505912533165,0.35476654059992707
,,1679.009521484375,,,,,1272,20.100000381469727,,background,-0.29247312386797475,-0.5441340913936711
,,1552.81103515625,,,,,1453,20.399999618530277,,background,-0.11069409233801741,-0.3228764749003599
,,2827.162109375,,,,,849,14.699999809265137,,background,-2.0448524761896323,-0.8153145814365094
,,1549.7198486328125,,,,,1052,19.899999618530277,,background,-0.2874086890664906,-0.8577048513231454
,,271.1253662109375,,,,,3335,25.200000762939453,,background,2.015883690640507,1.9375962749392537
,,1329.8780517578125,,,,,1360,21.100000381469727,,background,0.1314360883021835,-0.5001677961948212
,,2197.1064453125,,,,,1496,18.200000762939453,,background,-0.8951410557162421,-0.11413650478875483
,,1389.5240478515625,,,,,1379,20.299999237060547,,background,-0.02895106075975342,-0.44455627432297523
,,940.6820068359376,,,,,1844,22.5,,background,0.7460714474978623,0.06829447011923469
,,1299.06396484375,,,,,1663,21.5,,background,0.29191127069027023,-0.10135676962898024
,,371.8450927734375,,,,,2165,24.600000381469727,,background,1.5542708209504588,0.3700409406948957
,,992.0076904296876,,,,,2131,21.5,,background,0.6291205957660558,0.49399913571505705
,,1208.75634765625,,,,,1279,21.799999237060547,,background,0.3043280213589233,-0.6465630045135701
,,463.72015380859375,,,,,1986,24.299999237060547,,background,1.397373037629027,0.1466233866577595
,,755.7284545898438,,,,,2134,22.899999618530277,,background,1.0126869260355624,0.427386811739781
,,579.4334106445312,,,,,1783,23.600000381469727,,background,1.1560010216526884,-0.09558980005441554
,,651.0836791992188,,,,,3272,23.700000762939453,,background,1.4996562390649693,1.9453915730916422
,,936.7718505859376,,,,,1356,21.600000381469727,,background,0.4863478616425723,-0.574877655292129
,,392.12298583984375,,,,,1817,24.799999237060547,,background,1.4819717626567233,-0.10759824234535455
,,407.645263671875,,,,,1821,24.700000762939453,,background,1.456609582497249,-0.09727818888949953
,,240.1528167724609,,,,,2722,25.299999237060547,,background,1.897135120636834,1.093408505613994
,,2246.384521484375,,,,,1070,18.200000762939453,,background,-1.0386129745240815,-0.6888706632633669
,,2114.736328125,,,,,1258,17.799999237060547,,background,-0.9586949143617993,-0.44031106484221594
,,1636.117431640625,,,,,1434,19.399999618530277,,background,-0.3282764653961055,-0.31049584741355674
,,323.7998046875,,,,,1839,24.899999618530277,,background,1.5514477822077968,-0.08993644206294714
,,2382.11376953125,,,,,1800,16.600000381469727,,background,-1.1948411450449155,0.36970761943873165
,,2911.0830078125,,,,,915,14.5,,background,-2.118353822144464,-0.707933003039405
,,919.2412109375,,,,,1401,22.600000381469727,,background,0.6638453358288228,-0.542378682574097
,,1062.664794921875,,,,,1550,22.299999237060547,,background,0.5538692564143496,-0.3105251517536436
,,1963.212646484375,,,,,2033,18.5,,background,-0.5462348988381408,0.5779367655872928
,,711.544921875,,,,,1703,24.100000381469727,,background,1.1186149104566196,-0.19924136812847348
,,1285.209228515625,,,,,2322,21.600000381469727,,background,0.48492235979331183,0.7939705244639371
,,286.1994323730469,,,,,1793,24.899999618530277,,background,1.5664330232293129,-0.1581134377501876
,,1392.0,,,,,1355,20.200000762939453,,background,-0.052179546963894416,-0.47433289621549857
,,388.837646484375,,,,,2960,24.600000381469727,,background,1.744651262639894,1.4581347982465818
,,628.8973388671875,,,,,1939,24.0,,background,1.2220392149678958,0.11391423533102903
,,2205.26318359375,,,,,1431,17.700000762939453,,background,-0.9942802624359747,-0.18851180426085273
,,2665.6748046875,,,,,1187,16.100000381469727,,background,-1.6290863354661147,-0.41378417867792516
,,1027.7808837890625,,,,,2046,22.299999237060547,,background,0.7049456968238182,0.36185402987979176
,,1323.14697265625,,,,,2383,21.299999237060547,,background,0.42744008138673667,0.8906168068962675
,,1149.382568359375,,,,,1404,21.600000381469727,,background,0.3476012667469669,-0.4790296638623619
,,410.2521362304688,,,,,1324,23.899999618530277,,background,1.2053253451175463,-0.7544577974997685
,,1408.4537353515625,,,,,1352,20.299999237060547,,background,-0.04926811801099517,-0.4787306014555696
,,362.8815612792969,,,,,2286,24.899999618530277,,background,1.6375251428416535,0.526067518894749
,,248.263916015625,,,,,2071,25.299999237060547,,background,1.7255987215677808,0.205542114030111
,,1518.7559814453125,,,,,1166,19.600000381469727,,background,-0.2824688613860741,-0.6984992459901304
,,2081.96875,,,,,1792,18.700000762939453,,background,-0.6612131727004577,0.26045304864577234
,,394.851806640625,,,,,1891,24.5,,background,1.4528012351121702,0.0017836957395065609
,,1518.518798828125,,,,,2295,19.799999237060547,,background,0.035916830989228515,0.8379670784475419
,,1152.3446044921875,,,,,2886,22.0,,background,0.7843247339862818,1.534667179225629
,,358.890380859375,,,,,3047,24.700000762939453,,background,1.803429689272897,1.570030998743021
,,1232.6181640625,,,,,2072,20.899999618530277,,background,0.35109038480667104,0.46358887889301825
,,1525.551513671875,,,,,1425,19.700000762939453,,background,-0.20598088072744639,-0.3464794336334578
,,345.50390625,,,,,2108,24.799999237060547,,background,1.589177893163025,0.2831553802297156
,,1748.60498046875,,,,,2171,18.5,,background,-0.3587054897460363,0.735810559936935
,,1550.7669677734375,,,,,1424,19.899999618530277,,background,-0.19342256508748593,-0.3495429128489538
,,1389.8714599609375,,,,,1858,21.299999237060547,,background,0.24636957178380392,0.18317190541575126
,,253.36398315429688,,,,,1927,25.299999237060547,,background,1.6853077409821744,0.009618811121875867
,,1309.5262451171875,,,,,954,19.899999618530277,,background,-0.14180862882335218,-1.025764804869094
,,1600.961669921875,,,,,1395,20.299999237060547,,background,-0.17501345630508305,-0.392575473066517
,,3156.434814453125,,,,,1310,13.899999618530272,,background,-2.2841398131383426,-0.11767358129089243
,,1224.590576171875,,,,,2819,21.100000381469727,,background,0.5777319958806474,1.4772760105426521
,,2632.5322265625,,,,,1239,15.600000381469728,,background,-1.6691058817266728,-0.33426661852230855
,,1016.3638305664062,,,,,1422,21.899999618530277,,background,0.49271530756706466,-0.48134093435269426
,,277.0714416503906,,,,,1827,25.100000381469727,,background,1.6122908257874817,-0.1182741638406034
,,873.4580078125,,,,,1605,22.399999618530277,,background,0.7175852656385151,-0.2650241529462084
,,1149.59375,,,,,2967,21.600000381469727,,background,0.7454686659018331,1.6554732272327286
,,1713.1263427734375,,,,,908,18.5,,background,-0.655135427716039,-0.9940304219556332
,,888.1985473632812,,,,,1806,23.200000762939453,,background,0.8811752341548822,-0.009597636319508532
,,392.1304931640625,,,,,2163,24.899999618530277,,background,1.58543427399458,0.36226367289258116
,,634.88623046875,,,,,1899,23.5,,background,1.1308055847043095,0.07337064790875301
,,2330.836181640625,,,,,1120,16.600000381469727,,background,-1.3315918992616176,-0.5662250635730094
,,328.74334716796875,,,,,1821,25.0,,background,1.5587128720055012,-0.11645883475810583
,,3514.522705078125,,,,,783,8.899999618530273,,background,-3.4405605644676904,-0.6540492389613372
,,963.0498046875,,,,,1586,22.899999618530277,,background,0.7259250115923971,-0.29143180649817546
,,1797.202880859375,,,,,1989,19.100000381469727,,background,-0.3474057739590628,0.47831851592259045
,,1862.720947265625,,,,,2074,18.899999618530277,,background,-0.4030015135330549,0.6090245211880031
,,1109.0960693359375,,,,,1901,22.299999237060547,,background,0.6102815371305909,0.1754260912276118
,,562.0300903320312,,,,,1668,23.399999618530277,,background,1.1083558482553508,-0.24982557533806046
,,229.4920959472656,,,,,1840,25.5,,background,1.7108222272999716,-0.11788368147504903
,,718.1156005859375,,,,,1571,24.100000381469727,,background,1.0803354792545388,-0.37856759533751705
,,600.593505859375,,,,,2185,23.700000762939453,,background,1.25870396579205,0.4537614850904129
,,1620.8177490234375,,,,,2088,20.299999237060547,,background,-0.012640596503450008,0.5566326393029202
,,513.8240356445312,,,,,1749,24.799999237060547,,background,1.3782385890352784,-0.18311784716529175
,,832.7094116210938,,,,,1557,23.700000762939453,,background,0.9339640619387531,-0.37077384700846905
,,738.8639526367188,,,,,3122,23.600000381469727,,background,1.383769053262798,1.7557024186150672
,,1164.77294921875,,,,,1485,21.799999237060547,,background,0.3880174002314729,-0.37151196090181854
,,2265.19287109375,,,,,1538,16.899999618530273,,background,-1.1324596875142825,-0.012684803216763527
,,345.1070556640625,,,,,2302,24.799999237060547,,background,1.6388617133020789,0.548030191686231
,,1921.7880859375,,,,,1737,19.200000762939453,,background,-0.48468337298955166,0.14928919876701527
,,622.8501586914062,,,,,1506,23.700000762939453,,background,1.0699929587167494,-0.47032661935625825
,,1545.9896240234375,,,,,1206,19.700000762939453,,background,-0.2762617597130111,-0.6426389171024554
,,2055.342529296875,,,,,1670,17.600000381469727,,background,-0.8423230129898489,0.11915396719637948
,,1011.0545654296876,,,,,2121,21.700000762939453,,background,0.643767518009419,0.47776592605708074
,,2009.2218017578125,,,,,1754,18.700000762939453,,background,-0.6192339932643819,0.19819251590374967
,,3727.05810546875,,,,,1012,9.199999809265137,,background,-3.4870850217507003,-0.3189705495433002
,,1687.474609375,,,,,1371,19.899999618530277,,background,-0.3039918157082265,-0.40243962843772624
,,1999.642333984375,,,,,1361,18.200000762939453,,background,-0.7893042199842599,-0.32663546443832203
,,218.1783142089844,,,,,2890,25.200000762939453,,background,1.940161043306409,1.3223476995348704
,,1610.37158203125,,,,,2273,19.600000381469727,,background,-0.06562577627099672,0.8263039082086315
,,231.42376708984372,,,,,1850,25.299999237060547,,background,1.6812789420808394,-0.09866093665143823
,,3449.52490234375,,,,,955,10.600000381469728,,background,-3.0895040683982486,-0.4733993060579219
,,815.5072631835938,,,,,3202,23.799999237060547,,background,1.3804362993604131,1.870583308080577
,,889.82421875,,,,,1742,23.299999237060547,,background,0.8790820893064163,-0.09941156691743565
,,1158.518798828125,,,,,2201,21.100000381469727,,background,0.4672745174953305,0.6239038769795255
,,3122.811767578125,,,,,1184,12.300000190734863,,background,-2.538094903882915,-0.25220427610325863
,,1254.77587890625,,,,,2113,20.200000762939453,,background,0.23828442462066765,0.5412562595471516
,,1002.846435546875,,,,,1905,22.5,,background,0.7174636028590361,0.16045633581174376
,,2471.21875,,,,,772,15.800000190734863,,background,-1.6427644174868867,-1.0002928414480265
,,2305.05322265625,,,,,943,16.700000762939453,,background,-1.342997946360627,-0.8142605867448639
,,305.7177429199219,,,,,1892,24.5,,background,1.5163478477518946,-0.00955267508831679
,,281.2973937988281,,,,,1818,25.100000381469727,,background,1.60699823185034,-0.1299625773660331
,,2099.2001953125,,,,,1545,17.5,,background,-0.9206555671651916,-0.04265371242617622
,,320.66912841796875,,,,,2177,24.899999618530277,,background,1.6397423715696868,0.37119887212452984
,,1726.4002685546875,,,,,1463,19.299999237060547,,background,-0.40035837979779665,-0.25538139501376456
,,478.0885620117188,,,,,1360,23.799999237060547,,background,1.1509646367831274,-0.692982678359493
,,443.4107666015625,,,,,1843,24.399999618530277,,background,1.3907384253952304,-0.05420085839149608
,,508.2860412597656,,,,,1867,24.0,,background,1.2893476350327902,-0.0015984479294346512
,,1216.71728515625,,,,,1344,21.200000762939453,,background,0.22307351747054235,-0.5407893216090591
,,2496.725830078125,,,,,1326,17.700000762939453,,background,-1.227979114314918,-0.2903677811428057
,,1451.6689453125,,,,,1416,20.700000762939453,,background,-0.002220331554930344,-0.3957546406450555
,,1351.0733642578125,,,,,1254,20.5,,background,-0.0027612059458606984,-0.6260300819863968
,,3669.244384765625,,,,,696,9.399999618530272,,background,-3.49578416188338,-0.7640381376363737
,,499.90325927734375,,,,,1989,24.600000381469727,,background,1.4185214522456713,0.14793968929325713
,,1984.42041015625,,,,,1638,18.299999237060547,,background,-0.6925987711249084,0.04682807459363423
,,1085.4609375,,,,,2327,22.200000762939453,,background,0.7201862345076764,0.7564600403235588
,,1023.134033203125,,,,,1656,22.200000762939453,,background,0.5935731817016968,-0.1687565886035845
,,921.5074462890624,,,,,1474,22.5,,background,0.6654664845706207,-0.4397194573665829
,,2470.091064453125,,,,,1024,17.100000381469727,,background,-1.3781247413656437,-0.690708679189998
,,1681.078369140625,,,,,1454,19.600000381469727,,background,-0.324391009476453,-0.28206742140797864
,,337.3484191894531,,,,,3455,25.0,,background,1.9687000936506864,2.116199639535628
,,898.7896728515625,,,,,1682,22.899999618530277,,background,0.7960009549587864,-0.16948910151955723
,,710.6608276367188,,,,,1726,23.799999237060547,,background,1.0790224038083123,-0.16002114095602724
,,2346.486083984375,,,,,1318,17.299999237060547,,background,-1.1847709632883403,-0.31212017641121353
,,936.7421875,,,,,2175,22.200000762939453,,background,0.7870811135661989,0.5276918741977235
,,2588.5439453125,,,,,1024,15.899999618530272,,background,-1.6465435961324433,-0.6420814194860589
,,1710.790283203125,,,,,1864,19.700000762939453,,background,-0.22572331005126564,0.2794275402828077
,,4244.18212890625,,,,,800,6.099999904632568,,background,-4.384397583065861,-0.4527771724805222
,,2318.0498046875,,,,,1665,19.0,,background,-0.815112245718745,0.11272441271977872
,,2127.66064453125,,,,,1450,18.5,,background,-0.8114662098813824,-0.19478838967289963
,,2265.760009765625,,,,,1602,17.399999618530273,,background,-1.0397697464161175,0.061568061530897465
,,261.07232666015625,,,,,2060,25.200000762939453,,background,1.6983438491927152,0.19499104561996686
,,1344.72802734375,,,,,1181,19.399999618530277,,background,-0.18579418456858265,-0.6975233943285715
,,1758.1591796875,,,,,2674,20.100000381469727,,background,0.00834336579745415,1.381752160121488
,,1294.0303955078125,,,,,2863,20.299999237060547,,background,0.41675672806158637,1.5684238350793285
,,862.1571044921875,,,,,1755,22.5,,background,0.7791662831447078,-0.06443635159215143
,,2568.12060546875,,,,,1182,16.200000762939453,,background,-1.5457296100605629,-0.43715981805812326
,,2702.837890625,,,,,1050,14.0,,background,-2.0129013324643568,-0.5400214014917339
,,493.2108459472656,,,,,1588,24.100000381469727,,background,1.2443640003882102,-0.3874018778008317
,,932.8189697265624,,,,,1780,22.299999237060547,,background,0.7046390781390843,-0.014934867737600313
,,1234.3125,,,,,2102,21.600000381469727,,background,0.46503999110582883,0.48627988687528156
,,1190.6536865234375,,,,,1298,21.5,,background,0.27594370098518084,-0.6152590517335755
,,868.549072265625,,,,,1247,22.399999618530277,,background,0.6299064196246945,-0.7546176590001508
,,295.9049072265625,,,,,2421,24.899999618530277,,background,1.7194613586801215,0.7008825055005934
,,2350.3115234375,,,,,1568,16.299999237060547,,background,-1.277415065643852,0.056287348494085364
,,1839.357666015625,,,,,1734,18.799999237060547,,background,-0.48835175169122486,0.14402805890010012
,,2053.81396484375,,,,,1225,18.399999618530277,,background,-0.8316846902156053,-0.509932015627203
,,399.797607421875,,,,,1914,24.5,,background,1.4551462817097087,0.03389788268482898
,,1003.101806640625,,,,,2953,23.0,,background,1.0609501475397485,1.5784403526228044
,,446.2911682128906,,,,,1819,24.5,,background,1.39794060437906,-0.08921101128025079
,,592.0509033203125,,,,,3064,23.899999618530277,,background,1.5193247331593673,1.6476378531937266
,,1316.3062744140625,,,,,2090,20.399999618530277,,background,0.2194540788503406,0.5133240563533452
,,1110.251953125,,,,,1590,21.399999618530277,,background,0.39203366015133795,-0.2253083717931929
,,310.3942565917969,,,,,1819,24.799999237060547,,background,1.5405146743359455,-0.1165136948253472
,,838.561279296875,,,,,1526,23.200000762939453,,background,0.8451195756509726,-0.3990463306355364
,,3748.62255859375,,,,,860,8.899999618530273,,background,-3.587181240835082,-0.5155358089977556
,,1551.700927734375,,,,,1473,19.5,,background,-0.24304391942944872,-0.27191178143505407
,,1013.324951171875,,,,,1448,21.799999237060547,,background,0.4861349590975951,-0.44362211406610713
,,2290.84814453125,,,,,1403,17.5,,background,-1.0929004299433875,-0.2092618698391261
,,1305.928955078125,,,,,2889,21.0,,background,0.5224419611742344,1.5871064874857304
,,940.2078247070312,,,,,1903,22.0,,background,0.6846374032976459,0.16202679962755634
,,1185.405517578125,,,,,1047,20.600000381469727,,background,0.0775221655410567,-0.9349685850723616
,,1162.514892578125,,,,,1371,21.799999237060547,,background,0.3605907356068428,-0.5275150611439758
,,2379.8984375,,,,,1078,16.799999237060547,,background,-1.3464072605578377,-0.6218809177524444
,,1139.7042236328125,,,,,1935,22.100000381469727,,background,0.5664876521051508,0.23151032481793887
,,2747.484130859375,,,,,1488,14.199999809265137,,background,-1.9023490233747322,0.05919370051486696
,,984.887451171875,,,,,1652,22.600000381469727,,background,0.6811485678216549,-0.19025178136096169
,,1135.513916015625,,,,,2262,21.5,,background,0.5605793634086234,0.6933463567833722
,,296.05926513671875,,,,,1812,25.100000381469727,,background,1.5949882829908213,-0.1360526992622322
,,248.77276611328125,,,,,2271,25.200000762939453,,background,1.7608085420089723,0.4813853035412059
,,1121.512939453125,,,,,1563,21.799999237060547,,background,0.438597966934436,-0.27115790670842255
,,504.9041748046875,,,,,2090,24.600000381469727,,background,1.4406900334486241,0.28658052633311887
,,1416.44482421875,,,,,2735,21.100000381469727,,background,0.42011032313762514,1.389903535826359
,,699.3175659179688,,,,,2065,23.5,,background,1.1273262738786503,0.309246244713526
,,787.9097290039062,,,,,2857,23.100000381469727,,background,1.2046655965289306,1.4140288690993241
,,1525.0980224609375,,,,,1776,20.399999618530277,,background,-0.008763919147998046,0.1142713642972113
,,916.3104248046876,,,,,1296,21.899999618530277,,background,0.5316749817786628,-0.6676678093829894
,,579.5659790039062,,,,,1924,23.799999237060547,,background,1.2225303393482954,0.09169113285035106
,,570.4907836914062,,,,,2733,24.5,,background,1.5424991847951544,1.1766697696422284
,,799.9349365234375,,,,,1547,22.899999618530277,,background,0.8318176361562096,-0.36793579118720077
,,366.5680541992188,,,,,1413,24.0,,background,1.2743672551879541,-0.6417879026264401
,,1160.092529296875,,,,,2308,22.0,,background,0.6316356385565352,0.7464397017375614
,,1381.114013671875,,,,,877,20.200000762939453,,background,-0.16617218668191833,-1.1286532290848752
,,1196.3983154296875,,,,,1944,21.600000381469727,,background,0.4517273053862345,0.26510810550810854
,,752.2283935546875,,,,,1713,23.100000381469727,,background,0.9386828940141096,-0.1533315529349411
,,2662.8681640625,,,,,753,15.100000381469728,,background,-1.8912014959173349,-0.9804096577659812
,,1146.221923828125,,,,,1876,22.200000762939453,,background,0.5621943358552894,0.1492216073462284
,,1291.281494140625,,,,,2922,22.399999618530277,,background,0.756272366884569,1.5930464346731406
,,1727.3583984375,,,,,2244,18.100000381469727,,background,-0.3864653818078032,0.8430558806398986
,,4285.95751953125,,,,,708,4.699999809265137,,background,-4.652515282416162,-0.5354231674598305
,,1836.557373046875,,,,,1406,19.0,,background,-0.5391702577023655,-0.30958740589812284
,,1823.4876708984373,,,,,1525,19.0,,background,-0.49958647071643975,-0.14894045080215115
,,1172.930908203125,,,,,2172,21.200000762939453,,background,0.46501505899867823,0.5837089152569324
,,1956.025390625,,,,,1770,19.299999237060547,,background,-0.4852322442561198,0.19658825166550534
,,943.7918701171876,,,,,1608,23.200000762939453,,background,0.7912791231461471,-0.2720692098952809
,,1753.76806640625,,,,,1416,19.299999237060547,,background,-0.43176012941084624,-0.3156657660746448
,,1901.00146484375,,,,,798,17.299999237060547,,background,-1.000860810696867,-1.0857290021790738
,,294.9714660644531,,,,,2007,25.0,,background,1.6300583047083588,0.13273488322628027
,,1811.9068603515625,,,,,1505,19.5,,background,-0.41966112991835036,-0.19113127182837483
,,395.74560546875,,,,,2146,24.5,,background,1.517102222772447,0.35014559139336643
,,1004.1570434570312,,,,,1919,22.600000381469727,,background,0.7354571402524971,0.17711625282144292
,,298.10186767578125,,,,,3256,25.0,,background,1.9458928554038009,1.8388473408345913
,,1483.58349609375,,,,,1836,20.200000762939453,,background,0.005275673415625431,0.19558406376731138
,,2602.5234375,,,,,945,15.5,,background,-1.7380234215470751,-0.7373913177961504
,,1707.9727783203125,,,,,1678,19.100000381469727,,background,-0.3632416475198112,0.040893275137921646
,,594.3299560546875,,,,,1911,23.700000762939453,,background,1.193377566885382,0.07868749008132249
,,317.5937194824219,,,,,3116,25.100000381469727,,background,1.9117602858292961,1.6477918243053518
,,792.220703125,,,,,2185,23.200000762939453,,background,1.0458390072699364,0.49429719693105945
,,1756.675537109375,,,,,1166,19.299999237060547,,background,-0.4974870593939332,-0.6566578361396676
,,1727.832275390625,,,,,2127,19.700000762939453,,background,-0.17085157063893439,0.6410156292871633
,,470.6246948242188,,,,,1679,23.799999237060547,,background,1.2374977784367072,-0.2584117491563174
,,4056.712158203125,,,,,964,7.699999809265137,,background,-3.9637728791139537,-0.29785944605280534
,,1636.2071533203125,,,,,1196,20.5,,background,-0.2199975557237694,-0.664603546190087
,,327.9002990722656,,,,,1920,24.399999618530277,,background,1.492367661436697,0.03449156195925459
,,2344.1142578125,,,,,856,16.0,,background,-1.500401993457575,-0.9089844335710365
,,1640.4248046875,,,,,2101,19.200000762939453,,background,-0.19220158711743937,0.6062814073944502
,,2330.94189453125,,,,,1445,17.5,,background,-1.110674757193965,-0.14619205921571382
,,288.2106628417969,,,,,1907,25.0,,background,1.6093940272102278,-0.004791119966829995
,,1473.29345703125,,,,,1182,19.600000381469727,,background,-0.24611261816823513,-0.683127846393445
,,912.1784057617188,,,,,1389,22.799999237060547,,background,0.696522524196839,-0.5650638373016353
,,658.0921630859375,,,,,1765,23.600000381469727,,background,1.0955636330473446,-0.10896184221837284
,,1928.885498046875,,,,,2176,18.700000762939453,,background,-0.4547269697026503,0.7630382378874441
,,1625.2216796875,,,,,1676,19.200000762939453,,background,-0.2896323003058117,0.023724019518612454
,,312.2685241699219,,,,,1823,25.100000381469727,,background,1.5862796223273945,-0.11872092701517119
,,293.8851928710937,,,,,1876,25.100000381469727,,background,1.612829615219419,-0.04896247638549684
,,400.9281921386719,,,,,1372,23.899999618530277,,background,1.2241692361202525,-0.6902364722655555
,,1022.7090454101562,,,,,2210,22.0,,background,0.7042326961527899,0.5930306427733829
,,612.340576171875,,,,,2049,23.600000381469727,,background,1.2003712304578833,0.27235602275313825
,,2961.384765625,,,,,766,13.399999618530272,,background,-2.3609639165125222,-0.8751413998632126
,,1231.5634765625,,,,,1450,21.100000381469727,,background,0.22416537825038735,-0.3912717528293259
,,318.0555114746094,,,,,1891,24.799999237060547,,background,1.5534093733584826,-0.017096889820232143
,,871.601806640625,,,,,2288,22.600000381469727,,background,0.9235471472652613,0.6621423907310583
,,905.102294921875,,,,,1635,23.100000381469727,,background,0.8102681292029462,-0.23806514509260804
,,256.5937805175781,,,,,2096,25.200000762939453,,background,1.7106913437805047,0.24351535431269314
,,234.15399169921875,,,,,2238,25.200000762939453,,background,1.7627855460384019,0.43423641937860136
,,578.6010131835938,,,,,1978,24.299999237060547,,background,1.3137616949496103,0.15206941006656435
,,903.017578125,,,,,1430,22.5,,background,0.6673911137148508,-0.5024418709150482
,,2507.34521484375,,,,,1033,17.100000381469727,,background,-1.402286174389879,-0.6731091684716616
,,463.64263916015625,,,,,1849,24.600000381469727,,background,1.4086183031651793,-0.04841519124539687
,,3637.800537109375,,,,,653,9.899999618530272,,background,-3.4076114955790224,-0.8404689174452019
,,1611.3125,,,,,2098,19.600000381469727,,background,-0.11085758286576154,0.5874535149542442
,,1424.45263671875,,,,,1424,20.700000762939453,,background,0.019142514032745833,-0.38870807969844595
,,2425.3818359375,,,,,1427,17.899999618530273,,background,-1.1208819868982685,-0.1678975965995038
,,1300.7908935546875,,,,,2100,21.100000381469727,,background,0.3405309003310581,0.5062500921457903
,,784.5723266601562,,,,,1873,23.5,,background,1.017896184146939,0.05919531014900283
,,933.0330810546876,,,,,1639,22.299999237060547,,background,0.6685814465648053,-0.2074575640858741
,,1663.6124267578125,,,,,1356,19.899999618530277,,background,-0.2908675958448967,-0.4263244783400389
,,250.44427490234372,,,,,2279,25.200000762939453,,background,1.7616588406171076,0.4925485056190647
,,1475.39404296875,,,,,1400,19.899999618530277,,background,-0.14601364794889707,-0.3930589005532525
,,1721.5888671875,,,,,1693,19.799999237060547,,background,-0.2615774295660801,0.044798852002619564
,,3452.0390625,,,,,640,10.699999809265137,,background,-3.156145015676808,-0.9058586713534158
,,1134.1614990234375,,,,,2626,22.100000381469727,,background,0.7463862946361225,1.1743677446822993
,,1650.2060546875,,,,,1402,19.600000381469727,,background,-0.31571109885266374,-0.35747939277390167
,,2046.7596435546875,,,,,1611,17.5,,background,-0.866611912982336,0.04000456704673754
,,628.9702758789062,,,,,2729,23.899999618530277,,background,1.4078015489866786,1.1954144537228715
,,1687.521484375,,,,,1812,19.700000762939453,,background,-0.22244247369468917,0.20509910336149778
,,349.3204040527344,,,,,1818,25.0,,background,1.5433376480757477,-0.11762339034818146
,,1344.0908203125,,,,,2592,21.399999618530277,,background,0.4811492013086135,1.1763715369900902
,,1059.866455078125,,,,,1210,21.5,,background,0.34640341395510893,-0.7540718597929118
,,2013.9771728515625,,,,,1704,18.0,,background,-0.7428563743691795,0.14910810776779104
,,752.409912109375,,,,,2004,23.399999618530277,,background,1.0587339701737692,0.23615458540799542
,,906.68896484375,,,,,1316,22.0,,background,0.5589590163508854,-0.6443720066255999
,,1840.856201171875,,,,,1329,18.799999237060547,,background,-0.5925489212135434,-0.4088367570934984
,,1167.571533203125,,,,,2766,22.200000762939453,,background,0.7736726504971164,1.3676707955347005
,,966.3955078125,,,,,1978,22.299999237060547,,background,0.7312178074502781,0.2602438035027911
,,3095.59765625,,,,,762,12.399999618530272,,background,-2.6108740270726223,-0.8350219890422845
,,953.44091796875,,,,,1708,22.799999237060547,,background,0.7484562313127325,-0.12354918455803976
,,2970.173583984375,,,,,1241,14.199999809265137,,background,-2.1233739243046093,-0.24638159288137737
,,2606.454833984375,,,,,1721,15.399999618530272,,background,-1.5585659818153637,0.3255399897976296
,,2048.66162109375,,,,,914,17.399999618530273,,background,-1.0608123199682542,-0.9089198201960997
,,3873.722412109375,,,,,590,9.5,,background,-3.652612895450893,-0.8823010398547433
,,1448.507568359375,,,,,1375,19.200000762939453,,background,-0.24080137912977737,-0.4125118216953845
,,1366.9339599609375,,,,,1417,21.200000762939453,,background,0.13499767801319149,-0.4196921161955844
,,1798.3924560546875,,,,,1832,20.0,,background,-0.24999937280456538,0.2402744411688199
,,275.5004272460937,,,,,2379,24.700000762939453,,background,1.6925369519781372,0.6459096693452734
,,1361.3218994140625,,,,,1906,20.200000762939453,,background,0.10991617718005381,0.2737550393697305
,,280.77362060546875,,,,,2409,24.5,,background,1.6657139242707102,0.6929211075880369
,,1297.0208740234375,,,,,2463,21.899999618530277,,background,0.5585177186387463,0.9802701686267573
,,526.4992065429688,,,,,1992,24.299999237060547,,background,1.3543230341636012,0.16376343154263315
,,898.0162353515625,,,,,1468,22.299999237060547,,background,0.6499009848907001,-0.4459695945781584
,,833.4049682617188,,,,,1630,22.399999618530277,,background,0.7523922098338399,-0.2365912476380564
,,2596.431396484375,,,,,1260,16.100000381469727,,background,-1.5613288281815942,-0.3239610010805801
,,780.0867309570312,,,,,1687,23.0,,background,0.8969213920084322,-0.18222227392300167
,,1650.3946533203125,,,,,1975,18.899999618530277,,background,-0.2774440117416777,0.44357015632834784
,,1344.2484130859375,,,,,1676,20.5,,background,0.10954716748925153,-0.05070866869429199
,,758.3038940429688,,,,,1540,23.600000381469727,,background,0.9671095197106148,-0.40194698715366484
,,1472.383056640625,,,,,859,19.5,,background,-0.34307706554039435,-1.1217090393032805
,,1112.498779296875,,,,,1388,21.5,,background,0.3543580937287601,-0.503490166946635
,,413.0249328613281,,,,,2231,24.600000381469727,,background,1.541836878001986,0.4660405380904644
,,1319.546875,,,,,1894,20.600000381469727,,background,0.19795982874519077,0.24083202332380454
,,971.8668823242188,,,,,1792,22.5,,background,0.7106860344171078,0.0017259214742867599
,,2162.5751953125,,,,,1422,17.100000381469727,,background,-1.058414542402001,-0.19101205940008525
,,773.378662109375,,,,,2464,23.5,,background,1.1763424618557767,0.864684887223066
,,3566.103515625,,,,,679,10.300000190734863,,background,-3.2886441188276745,-0.825762202599781
,,1047.790771484375,,,,,1085,21.600000381469727,,background,0.3385059392010746,-0.9291415052198253
,,1056.045166015625,,,,,2032,22.899999618530277,,background,0.7734649636390247,0.3308894548537702
,,283.7452697753906,,,,,1984,24.5,,background,1.555377739406763,0.11295370503049403
,,2685.66943359375,,,,,910,15.199999809265137,,background,-1.8520532134179626,-0.7654027423159305
,,962.77734375,,,,,1963,22.200000762939453,,background,0.7146084537233736,0.24188937353377807
,,891.0751953125,,,,,1642,23.200000762939453,,background,0.8373700578872886,-0.23315029804399634
,,1243.0452880859375,,,,,1513,21.799999237060547,,background,0.33956827711143345,-0.3221202915723875
,,2536.6826171875,,,,,1162,15.800000190734863,,background,-1.5899353897504431,-0.45836997222134157
,,2024.46044921875,,,,,1549,17.200000762939453,,background,-0.9126429947987662,-0.039905177396283166
,,1394.7061767578125,,,,,1467,21.200000762939453,,background,0.12800977322004398,-0.3474531735707398
,,1103.192626953125,,,,,1800,22.0,,background,0.5426768895568195,0.04459341560603838
,,2432.998291015625,,,,,910,16.0,,background,-1.5497653363836525,-0.8225742857561782
,,1317.6739501953125,,,,,1998,21.100000381469727,,background,0.3025683852066638,0.36936219187580244
,,863.6417236328125,,,,,2828,23.600000381469727,,background,1.220300359792834,1.371989876823708
,,885.3201904296875,,,,,2378,22.5,,background,0.9213654433113826,0.7896492325250971
,,382.3395385742188,,,,,2143,24.799999237060547,,background,1.5719345298788634,0.3362015156149587
,,299.2829284667969,,,,,2183,24.5,,background,1.5950200943883233,0.3869273821459972
,,599.923828125,,,,,1943,24.200000762939453,,background,1.2743493572349684,0.10995666759215457
,,2406.001220703125,,,,,1810,17.200000762939453,,background,-1.1171024045143174,0.37089434087615647
,,912.3121948242188,,,,,1804,22.700000762939453,,background,0.7867483345338607,0.0043354061576549785
,,1431.364990234375,,,,,1348,19.799999237060547,,background,-0.14335052670887063,-0.4677001563928091
,,4063.41357421875,,,,,943,5.5,,background,-4.311777345903943,-0.2673794390885794
,,1513.520263671875,,,,,1800,20.399999618530277,,background,0.005568760819367107,0.14539649686251138
,,241.7883453369141,,,,,2117,25.299999237060547,,background,1.74191075161849,0.26743809383374184
,,1376.8990478515625,,,,,2040,20.600000381469727,,background,0.19441426928946054,0.4483862965033499
,,881.48876953125,,,,,1896,22.700000762939453,,background,0.8320630752430059,0.12558048663647797
,,499.6736450195313,,,,,2345,24.5,,background,1.493980686114475,0.6367152868452701
,,370.4908752441406,,,,,3142,24.700000762939453,,background,1.819384169940476,1.7014185512806235
,,1460.65625,,,,,1787,20.399999618530277,,background,0.03979578527649236,0.12011000955836158
,,3561.9365234375,,,,,1055,9.800000190734863,,background,-3.2667320579256702,-0.2996528028280264
,,3047.909423828125,,,,,894,14.199999809265137,,background,-2.266935699370941,-0.7091759731811201
,,450.48577880859375,,,,,1711,23.799999237060547,,background,1.259946727978098,-0.217581614461048
,,394.77093505859375,,,,,1898,24.799999237060547,,background,1.5007181364830782,0.0033947748435552345
,,2131.173583984375,,,,,1616,17.5,,background,-0.9252789814531637,0.0588620530677477
,,590.2567138671875,,,,,2197,23.600000381469727,,background,1.253740595539097,0.47132156245241985
,,1794.2254638671875,,,,,1536,18.299999237060547,,background,-0.5835201578997455,-0.11956935257970884
,,2794.78955078125,,,,,610,13.600000381469728,,background,-2.251675838547671,-1.1172107605600432
,,1599.6571044921875,,,,,1689,20.100000381469727,,background,-0.12993798278555746,0.014023710829416891
,,739.6389770507812,,,,,2119,23.600000381469727,,background,1.127805159343433,0.3860903964846051
,,742.3021850585938,,,,,1914,23.899999618530277,,background,1.1197878363602352,0.09857989398135793
,,1673.783447265625,,,,,1369,19.399999618530277,,background,-0.37157442584599293,-0.3938939377280518
,,1220.1728515625,,,,,1332,21.200000762939453,,background,0.21756400713431417,-0.5566843952629774
,,2049.30615234375,,,,,1672,17.100000381469727,,background,-0.9143225041853814,0.13425300084354738
,,255.662109375,,,,,3283,25.200000762939453,,background,2.013621998647026,1.8643801621091318
,,781.3558959960938,,,,,1251,22.600000381469727,,background,0.7235569514558922,-0.7668717853395388
,,873.224365234375,,,,,2084,23.200000762939453,,background,0.9626006361326843,0.36791239076688753
,,853.0115966796875,,,,,1862,23.100000381469727,,background,0.9050619494128915,0.06450870999622448
,,258.9600524902344,,,,,3473,25.399999618530277,,background,2.090381490890989,2.119027828747323
,,2272.864501953125,,,,,1417,17.5,,background,-1.0765655815685453,-0.19270585980777222
,,510.30517578125,,,,,1847,23.899999618530277,,background,1.2674618296055404,-0.025977615524758198
,,3078.511962890625,,,,,704,13.300000190734863,,background,-2.4752803368519634,-0.9404734618515062
,,1910.588134765625,,,,,2310,18.5,,background,-0.43832954952871356,0.9487158293936325
,,1789.639892578125,,,,,1356,19.100000381469727,,background,-0.5032286858854397,-0.38720024150991444
,,3884.854248046875,,,,,1005,8.199999809265137,,background,-3.754504983331006,-0.2795872982829739
,,1188.875,,,,,1504,22.299999237060547,,background,0.4525365312848414,-0.355358419124836
,,441.4524841308594,,,,,1874,24.299999237060547,,background,1.384664019034929,-0.009499920338090892
,,827.4761962890625,,,,,1512,23.200000762939453,,background,0.8494257328362007,-0.4197447620133804
,,1271.7557373046875,,,,,1500,21.399999618530277,,background,0.25443522689903664,-0.32519967474133316
,,1111.523681640625,,,,,1728,21.299999237060547,,background,0.4109132095909648,-0.03402520485342141
,,2460.27783203125,,,,,988,17.100000381469727,,background,-1.380323986421817,-0.7412696292356339
,,310.1741943359375,,,,,1926,24.700000762939453,,background,1.5525596634268128,0.03222244162005241
,,925.5355224609376,,,,,1836,22.5,,background,0.7547894061966691,0.055211024708189525
,,1463.1304931640625,,,,,1353,19.899999618530277,,background,-0.14927412714720703,-0.45899091309865797
,,1237.724853515625,,,,,1197,20.399999618530277,,background,0.04785075345678219,-0.7173777936611464
,,1711.7977294921875,,,,,1545,19.200000762939453,,background,-0.3844669789965382,-0.14283546456379861
,,329.4222412109375,,,,,1831,24.899999618530277,,background,1.545418227794137,-0.10006022482834566
,,374.345947265625,,,,,1910,25.0,,background,1.548995374374488,0.01158041397060385
,,1304.499267578125,,,,,2410,21.100000381469727,,background,0.4168390546153505,0.9301224845901086
,,1617.832275390625,,,,,1549,18.899999618530277,,background,-0.3628029849663015,-0.14282662708916014
,,2863.6591796875,,,,,563,12.800000190734863,,background,-2.4354191966396566,-1.1504161445671681
,,1254.2685546875,,,,,1744,21.399999618530277,,background,0.3289869632737196,0.005520968662567959
,,1532.742431640625,,,,,2578,19.299999237060547,,background,0.021087735164924876,1.2396940433840795
,,1316.835205078125,,,,,1602,20.799999237060547,,background,0.1562454869585301,-0.1636082406083052
,,2325.903564453125,,,,,1003,17.200000762939453,,background,-1.2657292202968555,-0.7425797786312396
,,2687.11669921875,,,,,794,14.699999809265137,,background,-1.9594153149201654,-0.9103810762516577
,,481.1517333984375,,,,,2450,24.600000381469727,,background,1.5492299357559054,0.7748209111932581
,,2234.7099609375,,,,,1499,18.299999237060547,,background,-0.9057196812799377,-0.10732651970732067
,,711.3590087890625,,,,,2011,23.5,,background,1.1050248543904977,0.23721842147834468
,,1215.6790771484375,,,,,1317,20.399999618530277,,background,0.09406288530001979,-0.5566443430611746
,,1767.3736572265625,,,,,1466,19.0,,background,-0.47476558159301446,-0.23750885454025247
,,413.69830322265625,,,,,2496,24.299999237060547,,background,1.562763660806523,0.835964103543664
,,595.89306640625,,,,,1601,23.399999618530277,,background,1.0672490358331213,-0.33649686670771217
,,3880.08154296875,,,,,815,8.5,,background,-3.7534223518373455,-0.5476730925154091
,,996.6550903320312,,,,,2111,21.799999237060547,,background,0.6668045251364766,0.4594121233945546
,,811.4742431640625,,,,,1913,22.700000762939453,,background,0.886107756407481,0.13881874347515852
,,3318.03515625,,,,,1034,12.699999809265137,,background,-2.6534797944284985,-0.4398103064849692
,,2043.031982421875,,,,,864,17.100000381469727,,background,-1.1156242584383105,-0.9700665725063434
,,867.633056640625,,,,,1395,22.700000762939453,,background,0.7143222259708925,-0.5605724339040528
,,256.8498229980469,,,,,1874,25.100000381469727,,background,1.6386182447716136,-0.05697143078882084
,,2297.21435546875,,,,,1171,17.0,,background,-1.2332947124357743,-0.5119518008275089
,,1095.516845703125,,,,,1795,22.0,,background,0.5468540298189012,0.036671455043016395
,,399.8538208007813,,,,,1461,24.0,,background,1.2629550115440118,-0.571494506065188
,,1185.215087890625,,,,,2095,21.899999618530277,,background,0.5441972688195116,0.46178713494377294
,,1145.412109375,,,,,1378,21.399999618530277,,background,0.31308155644095087,-0.5098105197920387
,,2474.28173828125,,,,,1319,16.799999237060547,,background,-1.352056022915398,-0.2793151148182765
,,774.4862670898438,,,,,2027,23.399999618530277,,background,1.048915020677712,0.2707099517294918
,,721.42626953125,,,,,1820,23.700000762939453,,background,1.0799564045672356,-0.027472654481571386
,,1883.79541015625,,,,,1360,19.700000762939453,,background,-0.4769135134195515,-0.3841937648523405
,,952.896728515625,,,,,2375,23.0,,background,0.9494120909526929,0.7819543171281457
,,830.28955078125,,,,,1473,23.100000381469727,,background,0.8221376280799189,-0.4699576359722769
,,1994.2049560546875,,,,,1707,18.100000381469727,,background,-0.712693574096572,0.1477417479701552
,,636.68896484375,,,,,2115,23.299999237060547,,background,1.1538116758665051,0.37389389016427876
,,2021.9669189453125,,,,,1677,17.700000762939453,,background,-0.8014821704123645,0.12131156629876526
,,1804.361328125,,,,,863,17.700000762939453,,background,-0.8542504438396027,-1.0213174182756146
,,1902.3218994140625,,,,,1566,19.0,,background,-0.5451241331687696,-0.08171557705780269
,,2030.45556640625,,,,,1232,17.799999237060547,,background,-0.9054700548973983,-0.4878277096954945
,,2004.427001953125,,,,,2040,18.100000381469727,,background,-0.6351536809126616,0.6039517558918825
,,1614.0673828125,,,,,2188,20.5,,background,0.04833578669669408,0.6869420240945121
,,2325.298828125,,,,,1196,16.799999237060547,,background,-1.2775887311140437,-0.46851778282632284
,,582.0279541015625,,,,,2286,24.0,,background,1.343683459834849,0.581107221342883
,,1477.6904296875,,,,,2045,20.299999237060547,,background,0.07804075005838579,0.47751446594118546
,,1320.381103515625,,,,,2104,19.799999237060547,,background,0.1279715839170609,0.5488970970892276
,,800.133544921875,,,,,2256,23.100000381469727,,background,1.0429413368284313,0.5950298372319395
,,737.2865600585938,,,,,1862,23.700000762939453,,background,1.0793896762613058,0.03214378149966542
,,1771.1483154296875,,,,,1423,18.700000762939453,,background,-0.5344727386181237,-0.28775607402307957
,,242.92909240722656,,,,,1852,25.299999237060547,,background,1.6736185854749221,-0.09429012597173812
,,2540.197265625,,,,,888,16.799999237060547,,background,-1.5086150452657061,-0.8585064912173382
,,963.496337890625,,,,,2297,21.700000762939453,,background,0.7223558088112091,0.7113387730941482
,,594.45263671875,,,,,1804,24.200000762939453,,background,1.2428380221517037,-0.08064495824100427
,,341.8216552734375,,,,,1891,24.700000762939453,,background,1.5211748230215159,-0.011064551536463222
,,4144.353515625,,,,,991,6.199999809265137,,background,-4.249514598682343,-0.208814297669301
,,262.56201171875,,,,,1864,25.100000381469727,,background,1.632015660235521,-0.06981367465055406
,,1498.779296875,,,,,969,20.0,,background,-0.25701386813912613,-0.980956636763602
,,1809.621826171875,,,,,1545,18.799999237060547,,background,-0.515365822232981,-0.11831266562758751
,,1614.44873046875,,,,,1329,19.5,,background,-0.3242691758380034,-0.45962002827547244
,,1795.9412841796875,,,,,1195,18.100000381469727,,background,-0.7022918958635613,-0.5797119999130849
,,2886.37939453125,,,,,821,14.699999809265137,,background,-2.094031440875844,-0.8451133741607445
,,1173.538330078125,,,,,3020,22.100000381469727,,background,0.8187577001675981,1.7180355987929385
,,639.9349975585938,,,,,1514,23.200000762939453,,background,0.9831035438578282,-0.4437389571445768
,,1096.9581298828125,,,,,1912,21.799999237060547,,background,0.544906465843747,0.2019462556693226
,,4361.87451171875,,,,,682,4.800000190734863,,background,-4.697683935701857,-0.5627565358891286
,,1504.85107421875,,,,,1262,20.399999618530277,,background,-0.12527695037351863,-0.5905454680796992
,,1231.855224609375,,,,,1928,21.5,,background,0.40711673580907093,0.25095647034212504
,,295.6222839355469,,,,,3263,25.100000381469727,,background,1.9647951697447048,1.8454077597227336
,,2751.08056640625,,,,,788,15.699999809265137,,background,-1.8527722680112015,-0.9359156826761534
,,534.8529663085938,,,,,1887,24.0,,background,1.2755760904676015,0.029499967623487187
,,1107.9364013671875,,,,,2092,21.0,,background,0.4600759835380223,0.47048808205503156
,,1161.2852783203125,,,,,1704,21.0,,background,0.323390172144906,-0.051772196979431834
,,961.4852905273438,,,,,2470,22.399999618530277,,background,0.8753511215501549,0.9287862574414989
,,596.7677001953125,,,,,1763,24.200000762939453,,background,1.2307535166746348,-0.1363057006852996
,,1683.2479248046875,,,,,1382,20.100000381469727,,background,-0.2674712544472239,-0.3933112853918623
,,361.6282653808594,,,,,2391,24.299999237060547,,background,1.5729991371209233,0.6851532070329605
,,2983.223388671875,,,,,886,13.899999618530272,,background,-2.26911796815768,-0.7213822219362941
,,890.8390502929688,,,,,1332,22.600000381469727,,background,0.6664422058977907,-0.6406542811753085
,,3108.408203125,,,,,634,13.300000190734863,,background,-2.514334414052585,-1.031806907307792
,,1889.364013671875,,,,,2158,20.0,,background,-0.23158032048808,0.6984322308136796
,,1409.126220703125,,,,,897,20.0,,background,-0.21168813936531922,-1.092057637202098
,,752.186279296875,,,,,1779,23.200000762939453,,background,0.9708787471855895,-0.06585187412131015
,,1473.425048828125,,,,,1846,20.100000381469727,,background,-0.000323634392162008,0.2104383048583622
,,2567.11181640625,,,,,1298,16.799999237060547,,background,-1.4233200792040646,-0.29476455746429353
,,3030.663330078125,,,,,825,13.899999618530272,,background,-2.3183375606491317,-0.7979249824465079
,,2339.884033203125,,,,,1657,16.899999618530273,,background,-1.1551927875121606,0.1604684613289713
,,425.7999572753906,,,,,1780,24.899999618530277,,background,1.4639955902411963,-0.15597288114506125
,,600.1210327148438,,,,,1613,23.200000762939453,,background,1.036584798622751,-0.31421568899673
,,2161.666748046875,,,,,1506,18.5,,background,-0.821352750558563,-0.11346733721270637
,,757.314697265625,,,,,3280,23.600000381469727,,background,1.410902261346228,1.974100574119247
,,1678.771484375,,,,,2360,20.0,,background,-0.03060438817547248,0.9442782375630918
,,1490.1478271484375,,,,,1606,20.399999618530277,,background,-0.02723705804876557,-0.12286554263128528
,,981.5281372070312,,,,,1366,23.0,,background,0.6721401482763572,-0.5918818011671184
,,464.1686706542969,,,,,1856,24.200000762939453,,background,1.3485913250642096,-0.028198466203143403
