basis,country,elevation,gbif_id,institution,lat,lon,precip_mm,temp_c,year,group
HUMAN_OBSERVATION,Brazil,199.52369689941406,6133074147.0,iNaturalist,-6.530892,-37.283446,727,26.399999618530273,2026,occurrence
HUMAN_OBSERVATION,Brazil,96.50469970703125,6498615932.0,iNaturalist,-3.647724,-40.369278,836,27.600000381469727,2026,occurrence
MACHINE_OBSERVATION,Colombia,3252.44677734375,6450546305.0,Alcaldía de Sesquilé,5.029567,-73.778725,1259,10.199999809265137,2026,occurrence
HUMAN_OBSERVATION,Brazil,636.34912109375,6320081913.0,iNaturalist,-7.07814,-36.048837,498,21.799999237060547,2026,occurrence
MACHINE_OBSERVATION,Ecuador,1706.79296875,5243565837.0,,-0.618246,-77.557347,4249,18.700000762939453,2025,occurrence
HUMAN_OBSERVATION,Brazil,41.63979721069336,5209591882.0,Prima_Ambiental,-5.546391,-37.015885,653,27.799999237060547,2025,occurrence
HUMAN_OBSERVATION,Brazil,52.48576354980469,5209616409.0,Prima_Ambiental,-5.56672,-37.044332,656,27.600000381469727,2025,occurrence
HUMAN_OBSERVATION,Brazil,64.30162811279297,5209628529.0,Prima_Ambiental,-5.577167,-37.040164,661,27.600000381469727,2025,occurrence
HUMAN_OBSERVATION,Brazil,98.05033874511719,5209633910.0,Prima_Ambiental,-5.503867,-37.069803,670,27.299999237060547,2025,occurrence
MACHINE_OBSERVATION,Ecuador,1295.0625,5243563738.0,,-0.679233,-77.556378,4352,20.100000381469727,2025,occurrence
MACHINE_OBSERVATION,Colombia,3223.970947265625,5235504306.0,Alcaldía de Sesquilé,4.953871,-73.740733,1384,9.600000381469727,2025,occurrence
HUMAN_OBSERVATION,Colombia,1137.326904296875,5796816273.0,Antioquia Gold LTD,6.55437,-75.17253,2933,22.899999618530273,2025,occurrence
MACHINE_OBSERVATION,Colombia,2525.48779296875,6167864601.0,Alcaldía de Envigado,6.174584,-75.497296,1956,15.100000381469727,2025,occurrence
MACHINE_OBSERVATION,Colombia,2283.429443359375,6167863671.0,Alcaldía de Envigado,6.149784,-75.555489,1984,16.799999237060547,2025,occurrence
MACHINE_OBSERVATION,Colombia,2585.047119140625,6167863741.0,Alcaldía de Envigado,6.190555,-75.486913,2009,14.5,2025,occurrence
MACHINE_OBSERVATION,Colombia,2293.685302734375,6167864608.0,Alcaldía de Envigado,6.119779,-75.58927,2032,16.600000381469727,2025,occurrence
HUMAN_OBSERVATION,Brazil,52.71287155151367,5827857566.0,iNaturalist,-5.049022,-37.349107,846,27.600000381469727,2025,occurrence
MACHINE_OBSERVATION,Colombia,1821.7059326171875,6167864400.0,Alcaldía de Envigado,6.146494,-75.591787,2081,19.399999618530273,2025,occurrence
MACHINE_OBSERVATION,Colombia,2671.14453125,6167863653.0,Alcaldía de Envigado,6.141614,-75.543131,2071,14.300000190734863,2025,occurrence
MACHINE_OBSERVATION,Colombia,2495.084716796875,6167864260.0,Alcaldía de Envigado,6.165592,-75.489123,1965,15.100000381469727,2025,occurrence
HUMAN_OBSERVATION,Brazil,190.2608642578125,5892497100.0,iNaturalist,4.130456,-61.315051,1557,26.299999237060547,2025,occurrence
HUMAN_OBSERVATION,Brazil,893.379150390625,6130670099.0,iNaturalist,-17.642096,-45.393289,1332,21.600000381469727,2025,occurrence
HUMAN_OBSERVATION,Brazil,358.8231201171875,6195863066.0,iNaturalist,-7.879386,-40.977091,539,25.899999618530273,2025,occurrence
MACHINE_OBSERVATION,Colombia,2372.80908203125,5284167351.0,Fundación Humedales (Fund. Humedales),5.086971,-73.302553,1584,15.300000190734863,2025,occurrence
MACHINE_OBSERVATION,Colombia,2246.885498046875,5284167477.0,Fundación Humedales (Fund. Humedales),5.149853,-73.311611,1478,15.5,2025,occurrence
MACHINE_OBSERVATION,Colombia,3010.342041015625,5284167512.0,Fundación Humedales (Fund. Humedales),5.147401,-73.436708,1105,12.800000190734863,2025,occurrence
MACHINE_OBSERVATION,Colombia,2246.885498046875,5284167535.0,Fundación Humedales (Fund. Humedales),5.149264,-73.312231,1478,15.5,2025,occurrence
MACHINE_OBSERVATION,Colombia,2429.2578125,5284167607.0,Fundación Humedales (Fund. Humedales),5.132189,-73.289888,1645,15.699999809265137,2025,occurrence
MACHINE_OBSERVATION,Colombia,2454.129150390625,5284167627.0,Fundación Humedales (Fund. Humedales),5.10125,-73.318276,1537,15.300000190734863,2025,occurrence
MACHINE_OBSERVATION,Colombia,2558.13330078125,5284168921.0,Fundación Humedales (Fund. Humedales),5.139539,-73.42682,1202,15.5,2025,occurrence
MACHINE_OBSERVATION,Colombia,2558.13330078125,5284168985.0,Fundación Humedales (Fund. Humedales),5.140557,-73.425074,1202,15.5,2025,occurrence
MACHINE_OBSERVATION,Colombia,2451.6943359375,5284169013.0,Fundación Humedales (Fund. Humedales),5.253965,-73.338432,1159,15.0,2025,occurrence
HUMAN_OBSERVATION,Brazil,191.8388671875,4946690851.0,iNaturalist,-6.342725,-37.071963,703,26.600000381469727,2024,occurrence
HUMAN_OBSERVATION,Brazil,286.5024719238281,4528412506.0,iNaturalist,-5.75009,-36.090512,483,24.700000762939453,2024,occurrence
MACHINE_OBSERVATION,Colombia,2597.791015625,4974387470.0,Fundación Humedales (Fund. Humedales),5.112405,-73.302482,1573,15.399999618530273,2024,occurrence
HUMAN_OBSERVATION,Brazil,86.9602279663086,5209558589.0,Prima_Ambiental,-5.499488,-37.046637,670,27.299999237060547,2024,occurrence
HUMAN_OBSERVATION,Brazil,22.212451934814453,5209559355.0,Prima_Ambiental,-5.546633,-37.042458,652,27.700000762939453,2024,occurrence
HUMAN_OBSERVATION,Brazil,98.05033874511719,5209597372.0,Prima_Ambiental,-5.503461,-37.069984,670,27.299999237060547,2024,occurrence
HUMAN_OBSERVATION,Brazil,116.99707794189453,5209619435.0,Prima_Ambiental,-5.613918,-37.045041,679,27.100000381469727,2024,occurrence
HUMAN_OBSERVATION,Brazil,104.13764953613281,5209627776.0,Prima_Ambiental,-5.595134,-37.024664,676,27.200000762939453,2024,occurrence
MACHINE_OBSERVATION,Colombia,2598.16650390625,6258269925.0,Empresas Públicas de Medellín E.S.P. (EPM),5.859177,-75.357043,2765,15.0,2024,occurrence
HUMAN_OBSERVATION,Brazil,57.47187805175781,5209632258.0,Prima_Ambiental,-5.51147,-37.052769,663,27.5,2024,occurrence
MACHINE_OBSERVATION,Colombia,2441.967529296875,6258260873.0,Empresas Públicas de Medellín E.S.P. (EPM),5.94494,-75.36594,2475,14.899999618530273,2024,occurrence
HUMAN_OBSERVATION,Brazil,583.3145751953125,4607194804.0,iNaturalist,-6.286403,-36.320533,656,22.600000381469727,2024,occurrence
HUMAN_OBSERVATION,Brazil,213.87188720703125,4852415101.0,iNaturalist,-5.697656,-36.128922,470,24.799999237060547,2024,occurrence
HUMAN_OBSERVATION,Brazil,390.8422546386719,4872342688.0,iNaturalist,-11.542156,-39.257284,572,22.5,2024,occurrence
HUMAN_OBSERVATION,Brazil,447.38128662109375,4872513766.0,iNaturalist,-11.569943,-39.289941,585,22.299999237060547,2024,occurrence
MACHINE_OBSERVATION,Colombia,3270.8935546875,4894231302.0,Alcaldía de Sesquilé,4.963898,-73.729625,1390,9.899999618530273,2024,occurrence
MACHINE_OBSERVATION,Colombia,2648.70166015625,6258266744.0,Empresas Públicas de Medellín E.S.P. (EPM),5.86342,-75.38799,2331,13.800000190734863,2024,occurrence
MACHINE_OBSERVATION,Colombia,2526.519775390625,6258277149.0,Empresas Públicas de Medellín E.S.P. (EPM),5.97825,-75.40576,2315,14.5,2024,occurrence
HUMAN_OBSERVATION,Brazil,329.9325256347656,4872279428.0,iNaturalist,-11.532018,-39.348427,541,22.799999237060547,2024,occurrence
HUMAN_OBSERVATION,Brazil,365.29510498046875,4935920244.0,iNaturalist,-13.049081,-41.108951,743,23.799999237060547,2024,occurrence
MACHINE_OBSERVATION,Colombia,2608.4287109375,5141411306.0,Alcaldía de Envigado,6.19059,-75.495406,1975,14.699999809265137,2024,occurrence
MACHINE_OBSERVATION,Colombia,2218.796875,5141411970.0,Alcaldía de Envigado,6.119745,-75.56493,1986,16.5,2024,occurrence
MACHINE_OBSERVATION,Colombia,2118.788330078125,5141412432.0,Alcaldía de Envigado,6.129689,-75.591441,2089,17.0,2024,occurrence
MACHINE_OBSERVATION,Colombia,2517.91552734375,5141412884.0,Alcaldía de Envigado,6.163712,-75.496486,1942,15.399999618530273,2024,occurrence
HUMAN_OBSERVATION,Brazil,106.55448913574219,5209564048.0,Prima_Ambiental,-5.491162,-37.05243,673,27.200000762939453,2024,occurrence
HUMAN_OBSERVATION,Brazil,22.212451934814453,5209584918.0,Prima_Ambiental,-5.543814,-37.040184,652,27.700000762939453,2024,occurrence
HUMAN_OBSERVATION,Brazil,52.48576354980469,5209611662.0,Prima_Ambiental,-5.565302,-37.044724,656,27.600000381469727,2024,occurrence
HUMAN_OBSERVATION,Brazil,41.63979721069336,5209613444.0,Prima_Ambiental,-5.543296,-37.015029,653,27.799999237060547,2024,occurrence
HUMAN_OBSERVATION,Brazil,116.99707794189453,5209615240.0,Prima_Ambiental,-5.613773,-37.042389,679,27.100000381469727,2024,occurrence
HUMAN_OBSERVATION,Brazil,22.212451934814453,5209616703.0,Prima_Ambiental,-5.542706,-37.044203,652,27.700000762939453,2024,occurrence
HUMAN_OBSERVATION,Brazil,88.37174987792969,5209619177.0,Prima_Ambiental,-5.586425,-37.031958,668,27.399999618530273,2024,occurrence
HUMAN_OBSERVATION,Brazil,81.86024475097656,5209620083.0,Prima_Ambiental,-5.576074,-37.024168,663,27.600000381469727,2024,occurrence
HUMAN_OBSERVATION,Brazil,102.39300537109375,5209622206.0,Prima_Ambiental,-5.625338,-37.039913,681,27.200000762939453,2024,occurrence
HUMAN_OBSERVATION,Brazil,22.212451934814453,5209627807.0,Prima_Ambiental,-5.549156,-37.042567,652,27.700000762939453,2024,occurrence
HUMAN_OBSERVATION,Brazil,842.7384033203125,4936943577.0,iNaturalist,-13.141603,-41.177418,916,21.0,2024,occurrence
HUMAN_OBSERVATION,Brazil,725.429443359375,4937245936.0,iNaturalist,-13.198827,-41.146837,860,21.799999237060547,2024,occurrence
HUMAN_OBSERVATION,Brazil,285.35687255859375,4945633753.0,iNaturalist,-7.172994,-48.051074,1815,25.700000762939453,2024,occurrence
MACHINE_OBSERVATION,Colombia,3008.4248046875,6361677851.0,Corporación Autónoma Regional de Cundinamarca (CAR),4.95397,-73.612968,1593,11.199999809265137,2024,occurrence
MACHINE_OBSERVATION,Ecuador,246.33245849609375,5223609420.0,,-2.825813,-77.422827,2565,25.600000381469727,2024,occurrence
MACHINE_OBSERVATION,Ecuador,246.33245849609375,5223609803.0,,-2.825621,-77.423222,2565,25.600000381469727,2024,occurrence
HUMAN_OBSERVATION,Brazil,106.2542953491211,5759864769.0,iNaturalist,-7.064526,-35.058524,1403,24.899999618530273,2024,occurrence
MACHINE_OBSERVATION,Colombia,1860.59033203125,6496108564.0,Distrito Especial de Medellín (DEMedellin),6.210848,-75.617178,1738,20.0,2024,occurrence
MACHINE_OBSERVATION,Colombia,2597.791015625,4974387388.0,Fundación Humedales (Fund. Humedales),5.112997,-73.302392,1573,15.399999618530273,2024,occurrence
MACHINE_OBSERVATION,Colombia,2558.13330078125,4974387426.0,Fundación Humedales (Fund. Humedales),5.143472,-73.427162,1202,15.5,2024,occurrence
MACHINE_OBSERVATION,Colombia,2434.72705078125,4974387466.0,Fundación Humedales (Fund. Humedales),5.084512,-73.301476,1542,15.0,2024,occurrence
MACHINE_OBSERVATION,Colombia,2434.72705078125,4974387473.0,Fundación Humedales (Fund. Humedales),5.087088,-73.300614,1542,15.0,2024,occurrence
MACHINE_OBSERVATION,Colombia,2590.46240234375,4974387483.0,Fundación Humedales (Fund. Humedales),5.09824,-73.310426,1493,14.899999618530273,2024,occurrence
MACHINE_OBSERVATION,Colombia,2246.885498046875,4974387557.0,Fundación Humedales (Fund. Humedales),5.152936,-73.311995,1478,15.5,2024,occurrence
MACHINE_OBSERVATION,Colombia,2232.34033203125,4974387590.0,Fundación Humedales (Fund. Humedales),5.113897,-73.325097,1448,15.100000381469727,2024,occurrence
MACHINE_OBSERVATION,Colombia,2590.46240234375,5284167960.0,Fundación Humedales (Fund. Humedales),5.099303,-73.310839,1493,14.899999618530273,2024,occurrence
MACHINE_OBSERVATION,Colombia,2232.34033203125,5284167997.0,Fundación Humedales (Fund. Humedales),5.114444,-73.32505,1448,15.100000381469727,2024,occurrence
HUMAN_OBSERVATION,Brazil,486.6618347167969,4034857440.0,iNaturalist,-7.229986,-36.319471,403,22.799999237060547,2023,occurrence
HUMAN_OBSERVATION,Colombia,175.65353393554688,4079284429.0,Agropecuaria Aliar S.A.,4.15495,-72.144572,2250,26.799999237060547,2023,occurrence
HUMAN_OBSERVATION,Brazil,316.003662109375,4129706676.0,iNaturalist,-13.027258,-49.091692,1600,26.200000762939453,2023,occurrence
MACHINE_OBSERVATION,Colombia,2099.93310546875,4506790859.0,Alcaldía de Pitalito (pitalito),1.777667,-76.23675,2108,14.5,2023,occurrence
MACHINE_OBSERVATION,Colombia,2339.93212890625,4506790916.0,Alcaldía de Pitalito (pitalito),1.675694,-76.218444,2233,16.5,2023,occurrence
MACHINE_OBSERVATION,Colombia,2754.406982421875,6416889891.0,Fundación Parque Jaime Duque,4.95038,-73.96856,789,13.199999809265137,2023,occurrence
MACHINE_OBSERVATION,Colombia,1965.15625,4168381007.0,Fundación Trópico,4.006367,-76.48803,1541,18.0,2023,occurrence
MACHINE_OBSERVATION,Colombia,1471.388671875,4168381153.0,Fundación Trópico,3.879528,-76.585083,1189,20.299999237060547,2023,occurrence
HUMAN_OBSERVATION,Brazil,401.8947448730469,4177266418.0,iNaturalist,-9.295425,-40.537924,446,24.799999237060547,2023,occurrence
MACHINE_OBSERVATION,Colombia,2339.93212890625,4506791438.0,Alcaldía de Pitalito (pitalito),1.673889,-76.217306,2233,16.5,2023,occurrence
MACHINE_OBSERVATION,Colombia,2729.022216796875,4602464359.0,Alcaldía de Envigado,6.099094,-75.576902,2174,13.5,2023,occurrence
MACHINE_OBSERVATION,Colombia,2118.788330078125,4602464695.0,Alcaldía de Envigado,6.127022,-75.586921,2089,17.0,2023,occurrence
MACHINE_OBSERVATION,Colombia,2488.415771484375,4602464714.0,Alcaldía de Envigado,6.112735,-75.579668,2056,15.100000381469727,2023,occurrence
HUMAN_OBSERVATION,Brazil,151.93002319335938,4945770504.0,iNaturalist,-5.647328,-36.106596,488,25.200000762939453,2023,occurrence
HUMAN_OBSERVATION,Brazil,85.45103454589844,5196712520.0,Prima_Ambiental,-5.310936,-37.12975,698,27.299999237060547,2023,occurrence
HUMAN_OBSERVATION,Brazil,176.12701416015625,4067440600.0,iNaturalist,-5.652394,-38.947774,745,27.200000762939453,2023,occurrence
MACHINE_OBSERVATION,Colombia,2132.056396484375,4506791228.0,Alcaldía de Pitalito (pitalito),1.71725,-76.224194,2200,16.100000381469727,2023,occurrence
MACHINE_OBSERVATION,Colombia,2734.995849609375,6496108306.0,Distrito Especial de Medellín (DEMedellin),6.27261,-75.6798,2118,13.800000190734863,2023,occurrence
MACHINE_OBSERVATION,Colombia,3160.76025390625,4980782325.0,Secretaría Distrital de Ambiente (SDA),4.55022,-74.07216,1064,10.100000381469727,2023,occurrence
HUMAN_OBSERVATION,Brazil,1145.9205322265625,5284152368.0,Prima Ambiental,-11.42769,-42.532723,792,21.0,2023,occurrence
MACHINE_OBSERVATION,Colombia,2897.70654296875,6496108318.0,Distrito Especial de Medellín (DEMedellin),6.32815,-75.6461,2606,10.699999809265137,2023,occurrence
MACHINE_OBSERVATION,Colombia,2132.056396484375,4506791118.0,Alcaldía de Pitalito (pitalito),1.718278,-76.223,2200,16.100000381469727,2023,occurrence
HUMAN_OBSERVATION,Colombia,2464.2978515625,4602464619.0,Alcaldía de Envigado,6.154655,-75.545159,1988,15.199999809265137,2023,occurrence
MACHINE_OBSERVATION,Colombia,2218.083251953125,4979667604.0,Fundación Grupo Argos (FGA),4.90203,-76.07442,3047,16.399999618530273,2023,occurrence
MACHINE_OBSERVATION,Colombia,2105.8857421875,4979667719.0,Fundación Grupo Argos (FGA),4.94886,-76.07077,3007,16.700000762939453,2023,occurrence
MACHINE_OBSERVATION,Colombia,1965.11083984375,4979669053.0,Fundación Grupo Argos (FGA),4.99364,-76.06573,2685,17.399999618530273,2023,occurrence
MACHINE_OBSERVATION,Colombia,1894.6220703125,4979669567.0,Fundación Grupo Argos (FGA),4.95237,-76.0711,2441,18.0,2023,occurrence
MACHINE_OBSERVATION,Colombia,2088.9833984375,6496108340.0,Distrito Especial de Medellín (DEMedellin),6.24803,-75.6506,2229,17.700000762939453,2023,occurrence
MACHINE_OBSERVATION,Colombia,2088.33203125,4979668049.0,Fundación Grupo Argos (FGA),4.90812,-76.08447,2388,18.100000381469727,2023,occurrence
MACHINE_OBSERVATION,Colombia,1834.01171875,4979668305.0,Fundación Grupo Argos (FGA),5.01522,-76.0563,2862,16.799999237060547,2023,occurrence
MACHINE_OBSERVATION,Colombia,2151.568359375,4979668607.0,Fundación Grupo Argos (FGA),4.96826,-76.0734,2876,17.0,2023,occurrence
MACHINE_OBSERVATION,Colombia,1831.6612548828125,5004498209.0,Fundación Grupo Argos (FGA),3.8306,-75.54452,2649,18.299999237060547,2023,occurrence
MACHINE_OBSERVATION,Colombia,2724.0947265625,6496108352.0,Distrito Especial de Medellín (DEMedellin),6.31531,-75.6341,2099,13.800000190734863,2023,occurrence
MACHINE_OBSERVATION,Colombia,2516.10693359375,6496108359.0,Distrito Especial de Medellín (DEMedellin),6.18875,-75.6844,2000,15.600000381469727,2023,occurrence
MACHINE_OBSERVATION,Colombia,2099.93310546875,4506791300.0,Alcaldía de Pitalito (pitalito),1.775583,-76.239667,2108,14.5,2023,occurrence
MACHINE_OBSERVATION,Colombia,2083.662109375,4979667676.0,Fundación Grupo Argos (FGA),4.92784,-76.07983,2641,17.5,2023,occurrence
MACHINE_OBSERVATION,Colombia,2024.01220703125,5004497309.0,Fundación Grupo Argos (FGA),3.83679,-75.5488,2509,17.399999618530273,2023,occurrence
MACHINE_OBSERVATION,Colombia,2024.01220703125,5004497616.0,Fundación Grupo Argos (FGA),3.83674,-75.54854,2509,17.399999618530273,2023,occurrence
MACHINE_OBSERVATION,Colombia,3001.5830078125,5004497886.0,Fundación Grupo Argos (FGA),3.9765,-75.63843,1143,11.800000190734863,2023,occurrence
HUMAN_OBSERVATION,Colombia,203.95269775390625,6330809402.0,Agropecuaria Aliar S.A.,4.308658,-71.717722,2244,26.600000381469727,2023,occurrence
MACHINE_OBSERVATION,Colombia,2218.796875,4602465195.0,Alcaldía de Envigado,6.120683,-75.565108,1986,16.5,2023,occurrence
MACHINE_OBSERVATION,Colombia,2168.3046875,4602465343.0,Alcaldía de Envigado,6.156404,-75.556301,1995,17.0,2023,occurrence
HUMAN_OBSERVATION,Brazil,202.72296142578125,4950834716.0,Prima_Ambiental,-5.62167,-36.22716,459,25.100000381469727,2023,occurrence
HUMAN_OBSERVATION,Brazil,182.78634643554688,4950834904.0,Prima_Ambiental,-5.63048,-36.16384,468,25.100000381469727,2023,occurrence
HUMAN_OBSERVATION,Brazil,184.0108642578125,4950834963.0,Prima_Ambiental,-5.6261,-36.15674,472,25.100000381469727,2023,occurrence
HUMAN_OBSERVATION,Brazil,118.05491638183594,5209585095.0,Prima_Ambiental,-5.597956,-37.02488,679,27.100000381469727,2023,occurrence
HUMAN_OBSERVATION,Brazil,102.39300537109375,5209608519.0,Prima_Ambiental,-5.625265,-37.039796,681,27.200000762939453,2023,occurrence
HUMAN_OBSERVATION,Brazil,22.212451934814453,5209633675.0,Prima_Ambiental,-5.547167,-37.042673,652,27.700000762939453,2023,occurrence
MACHINE_OBSERVATION,Colombia,2544.54052734375,4439168348.0,Alcaldía de Envigado,6.116583,-75.588692,2062,15.100000381469727,2023,occurrence
HUMAN_OBSERVATION,Brazil,222.04598999023438,4950834238.0,Prima_Ambiental,-5.56966,-36.21159,466,24.899999618530273,2023,occurrence
HUMAN_OBSERVATION,Brazil,204.01681518554688,4950834243.0,Prima_Ambiental,-5.60811,-36.22272,462,25.100000381469727,2023,occurrence
HUMAN_OBSERVATION,Brazil,170.5906982421875,4950834282.0,Prima_Ambiental,-5.51827,-36.23003,473,25.200000762939453,2023,occurrence
HUMAN_OBSERVATION,Brazil,195.85423278808594,4950834290.0,Prima_Ambiental,-5.5974,-36.21876,462,25.0,2023,occurrence
HUMAN_OBSERVATION,Brazil,190.23023986816406,4950834549.0,Prima_Ambiental,-5.62215,-36.17186,468,25.100000381469727,2023,occurrence
MACHINE_OBSERVATION,Colombia,2724.0947265625,6496108405.0,Distrito Especial de Medellín (DEMedellin),6.32072,-75.6371,2099,13.800000190734863,2023,occurrence
MACHINE_OBSERVATION,Colombia,2313.75537109375,6496110175.0,Distrito Especial de Medellín (DEMedellin),6.022667,-75.592944,2175,15.800000190734863,2023,occurrence
MACHINE_OBSERVATION,Colombia,2171.04052734375,6496110178.0,Distrito Especial de Medellín (DEMedellin),6.016722,-75.597944,2177,16.200000762939453,2023,occurrence
HUMAN_OBSERVATION,Brazil,310.3772888183594,6510174365.0,ICMBio,-6.788058,-45.108695,1183,26.100000381469727,2023,occurrence
HUMAN_OBSERVATION,Brazil,324.2412109375,6510446638.0,ICMBio,-6.774876,-45.108046,1186,26.0,2023,occurrence
HUMAN_OBSERVATION,Brazil,262.3565368652344,6510490636.0,ICMBio,-6.93818,-37.14929,716,25.399999618530273,2023,occurrence
HUMAN_OBSERVATION,Brazil,277.937744140625,6510688591.0,ICMBio,-7.02126,-37.39088,788,25.200000762939453,2023,occurrence
MACHINE_OBSERVATION,Colombia,2283.429443359375,4602464764.0,Alcaldía de Envigado,6.145822,-75.552648,1984,16.799999237060547,2023,occurrence
MACHINE_OBSERVATION,Colombia,2584.765380859375,4979667355.0,Fundación Grupo Argos (FGA),2.61684,-76.91048,2928,14.199999809265137,2023,occurrence
MACHINE_OBSERVATION,Colombia,2862.20654296875,4979667378.0,Fundación Grupo Argos (FGA),2.65782,-76.89858,2786,12.399999618530273,2023,occurrence
HUMAN_OBSERVATION,Brazil,1318.27587890625,5284155411.0,Prima Ambiental,-11.552436,-42.530043,831,19.799999237060547,2023,occurrence
MACHINE_OBSERVATION,Colombia,2092.4228515625,6496110186.0,Distrito Especial de Medellín (DEMedellin),6.02475,-75.597722,2239,17.299999237060547,2023,occurrence
MACHINE_OBSERVATION,Colombia,1958.821533203125,4506790701.0,Alcaldía de Pitalito (pitalito),1.935017,-76.000161,1881,17.600000381469727,2023,occurrence
MACHINE_OBSERVATION,Colombia,1948.670654296875,4506791671.0,Alcaldía de Pitalito (pitalito),1.721969,-76.209461,2072,17.700000762939453,2023,occurrence
MACHINE_OBSERVATION,Colombia,1948.670654296875,4506791770.0,Alcaldía de Pitalito (pitalito),1.721647,-76.208472,2072,17.700000762939453,2023,occurrence
MACHINE_OBSERVATION,Colombia,2489.81591796875,4979667542.0,Fundación Grupo Argos (FGA),2.58771,-76.91352,2936,13.5,2023,occurrence
MACHINE_OBSERVATION,Colombia,2649.45458984375,4979668406.0,Fundación Grupo Argos (FGA),2.52792,-76.95343,3054,13.399999618530273,2023,occurrence
MACHINE_OBSERVATION,Colombia,2621.882568359375,4979668760.0,Fundación Grupo Argos (FGA),2.57049,-76.9195,2974,13.600000381469727,2023,occurrence
MACHINE_OBSERVATION,Colombia,2344.100830078125,6192466885.0,Distrito Especial de Medellín (DEMedellin),6.25348,-75.6586,1869,15.899999618530273,2023,occurrence
MACHINE_OBSERVATION,Colombia,2542.40478515625,6496108412.0,Distrito Especial de Medellín (DEMedellin),6.26836,-75.5154,1802,15.600000381469727,2023,occurrence
MACHINE_OBSERVATION,Colombia,2311.72216796875,6496108416.0,Distrito Especial de Medellín (DEMedellin),6.18146,-75.68,2330,17.5,2023,occurrence
HUMAN_OBSERVATION,Brazil,47.730777740478516,6510607793.0,ICMBio,-29.901738,-52.432532,1325,19.5,2023,occurrence
HUMAN_OBSERVATION,Brazil,1031.5765380859375,4506330755.0,iNaturalist,-14.168943,-47.81663,1784,22.399999618530273,2023,occurrence
MACHINE_OBSERVATION,Colombia,2171.04052734375,6496110234.0,Distrito Especial de Medellín (DEMedellin),6.013194,-75.596472,2177,16.200000762939453,2023,occurrence
MACHINE_OBSERVATION,Colombia,2232.34033203125,4415797307.0,Fundación Humedales (Fund. Humedales),5.114584,-73.32426,1448,15.100000381469727,2023,occurrence
MACHINE_OBSERVATION,Colombia,2434.72705078125,4415797346.0,Fundación Humedales (Fund. Humedales),5.088131,-73.300612,1542,15.0,2023,occurrence
MACHINE_OBSERVATION,Colombia,2463.57861328125,4415797398.0,Fundación Humedales (Fund. Humedales),5.093585,-73.301843,1567,15.199999809265137,2023,occurrence
MACHINE_OBSERVATION,Colombia,2590.46240234375,4415797422.0,Fundación Humedales (Fund. Humedales),5.093666,-73.305726,1493,14.899999618530273,2023,occurrence
MACHINE_OBSERVATION,Colombia,2558.13330078125,4415797448.0,Fundación Humedales (Fund. Humedales),5.140496,-73.42505,1202,15.5,2023,occurrence
MACHINE_OBSERVATION,Colombia,2339.93212890625,3744049867.0,Alcaldía de Pitalito (pitalito),1.6765,-76.219,2233,16.5,2022,occurrence
HUMAN_OBSERVATION,Brazil,420.5391845703125,4506451489.0,iNaturalist,-6.502728,-36.587037,477,26.299999237060547,2022,occurrence
HUMAN_OBSERVATION,Brazil,532.6922607421875,4506475446.0,iNaturalist,-6.481913,-36.419058,438,24.5,2022,occurrence
MACHINE_OBSERVATION,Colombia,2376.556640625,5053273313.0,WCS Colombia (WCS),4.757747,-76.290176,3161,15.699999809265137,2022,occurrence
MACHINE_OBSERVATION,Colombia,2884.4658203125,6187685489.0,Distrito Especial de Medellín (DEMedellin),6.276139,-75.689444,2222,13.199999809265137,2022,occurrence
MACHINE_OBSERVATION,Colombia,2076.79443359375,3920689532.0,Alcaldía de Pitalito (pitalito),1.69008,-76.18813,2129,17.600000381469727,2022,occurrence
HUMAN_OBSERVATION,Brazil,209.95997619628906,4950837747.0,Prima_Ambiental,-5.65724,-36.25042,450,25.0,2022,occurrence
HUMAN_OBSERVATION,Brazil,154.77476501464844,4950839634.0,Prima_Ambiental,-5.52324,-36.26587,476,25.5,2022,occurrence
MACHINE_OBSERVATION,Colombia,2232.34033203125,3891619309.0,Fundación Humedales (Fund. Humedales),5.113944,-73.325093,1448,15.100000381469727,2022,occurrence
MACHINE_OBSERVATION,Colombia,2076.79443359375,3920689374.0,Alcaldía de Pitalito (pitalito),1.69083,-76.18969,2129,17.600000381469727,2022,occurrence
MACHINE_OBSERVATION,Colombia,2339.93212890625,3920689473.0,Alcaldía de Pitalito (pitalito),1.67569,-76.21844,2233,16.5,2022,occurrence
MACHINE_OBSERVATION,Colombia,2432.743408203125,3920689999.0,Alcaldía de Pitalito (pitalito),1.73647,-76.25441,2152,15.199999809265137,2022,occurrence
MACHINE_OBSERVATION,Colombia,2339.93212890625,3920690005.0,Alcaldía de Pitalito (pitalito),1.67388,-76.2173,2233,16.5,2022,occurrence
HUMAN_OBSERVATION,Brazil,649.697509765625,5100926363.0,CIBIO,-13.016788,-44.613543,1024,23.799999237060547,2022,occurrence
HUMAN_OBSERVATION,Colombia,2114.78662109375,4029362686.0,Empresas Públicas de Medellín E.S.P. (EPM),6.785161,-75.354014,2978,17.399999618530273,2022,occurrence
MACHINE_OBSERVATION,Colombia,2896.18017578125,4135864331.0,Cenit Transporte y Logística de Hidrocarburos S.A.S. (CENIT),4.8415,-74.3329,949,11.5,2022,occurrence
HUMAN_OBSERVATION,Ecuador,2701.331787109375,4499848637.0,MAATE,-0.414978,-78.040827,1293,13.199999809265137,2022,occurrence
HUMAN_OBSERVATION,Brazil,119.2657470703125,4921831302.0,iNaturalist,-5.29632,-35.762382,615,25.200000762939453,2022,occurrence
MACHINE_OBSERVATION,Colombia,2181.3046875,5857906201.0,Reserva Natural de la Sociedad Civil Refugio del Oso,6.8741,-73.3351,1797,16.0,2022,occurrence
HUMAN_OBSERVATION,Colombia,3069.3388671875,6361677360.0,Corporación Autónoma Regional de Cundinamarca (CAR),4.8995,-73.739889,1540,11.300000190734863,2022,occurrence
HUMAN_OBSERVATION,Brazil,700.7108154296875,6510120582.0,ICMBio,-23.290556,-45.785833,1271,18.200000762939453,2022,occurrence
MACHINE_OBSERVATION,Colombia,2065.690673828125,3891619335.0,Fundación Humedales (Fund. Humedales),5.127466,-73.320834,1678,16.100000381469727,2022,occurrence
MACHINE_OBSERVATION,Colombia,3035.31396484375,3898508302.0,Alcaldía Municipal de Cogua en Cundinamarca,5.115708,-73.949642,874,12.399999618530273,2022,occurrence
MACHINE_OBSERVATION,Colombia,3328.7490234375,3988218301.0,Alcaldía Municipal de Cogua en Cundinamarca,5.116769,-74.000616,1098,10.300000190734863,2022,occurrence
MACHINE_OBSERVATION,Colombia,1747.6746826171875,4088558442.0,WCS Colombia (WCS),3.283741,-76.642936,2200,18.899999618530273,2022,occurrence
MACHINE_OBSERVATION,Colombia,1747.6746826171875,4088558503.0,WCS Colombia (WCS),3.287798,-76.643734,2200,18.899999618530273,2022,occurrence
HUMAN_OBSERVATION,Colombia,2859.098876953125,4092217417.0,Jardín Botánico de Bogotá José Celestino Mutis (JBB),4.438569,-74.143108,908,11.800000190734863,2022,occurrence
MACHINE_OBSERVATION,Colombia,2972.946044921875,4135864363.0,Cenit Transporte y Logística de Hidrocarburos S.A.S. (CENIT),4.842944,-74.326556,960,11.399999618530273,2022,occurrence
MACHINE_OBSERVATION,Colombia,2296.716552734375,4974763793.0,Área Metropolitana del Valle de Aburrá (AMVA),6.113056,-75.595278,2029,16.100000381469727,2022,occurrence
MACHINE_OBSERVATION,Colombia,1701.2169189453125,4979667591.0,Fundación Grupo Argos (FGA),3.5824,-76.7249,1502,19.700000762939453,2022,occurrence
MACHINE_OBSERVATION,Colombia,2132.056396484375,3920689727.0,Alcaldía de Pitalito (pitalito),1.71827,-76.223,2200,16.100000381469727,2022,occurrence
MACHINE_OBSERVATION,Colombia,2327.45068359375,3987817485.0,WCS Colombia (WCS),4.265178,-76.415855,1806,15.0,2022,occurrence
MACHINE_OBSERVATION,Colombia,2327.45068359375,3987817817.0,WCS Colombia (WCS),4.260055,-76.417955,1806,15.0,2022,occurrence
MACHINE_OBSERVATION,Colombia,2615.7265625,3987817892.0,WCS Colombia (WCS),4.269878,-76.416503,1801,14.399999618530273,2022,occurrence
MACHINE_OBSERVATION,Colombia,2615.7265625,3987817925.0,WCS Colombia (WCS),4.268852,-76.418893,1801,14.399999618530273,2022,occurrence
MACHINE_OBSERVATION,Colombia,2842.662841796875,3987817979.0,WCS Colombia (WCS),4.254957,-76.422097,1750,12.600000381469727,2022,occurrence
MACHINE_OBSERVATION,Colombia,2516.06591796875,3987818001.0,WCS Colombia (WCS),4.260338,-76.423626,1790,14.199999809265137,2022,occurrence
MACHINE_OBSERVATION,Colombia,2516.06591796875,3987818016.0,WCS Colombia (WCS),4.262254,-76.421977,1790,14.199999809265137,2022,occurrence
MACHINE_OBSERVATION,Colombia,2516.06591796875,3987818021.0,WCS Colombia (WCS),4.263032,-76.425469,1790,14.199999809265137,2022,occurrence
HUMAN_OBSERVATION,Ecuador,3643.614501953125,4499850254.0,MAATE,-0.411228,-78.181853,1283,6.900000095367432,2022,occurrence
HUMAN_OBSERVATION,Ecuador,3640.856689453125,4499850525.0,MAATE,-0.407719,-78.179218,1279,6.199999809265137,2022,occurrence
MACHINE_OBSERVATION,Colombia,1989.174560546875,4979667904.0,Fundación Grupo Argos (FGA),4.99101,-76.07459,2767,17.299999237060547,2022,occurrence
MACHINE_OBSERVATION,Colombia,1989.174560546875,4979667965.0,Fundación Grupo Argos (FGA),4.9876,-76.07353,2767,17.299999237060547,2022,occurrence
MACHINE_OBSERVATION,Colombia,2218.083251953125,4979669808.0,Fundación Grupo Argos (FGA),4.90465,-76.0765,3047,16.399999618530273,2022,occurrence
HUMAN_OBSERVATION,Brazil,571.7744140625,6511175710.0,ICMBio,-23.884722,-52.743889,1438,20.399999618530273,2022,occurrence
MACHINE_OBSERVATION,Colombia,2327.45068359375,3987817917.0,WCS Colombia (WCS),4.259869,-76.413563,1806,15.0,2022,occurrence
HUMAN_OBSERVATION,Colombia,162.3130645751953,4079284338.0,Agropecuaria Aliar S.A.,4.161308,-72.129844,2214,26.899999618530273,2022,occurrence
MACHINE_OBSERVATION,Colombia,2296.716552734375,4974765620.0,Área Metropolitana del Valle de Aburrá (AMVA),6.11459,-75.59632,2029,16.100000381469727,2022,occurrence
MACHINE_OBSERVATION,Colombia,1965.11083984375,4979668560.0,Fundación Grupo Argos (FGA),4.99298,-76.06194,2685,17.399999618530273,2022,occurrence
MACHINE_OBSERVATION,Colombia,2460.781982421875,6187685830.0,Distrito Especial de Medellín (DEMedellin),6.253528,-75.511028,1797,15.899999618530273,2022,occurrence
HUMAN_OBSERVATION,Brazil,218.5364532470703,4950837730.0,Prima_Ambiental,-5.64857,-36.25523,450,25.0,2022,occurrence
MACHINE_OBSERVATION,Colombia,1821.7059326171875,4974762634.0,Área Metropolitana del Valle de Aburrá (AMVA),6.14673,-75.59141,2081,19.399999618530273,2022,occurrence
MACHINE_OBSERVATION,Colombia,2293.685302734375,4063509045.0,Alcaldía de Envigado,6.124231,-75.586049,2032,16.600000381469727,2022,occurrence
MACHINE_OBSERVATION,Colombia,1994.359375,5004497973.0,Fundación Grupo Argos (FGA),3.24522,-75.76909,2559,18.399999618530273,2022,occurrence
MACHINE_OBSERVATION,Colombia,2417.98681640625,5053271588.0,WCS Colombia (WCS),3.716348,-76.070767,1281,14.899999618530273,2022,occurrence
HUMAN_OBSERVATION,Brazil,470.80010986328125,4018156722.0,iNaturalist,-7.417898,-36.459238,390,23.0,2022,occurrence
HUMAN_OBSERVATION,Ecuador,3987.815185546875,4499846625.0,MAATE,-0.572444,-78.262898,1123,5.300000190734863,2022,occurrence
MACHINE_OBSERVATION,Colombia,2049.248046875,5004497606.0,Fundación Grupo Argos (FGA),3.85424,-75.68665,2113,16.5,2022,occurrence
MACHINE_OBSERVATION,Colombia,3127.3125,5053274835.0,WCS Colombia (WCS),3.82113,-76.12911,1706,10.399999618530273,2022,occurrence
MACHINE_OBSERVATION,Colombia,2665.21728515625,5053274871.0,WCS Colombia (WCS),3.81701,-76.13675,1225,14.199999809265137,2022,occurrence
MACHINE_OBSERVATION,Colombia,2812.284423828125,5053274908.0,WCS Colombia (WCS),3.81837,-76.13994,1377,12.899999618530273,2022,occurrence
MATERIAL_SAMPLE,Colombia,14.031379699707031,5294554890.0,Grupo Prodeco,11.045634,-74.215907,616,27.899999618530273,2022,occurrence
HUMAN_OBSERVATION,Colombia,22.025407791137695,5294554973.0,Grupo Prodeco,11.043944,-74.207778,650,27.799999237060547,2022,occurrence
MATERIAL_SAMPLE,Colombia,11.74697208404541,5294556457.0,Grupo Prodeco,11.052506,-74.223208,581,27.899999618530273,2022,occurrence
HUMAN_OBSERVATION,Colombia,3090.375244140625,3989450564.0,Fundación Natura Colombia (Fund. Natura),4.844116,-73.826304,1403,10.699999809265137,2022,occurrence
HUMAN_OBSERVATION,Ecuador,3640.856689453125,4499845457.0,MAATE,-0.408347,-78.179571,1279,6.199999809265137,2021,occurrence
HUMAN_OBSERVATION,Ecuador,1383.4791259765625,4499847817.0,MAATE,-0.784447,-77.834378,3909,19.700000762939453,2021,occurrence
HUMAN_OBSERVATION,Ecuador,2918.6640625,4499849105.0,MAATE,-0.373013,-78.088899,1199,12.699999809265137,2021,occurrence
HUMAN_OBSERVATION,Brazil,274.85736083984375,6511213824.0,ICMBio,-9.551944,-37.986111,541,25.200000762939453,2021,occurrence
MACHINE_OBSERVATION,Colombia,3549.589599609375,3898508310.0,Alcaldía Municipal de Cogua en Cundinamarca,5.113556,-74.003333,1188,9.0,2021,occurrence
MACHINE_OBSERVATION,Colombia,2736.764404296875,3434807367.0,Asociación GAICA (GAICA),1.283758,-77.262969,1304,13.0,2021,occurrence
MACHINE_OBSERVATION,Colombia,2736.764404296875,3434807378.0,Asociación GAICA (GAICA),1.278914,-77.263678,1304,13.0,2021,occurrence
HUMAN_OBSERVATION,Ecuador,2387.668212890625,4499845719.0,MAATE,-0.472973,-77.939441,1493,13.899999618530273,2021,occurrence
MACHINE_OBSERVATION,Colombia,2319.68701171875,6258262776.0,Empresas Públicas de Medellín E.S.P. (EPM),5.914666,-75.41884,2310,15.899999618530273,2021,occurrence
MACHINE_OBSERVATION,Colombia,2598.16650390625,6258264655.0,Empresas Públicas de Medellín E.S.P. (EPM),5.86483,-75.35566,2765,15.0,2021,occurrence
HUMAN_OBSERVATION,Colombia,2598.16650390625,6258272553.0,Empresas Públicas de Medellín E.S.P. (EPM),5.864216,-75.355678,2765,15.0,2021,occurrence
HUMAN_OBSERVATION,Brazil,527.6498413085938,6510488023.0,ICMBio,-22.2491273,-43.1121052,1643,20.600000381469727,2021,occurrence
MACHINE_OBSERVATION,Colombia,3428.45263671875,3898508321.0,Alcaldía Municipal de Cogua en Cundinamarca,5.10975,-74.006222,1212,8.699999809265137,2021,occurrence
HUMAN_OBSERVATION,Brazil,524.8075561523438,6511142565.0,ICMBio,-21.126222,-48.964639,1310,22.600000381469727,2021,occurrence
HUMAN_OBSERVATION,Colombia,2464.2978515625,3784264381.0,Alcaldía de Envigado,6.1552,-75.5458,1988,15.199999809265137,2021,occurrence
HUMAN_OBSERVATION,Colombia,1962.414794921875,4011369519.0,Fundación Ambiental DapaViva (DapaViva),3.51113,-76.5879,1790,18.399999618530273,2021,occurrence
HUMAN_OBSERVATION,Colombia,1962.414794921875,4011369542.0,Fundación Ambiental DapaViva (DapaViva),3.50808,-76.58492,1790,18.399999618530273,2021,occurrence
HUMAN_OBSERVATION,Ecuador,2701.331787109375,4499846374.0,MAATE,-0.416266,-78.039808,1293,13.199999809265137,2021,occurrence
MACHINE_OBSERVATION,Colombia,2600.811767578125,6258264323.0,Empresas Públicas de Medellín E.S.P. (EPM),5.985297,-75.38702,2293,14.199999809265137,2021,occurrence
MACHINE_OBSERVATION,Colombia,2118.788330078125,3784264705.0,Alcaldía de Envigado,6.1275,-75.5884,2089,17.0,2021,occurrence
HUMAN_OBSERVATION,Colombia,1134.464111328125,4439050313.0,Museo de Historia Natural María Belén Rivera Gualy (MBRG),2.005889,-76.017444,1426,21.600000381469727,2021,occurrence
HUMAN_OBSERVATION,Brazil,194.52301025390625,4950839347.0,Prima_Ambiental,-5.62263,-36.18064,466,25.0,2021,occurrence
HUMAN_OBSERVATION,Brazil,418.18548583984375,5100866982.0,CIBIO,-23.882694,-52.833553,1390,21.0,2021,occurrence
MACHINE_OBSERVATION,Colombia,2427.316650390625,6258269482.0,Empresas Públicas de Medellín E.S.P. (EPM),5.928001,-75.413196,2420,15.399999618530273,2021,occurrence
HUMAN_OBSERVATION,Colombia,2262.589111328125,3784264362.0,Alcaldía de Envigado,6.1736,-75.5466,1930,16.799999237060547,2021,occurrence
HUMAN_OBSERVATION,Brazil,618.8907470703125,5100918532.0,CIBIO,-13.364103,-44.626052,949,23.5,2021,occurrence
MACHINE_OBSERVATION,Colombia,2648.70166015625,6258265638.0,Empresas Públicas de Medellín E.S.P. (EPM),5.863436,-75.387961,2331,13.800000190734863,2021,occurrence
MATERIAL_SAMPLE,Colombia,2170.56396484375,3784264726.0,Alcaldía de Envigado,6.1231,-75.5765,2008,16.5,2021,occurrence
HUMAN_OBSERVATION,Brazil,212.814697265625,4950839771.0,Prima_Ambiental,-5.57489,-36.20352,469,24.899999618530273,2021,occurrence
MACHINE_OBSERVATION,Colombia,2368.916015625,6258269199.0,Empresas Públicas de Medellín E.S.P. (EPM),5.873022,-75.358361,2629,15.5,2021,occurrence
MACHINE_OBSERVATION,Colombia,2385.05712890625,6258274636.0,Empresas Públicas de Medellín E.S.P. (EPM),5.932125,-75.417326,2206,16.5,2021,occurrence
MACHINE_OBSERVATION,Colombia,1866.476318359375,3744049670.0,Alcaldía de Pitalito (pitalito),1.84622,-75.96775,1928,17.899999618530273,2021,occurrence
MACHINE_OBSERVATION,Colombia,1866.476318359375,3744049680.0,Alcaldía de Pitalito (pitalito),1.84752,-75.96794,1928,17.899999618530273,2021,occurrence
MACHINE_OBSERVATION,Colombia,2118.788330078125,3784264433.0,Alcaldía de Envigado,6.1269,-75.5868,2089,17.0,2021,occurrence
HUMAN_OBSERVATION,Colombia,1064.312255859375,3898221934.0,Corporación Autónoma Regional de Valle del Cauca (CVC),4.3855,-75.8053,1654,23.100000381469727,2021,occurrence
MACHINE_OBSERVATION,Colombia,3549.589599609375,3898508331.0,Alcaldía Municipal de Cogua en Cundinamarca,5.112833,-74.005111,1188,9.0,2021,occurrence
HUMAN_OBSERVATION,Brazil,212.667236328125,4950853966.0,Prima_Ambiental,-5.583333,-36.233446,465,25.0,2021,occurrence
MACHINE_OBSERVATION,Colombia,3328.7490234375,3898508312.0,Alcaldía Municipal de Cogua en Cundinamarca,5.116614,-74.000596,1098,10.300000190734863,2021,occurrence
MACHINE_OBSERVATION,Colombia,2230.10400390625,5053273292.0,WCS Colombia (WCS),4.762742,-76.290587,2943,14.899999618530273,2021,occurrence
MACHINE_OBSERVATION,Colombia,2376.556640625,5053273365.0,WCS Colombia (WCS),4.753956,-76.290004,3161,15.699999809265137,2021,occurrence
MACHINE_OBSERVATION,Colombia,2151.41015625,5053273432.0,WCS Colombia (WCS),4.748703,-76.289947,3225,16.600000381469727,2021,occurrence
MACHINE_OBSERVATION,Colombia,2382.7138671875,5053273450.0,WCS Colombia (WCS),4.746796,-76.307208,2891,14.800000190734863,2021,occurrence
MACHINE_OBSERVATION,Colombia,2129.26171875,5053273539.0,WCS Colombia (WCS),4.740076,-76.290828,3070,15.600000381469727,2021,occurrence
MACHINE_OBSERVATION,Colombia,3013.525634765625,3118572586.0,Asociación Colombiana de Zoología (ACZ),5.9684,-73.13342,1253,11.100000381469727,2020,occurrence
MACHINE_OBSERVATION,Colombia,2945.06787109375,3118572711.0,Asociación Colombiana de Zoología (ACZ),5.98611,-73.17228,1319,11.699999809265137,2020,occurrence
HUMAN_OBSERVATION,Ecuador,2118.8935546875,4499847485.0,MAATE,-0.587173,-77.887773,2384,16.700000762939453,2020,occurrence
MACHINE_OBSERVATION,Colombia,2995.298583984375,3118584444.0,Asociación Colombiana de Zoología (ACZ),5.17337,-73.95413,917,11.800000190734863,2020,occurrence
MACHINE_OBSERVATION,Colombia,2995.298583984375,3118584553.0,Asociación Colombiana de Zoología (ACZ),5.17336,-73.95354,917,11.800000190734863,2020,occurrence
MACHINE_OBSERVATION,Colombia,2995.298583984375,3118585835.0,Asociación Colombiana de Zoología (ACZ),5.17244,-73.95289,917,11.800000190734863,2020,occurrence
HUMAN_OBSERVATION,Ecuador,3612.378173828125,4499846458.0,MAATE,-0.396635,-78.129157,1320,8.100000381469727,2020,occurrence
HUMAN_OBSERVATION,Brazil,473.99285888671875,5100886916.0,CIBIO,-14.723526,-43.997662,821,24.399999618530273,2020,occurrence
MACHINE_OBSERVATION,Colombia,2379.131591796875,3118570315.0,Asociación Colombiana de Zoología (ACZ),4.80317,-76.21542,2854,14.5,2020,occurrence
MACHINE_OBSERVATION,Colombia,2995.298583984375,3118584254.0,Asociación Colombiana de Zoología (ACZ),5.17366,-73.95283,917,11.800000190734863,2020,occurrence
MACHINE_OBSERVATION,Colombia,2617.55859375,3118572631.0,Asociación Colombiana de Zoología (ACZ),5.989,-73.153,1292,13.5,2020,occurrence
HUMAN_OBSERVATION,Ecuador,1058.2420654296875,4499849284.0,MAATE,-0.784473,-77.829506,3921,20.899999618530273,2020,occurrence
MACHINE_OBSERVATION,Colombia,2209.323486328125,3118570319.0,Asociación Colombiana de Zoología (ACZ),4.82873,-76.16671,3269,15.800000190734863,2020,occurrence
HUMAN_OBSERVATION,Brazil,665.77734375,5100896921.0,CIBIO,-13.569882,-44.50715,894,23.5,2020,occurrence
HUMAN_OBSERVATION,Brazil,552.6603393554688,6510977883.0,ICMBio,-21.406944,-48.505,1335,21.899999618530273,2020,occurrence
HUMAN_OBSERVATION,Brazil,729.5789794921875,5100865296.0,CIBIO,-13.90006,-44.449828,848,22.899999618530273,2020,occurrence
HUMAN_OBSERVATION,Brazil,697.72119140625,5100901270.0,CIBIO,-13.797389,-44.49087,840,23.100000381469727,2020,occurrence
HUMAN_OBSERVATION,Brazil,186.3365020751953,6511211623.0,ICMBio,-3.720476,-46.781083,1576,26.299999237060547,2020,occurrence
MACHINE_OBSERVATION,Colombia,660.491943359375,3395113722.0,CORPOAMAZONÍA - Corporación para el Desarrollo Sostenible del Sur de la Amazonia,0.87417,-76.78092,4294,23.399999618530273,2020,occurrence
HUMAN_OBSERVATION,Ecuador,2425.08642578125,4499848050.0,MAATE,-0.444581,-77.995171,1527,16.0,2020,occurrence
MACHINE_OBSERVATION,Colombia,1128.0411376953125,3081063988.0,Instituto para la Investigación y la Preservación del Patrimonio Cultural y Natural del Valle del Cauca - INCIVA,4.02064,-76.353607,1187,22.600000381469727,2020,occurrence
HUMAN_OBSERVATION,Ecuador,3908.6064453125,4499848105.0,MAATE,-0.396371,-78.19222,1267,5.5,2020,occurrence
HUMAN_OBSERVATION,Brazil,83.25685119628906,6510705748.0,ICMBio,-11.691111,-37.666472,1446,24.299999237060547,2020,occurrence
MACHINE_OBSERVATION,Colombia,1991.7176513671875,3118575773.0,Asociación Colombiana de Zoología (ACZ),5.18956,-75.97879,2350,17.100000381469727,2020,occurrence
HUMAN_OBSERVATION,Brazil,515.4549560546875,5100910430.0,CIBIO,-23.905,-52.766889,1423,20.600000381469727,2020,occurrence
HUMAN_OBSERVATION,Brazil,885.4865112304688,6510858994.0,ICMBio,-29.418611,-50.399167,2090,15.100000381469727,2020,occurrence
HUMAN_OBSERVATION,Brazil,260.42108154296875,6511226328.0,ICMBio,-11.752361,-38.591778,810,23.100000381469727,2020,occurrence
HUMAN_OBSERVATION,Brazil,294.9661560058594,6510175020.0,ICMBio,-11.912611,-38.499139,1056,22.700000762939453,2020,occurrence
HUMAN_OBSERVATION,Brazil,473.02996826171875,6510179069.0,ICMBio,-9.1658,-39.68599,508,23.600000381469727,2020,occurrence
HUMAN_OBSERVATION,Brazil,671.3203125,6510428692.0,ICMBio,-23.213056,-47.175833,1289,18.799999237060547,2020,occurrence
HUMAN_OBSERVATION,Brazil,363.5566101074219,6510611959.0,ICMBio,-9.17714,-39.88811,487,24.399999618530273,2020,occurrence
HUMAN_OBSERVATION,Brazil,408.0393371582031,6510628767.0,ICMBio,-9.17778,-39.7536,509,24.0,2020,occurrence
HUMAN_OBSERVATION,Brazil,414.3811950683594,6510702586.0,ICMBio,-9.16051,-39.78395,503,24.0,2020,occurrence
HUMAN_OBSERVATION,Brazil,396.6390380859375,6510828999.0,ICMBio,-9.16588,-39.77341,501,24.100000381469727,2020,occurrence
HUMAN_OBSERVATION,Brazil,402.8470458984375,6510849089.0,ICMBio,-9.16355,-39.76063,503,24.100000381469727,2020,occurrence
HUMAN_OBSERVATION,Brazil,391.2001953125,6511176844.0,ICMBio,-9.17296,-39.79235,500,24.200000762939453,2020,occurrence
MACHINE_OBSERVATION,Colombia,554.91015625,3395115359.0,CORPOAMAZONÍA - Corporación para el Desarrollo Sostenible del Sur de la Amazonia,0.86561,-76.7663,4290,23.700000762939453,2020,occurrence
HUMAN_OBSERVATION,Brazil,257.4519348144531,6510386178.0,ICMBio,-10.707146,-48.375769,1624,26.0,2020,occurrence
HUMAN_OBSERVATION,Brazil,274.16986083984375,6510492867.0,ICMBio,-9.331283,-44.520259,955,26.600000381469727,2020,occurrence
HUMAN_OBSERVATION,Brazil,512.0386352539062,6511210834.0,ICMBio,-10.0525,-45.28826,1031,24.799999237060547,2020,occurrence
HUMAN_OBSERVATION,Brazil,746.949951171875,6511256422.0,ICMBio,-10.188488,-38.762973,683,21.299999237060547,2020,occurrence
HUMAN_OBSERVATION,Brazil,644.6177978515625,6511314320.0,ICMBio,-10.07377,-45.270354,1065,24.0,2020,occurrence
HUMAN_OBSERVATION,Ecuador,2918.6640625,4499848345.0,MAATE,-0.375925,-78.086534,1199,12.699999809265137,2020,occurrence
HUMAN_OBSERVATION,Brazil,450.22674560546875,5101023505.0,CIBIO,-6.971567,-41.643534,778,24.899999618530273,2020,occurrence
HUMAN_OBSERVATION,Ecuador,2948.564697265625,4499845717.0,MAATE,-0.391147,-78.080426,1240,11.600000381469727,2019,occurrence
HUMAN_OBSERVATION,Brazil,794.0581665039062,6510870029.0,ICMBio,-23.649167,-46.618611,1402,18.100000381469727,2019,occurrence
HUMAN_OBSERVATION,Brazil,1000.0252685546875,6511177496.0,ICMBio,-15.925833,-48.819444,1518,22.299999237060547,2019,occurrence
MACHINE_OBSERVATION,Colombia,2576.658203125,3118572678.0,Asociación Colombiana de Zoología (ACZ),6.003,-73.15,1353,14.0,2019,occurrence
MACHINE_OBSERVATION,Colombia,2236.986328125,3744049912.0,Alcaldía de Pitalito (pitalito),1.71418,-76.22611,2201,15.100000381469727,2019,occurrence
HUMAN_OBSERVATION,Brazil,554.3461303710938,5100881259.0,CIBIO,-14.429062,-44.344491,909,23.899999618530273,2019,occurrence
HUMAN_OBSERVATION,Brazil,651.4290771484375,6510692916.0,ICMBio,-23.41375,-45.63963,1422,18.600000381469727,2019,occurrence
HUMAN_OBSERVATION,Brazil,35.562408447265625,6510128204.0,ICMBio,-4.035981,-44.458881,1600,27.299999237060547,2019,occurrence
HUMAN_OBSERVATION,Brazil,238.34732055664062,6510408373.0,ICMBio,-6.916931,-37.966383,883,26.299999237060547,2019,occurrence
HUMAN_OBSERVATION,Brazil,307.2449035644531,6510912737.0,ICMBio,-6.898836,-38.558244,955,26.0,2019,occurrence
HUMAN_OBSERVATION,Brazil,745.7845458984375,6511065376.0,ICMBio,-23.186389,-46.884167,1334,18.5,2019,occurrence
MACHINE_OBSERVATION,Colombia,2766.88330078125,3118572705.0,Asociación Colombiana de Zoología (ACZ),6.02039,-73.10011,1281,13.5,2019,occurrence
MACHINE_OBSERVATION,Colombia,3711.20703125,3118572600.0,Asociación Colombiana de Zoología (ACZ),5.98614,-73.07619,1585,5.400000095367432,2019,occurrence
MACHINE_OBSERVATION,Colombia,2293.2470703125,3118572696.0,Asociación Colombiana de Zoología (ACZ),6.03808,-73.14428,1782,15.699999809265137,2019,occurrence
MACHINE_OBSERVATION,Colombia,2386.388671875,3118572709.0,Asociación Colombiana de Zoología (ACZ),6.01944,-73.14839,1550,15.0,2019,occurrence
PRESERVED_SPECIMEN,Ecuador,2682.91552734375,4022906318.0,MUTPL,-4.482853,-79.14824,1215,14.5,2019,occurrence
HUMAN_OBSERVATION,Brazil,525.6217041015625,5100882967.0,CIBIO,-14.322981,-44.417459,858,24.0,2019,occurrence
HUMAN_OBSERVATION,Colombia,2476.16943359375,6187685749.0,Distrito Especial de Medellín (DEMedellin),6.262575,-75.668827,1903,15.199999809265137,2019,occurrence
HUMAN_OBSERVATION,Brazil,60.6533317565918,6510219258.0,ICMBio,-22.905278,-43.229167,1277,23.100000381469727,2019,occurrence
HUMAN_OBSERVATION,Brazil,885.4865112304688,6510527269.0,ICMBio,-29.416111,-50.396111,2090,15.100000381469727,2019,occurrence
MACHINE_OBSERVATION,Colombia,3756.80810546875,3118572713.0,Asociación Colombiana de Zoología (ACZ),6.01294,-73.06078,1597,5.400000095367432,2019,occurrence
HUMAN_OBSERVATION,Brazil,560.6678466796875,5100974496.0,CIBIO,-14.349777,-44.400792,885,23.799999237060547,2019,occurrence
HUMAN_OBSERVATION,Colombia,2430.35595703125,6187685754.0,Distrito Especial de Medellín (DEMedellin),6.275343,-75.667154,1854,15.899999618530273,2019,occurrence
HUMAN_OBSERVATION,Brazil,16.042770385742188,6510939164.0,ICMBio,-29.911819,-50.258203,1505,18.799999237060547,2019,occurrence
MACHINE_OBSERVATION,Colombia,2995.298583984375,3118567112.0,Asociación Colombiana de Zoología (ACZ),5.17356,-73.95295,917,11.800000190734863,2019,occurrence
MACHINE_OBSERVATION,Colombia,2995.298583984375,3118568902.0,Asociación Colombiana de Zoología (ACZ),5.17374,-73.95333,917,11.800000190734863,2019,occurrence
MACHINE_OBSERVATION,Colombia,3213.79638671875,3118568931.0,Asociación Colombiana de Zoología (ACZ),5.15239,-73.94011,1053,10.5,2019,occurrence
MACHINE_OBSERVATION,Colombia,2966.031982421875,3118577043.0,Asociación Colombiana de Zoología (ACZ),5.15816,-73.94213,903,11.899999618530273,2019,occurrence
MACHINE_OBSERVATION,Colombia,2966.031982421875,3118585508.0,Asociación Colombiana de Zoología (ACZ),5.15958,-73.94043,903,11.899999618530273,2019,occurrence
MACHINE_OBSERVATION,Colombia,821.184326171875,2631128600.0,Instituto de Investigación de Recursos Biológicos Alexander von Humboldt (IAvH),0.64538,-77.12546,3202,23.0,2019,occurrence
MACHINE_OBSERVATION,Colombia,3076.976806640625,3118570511.0,Asociación Colombiana de Zoología (ACZ),5.19264,-73.93469,972,11.100000381469727,2019,occurrence
HUMAN_OBSERVATION,Colombia,2473.139892578125,4027206306.0,Corporación Autónoma Regional de las cuencas de los ríos Negro y Nare (CORNARE),6.24581,-75.50229,1818,15.800000190734863,2019,occurrence
HUMAN_OBSERVATION,Colombia,2374.58447265625,4027206662.0,Corporación Autónoma Regional de las cuencas de los ríos Negro y Nare (CORNARE),6.07992,-75.51925,2041,15.600000381469727,2019,occurrence
MACHINE_OBSERVATION,Colombia,2727.783935546875,4948128738.0,WCS Colombia (WCS),3.8242,-75.7458,1239,13.399999618530273,2019,occurrence
HUMAN_OBSERVATION,Colombia,2588.945556640625,6187685818.0,Distrito Especial de Medellín (DEMedellin),6.255012,-75.667757,1895,15.399999618530273,2019,occurrence
MACHINE_OBSERVATION,Colombia,2073.00537109375,3118572602.0,Asociación Colombiana de Zoología (ACZ),6.07936,-73.18428,2535,17.299999237060547,2019,occurrence
HUMAN_OBSERVATION,Ecuador,2918.6640625,4499847188.0,MAATE,-0.372568,-78.088967,1199,12.699999809265137,2019,occurrence
HUMAN_OBSERVATION,Ecuador,3214.434814453125,4499849784.0,MAATE,-0.39657,-78.085806,1370,9.0,2019,occurrence
MACHINE_OBSERVATION,Colombia,2019.6068115234375,4948129233.0,WCS Colombia (WCS),3.827,-75.5608,2681,18.899999618530273,2019,occurrence
MACHINE_OBSERVATION,Colombia,2019.6068115234375,4948129932.0,WCS Colombia (WCS),3.8343,-75.5631,2681,18.899999618530273,2019,occurrence
HUMAN_OBSERVATION,Brazil,238.30459594726562,6510169083.0,ICMBio,-25.4425,-54.558056,1717,21.399999618530273,2019,occurrence
HUMAN_OBSERVATION,Brazil,862.5118408203125,6510507630.0,ICMBio,-26.250722,-49.907888,1344,16.899999618530273,2019,occurrence
MACHINE_OBSERVATION,Colombia,564.8641967773438,3395111684.0,CORPOAMAZONÍA - Corporación para el Desarrollo Sostenible del Sur de la Amazonia,0.893378,-76.75644,4208,23.899999618530273,2019,occurrence
HUMAN_OBSERVATION,Brazil,758.8052978515625,6510659984.0,ICMBio,-24.302778,-50.611667,1374,18.299999237060547,2019,occurrence
HUMAN_OBSERVATION,Brazil,610.8781127929688,6510989900.0,ICMBio,-21.3377125,-48.3182926,1334,21.700000762939453,2019,occurrence
HUMAN_OBSERVATION,Brazil,260.7254638671875,2908266491.0,MVV,-9.6701,-36.7396,661,24.100000381469727,2019,occurrence
MACHINE_OBSERVATION,Colombia,2462.128173828125,4921403312.0,Corporación Grupo de Investigación y Observación Ambiental (GIO Ambiental),6.40577,-75.51134,1706,15.800000190734863,2019,occurrence
HUMAN_OBSERVATION,Brazil,732.8883056640625,5100848585.0,CIBIO,-13.934962,-44.447023,852,22.899999618530273,2019,occurrence
MACHINE_OBSERVATION,Colombia,2875.61669921875,3118575919.0,Asociación Colombiana de Zoología (ACZ),4.79845,-73.9868,918,11.899999618530273,2019,occurrence
MACHINE_OBSERVATION,Colombia,39.76433563232422,1913316992.0,Fundación Pantera Colombia (Panthera),4.00277,-77.01516,7335,26.0,2018,occurrence
MACHINE_OBSERVATION,Colombia,1901.8587646484375,3118570382.0,Asociación Colombiana de Zoología (ACZ),4.7832,-76.20618,3199,17.0,2018,occurrence
HUMAN_OBSERVATION,Ecuador,2634.793701171875,4499849438.0,MAATE,-0.429199,-78.026795,1359,14.399999618530273,2018,occurrence
HUMAN_OBSERVATION,Brazil,874.9207763671875,6510533118.0,ICMBio,-29.438889,-50.398611,2055,15.300000190734863,2018,occurrence
HUMAN_OBSERVATION,Brazil,1062.9693603515625,6510628945.0,ICMBio,-14.378833,-42.995833,849,20.700000762939453,2018,occurrence
MACHINE_OBSERVATION,Ecuador,1892.517578125,3051919492.0,,-4.55553,-78.90082,1465,18.799999237060547,2018,occurrence
MACHINE_OBSERVATION,Colombia,3213.79638671875,3118568181.0,Asociación Colombiana de Zoología (ACZ),5.15267,-73.94017,1053,10.5,2018,occurrence
MACHINE_OBSERVATION,Colombia,3213.79638671875,3118568199.0,Asociación Colombiana de Zoología (ACZ),5.15421,-73.93908,1053,10.5,2018,occurrence
HUMAN_OBSERVATION,Brazil,301.25927734375,6511033841.0,ICMBio,-15.8965169,-52.2621139,1577,25.600000381469727,2018,occurrence
MACHINE_OBSERVATION,Colombia,3213.79638671875,3118568171.0,Asociación Colombiana de Zoología (ACZ),5.15417,-73.93961,1053,10.5,2018,occurrence
MACHINE_OBSERVATION,Colombia,2132.056396484375,3744049800.0,Alcaldía de Pitalito (pitalito),1.71725,-76.22419,2200,16.100000381469727,2018,occurrence
HUMAN_OBSERVATION,Brazil,492.7676086425781,5100881064.0,CIBIO,-14.316798,-44.424844,846,24.200000762939453,2018,occurrence
HUMAN_OBSERVATION,Brazil,492.7676086425781,5100968607.0,CIBIO,-14.317087,-44.428477,846,24.200000762939453,2018,occurrence
HUMAN_OBSERVATION,Brazil,515.4549560546875,5100968800.0,CIBIO,-23.908056,-52.760833,1423,20.600000381469727,2018,occurrence
HUMAN_OBSERVATION,Brazil,456.1295471191406,6510967226.0,ICMBio,-12.152778,-44.99,1045,24.899999618530273,2018,occurrence
HUMAN_OBSERVATION,Brazil,1177.6646728515625,6511005797.0,ICMBio,-14.118889,-47.730556,1826,21.799999237060547,2018,occurrence
HUMAN_OBSERVATION,Colombia,3215.991455078125,2237550460.0,Corporación Paisajes Rurales (CPR),3.98255,-75.66286,1293,10.0,2018,occurrence
MACHINE_OBSERVATION,Colombia,1822.341552734375,3118566478.0,Asociación Colombiana de Zoología (ACZ),4.62201,-76.27553,1710,19.0,2018,occurrence
HUMAN_OBSERVATION,Ecuador,3559.18310546875,4499846445.0,MAATE,-0.395775,-78.173624,1288,6.199999809265137,2018,occurrence
HUMAN_OBSERVATION,Brazil,492.7676086425781,5100894393.0,CIBIO,-14.318526,-44.421824,846,24.200000762939453,2018,occurrence
HUMAN_OBSERVATION,Brazil,27.396997451782227,6510148814.0,ICMBio,-5.855833,-35.347778,1174,25.899999618530273,2018,occurrence
HUMAN_OBSERVATION,Brazil,115.36641693115234,6510307041.0,ICMBio,-4.066075,-42.157372,1692,27.0,2018,occurrence
HUMAN_OBSERVATION,Colombia,1363.17919921875,3897165443.0,Parques Nacionales Naturales de Colombia (PNN),6.57911,-76.26769,2698,21.100000381469727,2018,occurrence
HUMAN_OBSERVATION,Brazil,129.9654998779297,6510432627.0,ICMBio,-5.05294,-37.52914,915,27.0,2018,occurrence
MACHINE_OBSERVATION,Colombia,2337.20361328125,3118581660.0,Asociación Colombiana de Zoología (ACZ),4.88978,-74.37504,994,14.199999809265137,2018,occurrence
HUMAN_OBSERVATION,Ecuador,3586.3583984375,4499846170.0,MAATE,-0.395858,-78.159975,1310,7.400000095367432,2018,occurrence
HUMAN_OBSERVATION,Ecuador,2741.27099609375,4499846360.0,MAATE,-0.469797,-78.046157,1302,11.699999809265137,2018,occurrence
HUMAN_OBSERVATION,Ecuador,2910.7099609375,4499848755.0,MAATE,-0.463784,-78.046539,1310,11.5,2018,occurrence
HUMAN_OBSERVATION,Brazil,65.79682922363281,6511045423.0,ICMBio,-5.660556,-36.738056,586,27.200000762939453,2018,occurrence
HUMAN_OBSERVATION,Brazil,1016.8270874023438,6510221218.0,ICMBio,-15.858333,-47.944722,1816,21.200000762939453,2017,occurrence
MACHINE_OBSERVATION,Colombia,2089.97900390625,2237831490.0,Parques Nacionales Naturales de Colombia (PNN),6.54946,-76.22247,2569,17.5,2017,occurrence
MACHINE_OBSERVATION,Colombia,2294.3837890625,3118566480.0,Asociación Colombiana de Zoología (ACZ),4.78421,-76.24593,2781,14.300000190734863,2017,occurrence
HUMAN_OBSERVATION,Colombia,340.3641662597656,3821021865.0,Empresas Públicas de Medellín E.S.P. (EPM),7.191075,-75.582504,3037,25.399999618530273,2017,occurrence
HUMAN_OBSERVATION,Brazil,726.373779296875,6510122504.0,ICMBio,-15.096926,-44.253335,992,23.100000381469727,2017,occurrence
HUMAN_OBSERVATION,Brazil,756.9508056640625,6511046804.0,ICMBio,-15.089608,-44.253114,996,22.799999237060547,2017,occurrence
MACHINE_OBSERVATION,Colombia,1531.4642333984375,2237830979.0,Parques Nacionales Naturales de Colombia (PNN),6.58888,-76.26387,2485,20.100000381469727,2017,occurrence
MACHINE_OBSERVATION,Colombia,1332.996826171875,2237831345.0,Parques Nacionales Naturales de Colombia (PNN),6.57661,-76.32541,2919,21.299999237060547,2017,occurrence
MACHINE_OBSERVATION,Colombia,2136.2255859375,2237831742.0,Parques Nacionales Naturales de Colombia (PNN),6.52234,-76.22141,2526,17.799999237060547,2017,occurrence
MACHINE_OBSERVATION,Colombia,2072.227294921875,3118570318.0,Asociación Colombiana de Zoología (ACZ),4.78788,-76.15005,3068,16.600000381469727,2017,occurrence
MACHINE_OBSERVATION,Colombia,1815.5909423828125,3118570323.0,Asociación Colombiana de Zoología (ACZ),4.71578,-76.20616,2381,17.799999237060547,2017,occurrence
MACHINE_OBSERVATION,Colombia,1594.354736328125,3118570379.0,Asociación Colombiana de Zoología (ACZ),4.80415,-76.18314,1841,19.700000762939453,2017,occurrence
MACHINE_OBSERVATION,Colombia,1781.763427734375,3118570386.0,Asociación Colombiana de Zoología (ACZ),4.76817,-76.13898,2194,18.200000762939453,2017,occurrence
MACHINE_OBSERVATION,Colombia,1680.087890625,3118570473.0,Asociación Colombiana de Zoología (ACZ),4.81162,-76.17953,2093,18.899999618530273,2017,occurrence
HUMAN_OBSERVATION,Colombia,429.7043762207031,3821009675.0,Empresas Públicas de Medellín E.S.P. (EPM),7.183747,-75.599923,2863,24.5,2017,occurrence
HUMAN_OBSERVATION,Brazil,583.996337890625,6510072062.0,ICMBio,-13.461667,-40.033889,714,21.100000381469727,2017,occurrence
MACHINE_OBSERVATION,Colombia,2477.950927734375,2237830810.0,Parques Nacionales Naturales de Colombia (PNN),1.20578,-77.40575,1399,13.600000381469727,2017,occurrence
MACHINE_OBSERVATION,Colombia,2477.950927734375,2237831680.0,Parques Nacionales Naturales de Colombia (PNN),1.21095,-77.40492,1399,13.600000381469727,2017,occurrence
MACHINE_OBSERVATION,Colombia,1834.1190185546875,3118570383.0,Asociación Colombiana de Zoología (ACZ),4.82383,-76.19656,2796,17.700000762939453,2017,occurrence
HUMAN_OBSERVATION,Brazil,532.1611328125,6510336840.0,ICMBio,-23.6212,-51.10974,1448,20.399999618530273,2017,occurrence
MACHINE_OBSERVATION,Colombia,2262.3115234375,2237830895.0,Parques Nacionales Naturales de Colombia (PNN),1.20831,-77.41531,1367,14.899999618530273,2017,occurrence
MACHINE_OBSERVATION,Colombia,1756.531005859375,2237831083.0,Parques Nacionales Naturales de Colombia (PNN),5.529,-75.070388,3461,18.299999237060547,2017,occurrence
MACHINE_OBSERVATION,Colombia,2262.3115234375,2237831113.0,Parques Nacionales Naturales de Colombia (PNN),1.2082,-77.41261,1367,14.899999618530273,2017,occurrence
MACHINE_OBSERVATION,Colombia,2262.3115234375,2237831703.0,Parques Nacionales Naturales de Colombia (PNN),1.20963,-77.41068,1367,14.899999618530273,2017,occurrence
MACHINE_OBSERVATION,Colombia,1756.531005859375,3118582976.0,Asociación Colombiana de Zoología (ACZ),5.529,-75.07039,3461,18.299999237060547,2017,occurrence
HUMAN_OBSERVATION,Brazil,1071.3992919921875,6510080404.0,ICMBio,-23.91856,-51.21068,1563,17.200000762939453,2017,occurrence
HUMAN_OBSERVATION,Brazil,37.70012283325195,6511131861.0,ICMBio,-28.72,-49.560556,1333,19.399999618530273,2017,occurrence
HUMAN_OBSERVATION,Brazil,38.53704833984375,6511357914.0,ICMBio,-16.570556,-39.175833,1471,24.299999237060547,2017,occurrence
MACHINE_OBSERVATION,Colombia,1291.91259765625,2237830934.0,Parques Nacionales Naturales de Colombia (PNN),5.455306,-75.020889,4036,20.799999237060547,2017,occurrence
MACHINE_OBSERVATION,Colombia,1291.91259765625,3118582863.0,Asociación Colombiana de Zoología (ACZ),5.45531,-75.02089,4036,20.799999237060547,2017,occurrence
HUMAN_OBSERVATION,Brazil,880.6403198242188,6510062506.0,ICMBio,-15.19,-41.075,839,20.700000762939453,2017,occurrence
HUMAN_OBSERVATION,Brazil,918.8727416992188,6510344498.0,ICMBio,-25.209444,-49.967778,1540,17.399999618530273,2017,occurrence
HUMAN_OBSERVATION,Brazil,729.5709228515625,6510348846.0,ICMBio,-23.496111,-46.519444,1382,18.5,2017,occurrence
HUMAN_OBSERVATION,Brazil,791.0699462890625,6510467202.0,ICMBio,-15.298889,-41.141389,833,21.200000762939453,2017,occurrence
HUMAN_OBSERVATION,Brazil,784.440185546875,6510597277.0,ICMBio,-15.181017,-45.83175,1198,22.899999618530273,2017,occurrence
HUMAN_OBSERVATION,Brazil,760.120361328125,6510807392.0,ICMBio,-15.208977,-45.817798,1188,23.0,2017,occurrence
HUMAN_OBSERVATION,Brazil,717.3220825195312,6510839751.0,ICMBio,-15.236842,-45.831667,1180,23.100000381469727,2017,occurrence
HUMAN_OBSERVATION,Brazil,775.3643188476562,6510983269.0,ICMBio,-15.279496,-45.817128,1196,22.899999618530273,2017,occurrence
HUMAN_OBSERVATION,Brazil,882.6465454101562,6510371385.0,ICMBio,-22.889167,-48.497778,1334,18.700000762939453,2017,occurrence
HUMAN_OBSERVATION,Brazil,60.6533317565918,6510428972.0,ICMBio,-22.904444,-43.229167,1277,23.100000381469727,2017,occurrence
MACHINE_OBSERVATION,Colombia,1705.167724609375,3118570385.0,Asociación Colombiana de Zoología (ACZ),4.74853,-76.2037,2109,18.600000381469727,2017,occurrence
MACHINE_OBSERVATION,Colombia,1753.5537109375,2235630888.0,Parques Nacionales Naturales de Colombia (PNN),1.638889,-76.101472,2175,18.200000762939453,2017,occurrence
MACHINE_OBSERVATION,Ecuador,2845.447265625,3051892491.0,,-1.224,-78.46963,719,12.0,2017,occurrence
MACHINE_OBSERVATION,Ecuador,2372.52099609375,3051960138.0,,-4.11821,-79.18728,1155,15.699999809265137,2017,occurrence
HUMAN_OBSERVATION,Brazil,8.30341625213623,6510295539.0,ICMBio,-28.873333,-49.463611,1298,19.200000762939453,2017,occurrence
HUMAN_OBSERVATION,Brazil,152.4322052001953,6510691480.0,ICMBio,-5.67347,-50.312519,1908,26.100000381469727,2017,occurrence
HUMAN_OBSERVATION,Brazil,1041.480224609375,6510782302.0,ICMBio,-23.874722,-51.170833,1550,17.399999618530273,2017,occurrence
MACHINE_OBSERVATION,Colombia,3003.328857421875,3864795808.0,Corporación Autónoma Regional de Cundinamarca (CAR),4.91361,-73.72761,1541,11.399999618530273,2017,occurrence
HUMAN_OBSERVATION,Brazil,885.4865112304688,6511306350.0,ICMBio,-29.418889,-50.399167,2090,15.100000381469727,2017,occurrence
HUMAN_OBSERVATION,Colombia,3362.373779296875,1839300608.0,CPR,4.090194,-75.710278,1385,9.399999618530273,2017,occurrence
MACHINE_OBSERVATION,Colombia,3069.3388671875,2464443593.0,Corporación Autonoma regional de Cundinamarca (CAR),4.8995,-73.7399,1540,11.300000190734863,2017,occurrence
MACHINE_OBSERVATION,Colombia,1992.555908203125,3118570374.0,Asociación Colombiana de Zoología (ACZ),4.82067,-76.15948,2736,17.5,2017,occurrence
MACHINE_OBSERVATION,Colombia,3069.3388671875,3864795701.0,Corporación Autónoma Regional de Cundinamarca (CAR),4.90114,-73.73983,1540,11.300000190734863,2017,occurrence
HUMAN_OBSERVATION,Brazil,1271.4141845703125,6511026726.0,ICMBio,-19.223621,-43.494571,1605,17.899999618530273,2017,occurrence
MACHINE_OBSERVATION,Colombia,1898.96826171875,3118570330.0,Asociación Colombiana de Zoología (ACZ),4.78004,-76.16058,2364,18.0,2017,occurrence
HUMAN_OBSERVATION,Brazil,518.30908203125,6510093143.0,ICMBio,-9.28947,-39.60064,482,23.200000762939453,2017,occurrence
HUMAN_OBSERVATION,Brazil,470.2505187988281,6510152389.0,ICMBio,-9.22604,-39.6484,496,23.5,2017,occurrence
HUMAN_OBSERVATION,Brazil,558.8590087890625,6510197169.0,ICMBio,-9.32195,-39.63377,490,22.899999618530273,2017,occurrence
HUMAN_OBSERVATION,Brazil,370.2081604003906,6510243978.0,ICMBio,-9.22153,-39.85632,496,24.299999237060547,2017,occurrence
HUMAN_OBSERVATION,Brazil,391.2001953125,6510285523.0,ICMBio,-9.17292,-39.79193,500,24.200000762939453,2017,occurrence
HUMAN_OBSERVATION,Brazil,462.14324951171875,6510323901.0,ICMBio,-9.12917,-39.64433,506,23.700000762939453,2017,occurrence
HUMAN_OBSERVATION,Brazil,542.849365234375,6510386227.0,ICMBio,-9.33462,-39.6223,480,23.0,2017,occurrence
HUMAN_OBSERVATION,Brazil,426.8963623046875,6510426354.0,ICMBio,-9.19223,-39.73272,511,23.899999618530273,2017,occurrence
HUMAN_OBSERVATION,Brazil,509.936767578125,6510480070.0,ICMBio,-9.31393,-39.60699,478,23.200000762939453,2017,occurrence
HUMAN_OBSERVATION,Brazil,364.605224609375,6510605389.0,ICMBio,-9.19192,-39.88634,489,24.399999618530273,2017,occurrence
HUMAN_OBSERVATION,Brazil,509.198974609375,6510612629.0,ICMBio,-9.11315,-39.64102,508,23.299999237060547,2017,occurrence
HUMAN_OBSERVATION,Brazil,465.080078125,6510626222.0,ICMBio,-9.13169,-39.65699,508,23.700000762939453,2017,occurrence
HUMAN_OBSERVATION,Brazil,430.69580078125,6510740308.0,ICMBio,-9.21921,-39.74106,507,23.899999618530273,2017,occurrence
HUMAN_OBSERVATION,Brazil,642.847412109375,6510768453.0,ICMBio,-9.26924,-39.66659,495,23.299999237060547,2017,occurrence
HUMAN_OBSERVATION,Brazil,528.967529296875,6510824883.0,ICMBio,-9.26733,-39.61534,490,23.100000381469727,2017,occurrence
HUMAN_OBSERVATION,Brazil,520.2697143554688,6510851016.0,ICMBio,-9.30019,-39.61858,483,23.200000762939453,2017,occurrence
HUMAN_OBSERVATION,Brazil,572.9669189453125,6510966643.0,ICMBio,-9.11935,-39.65161,513,23.0,2017,occurrence
HUMAN_OBSERVATION,Brazil,367.25482177734375,6510972336.0,ICMBio,-9.20488,-39.86016,493,24.399999618530273,2017,occurrence
HUMAN_OBSERVATION,Brazil,610.0755615234375,6510982057.0,ICMBio,-9.10936,-39.62773,517,22.899999618530273,2017,occurrence
HUMAN_OBSERVATION,Brazil,493.6072998046875,6511179522.0,ICMBio,-9.33599,-39.58805,466,23.299999237060547,2017,occurrence
HUMAN_OBSERVATION,Brazil,1038.0313720703125,6510573203.0,ICMBio,-29.071739,-50.001908,1852,14.699999809265137,2016,occurrence
HUMAN_OBSERVATION,Brazil,855.091552734375,6510914409.0,ICMBio,-19.884444,-44.197778,1364,21.200000762939453,2016,occurrence
HUMAN_OBSERVATION,Brazil,12.243703842163086,6511318568.0,ICMBio,-29.864167,-51.366389,1394,19.600000381469727,2016,occurrence
MACHINE_OBSERVATION,Ecuador,1016.4547119140625,3051902571.0,,-4.43701,-78.77581,2094,22.0,2016,occurrence
MACHINE_OBSERVATION,Colombia,3394.6533203125,3118568367.0,Asociación Colombiana de Zoología (ACZ),4.61181,-73.74103,1585,8.800000190734863,2016,occurrence
HUMAN_OBSERVATION,French Guiana,118.77960968017578,3492157672.0,,3.74167,-52.13263,3135,25.5,2016,occurrence
HUMAN_OBSERVATION,Brazil,900.0169067382812,6510794037.0,ICMBio,-29.072356,-49.961364,1836,14.699999809265137,2016,occurrence
HUMAN_OBSERVATION,Brazil,178.96649169921875,6511101580.0,ICMBio,-5.63,-50.48,1908,25.899999618530273,2016,occurrence
MACHINE_OBSERVATION,Colombia,1473.7587890625,3118571276.0,Asociación Colombiana de Zoología (ACZ),4.51738,-73.44429,4933,19.700000762939453,2016,occurrence
HUMAN_OBSERVATION,Brazil,981.0755615234375,6510617872.0,ICMBio,-23.433889,-46.628889,1448,16.799999237060547,2016,occurrence
MACHINE_OBSERVATION,Colombia,2301.9560546875,2237831170.0,Parques Nacionales Naturales de Colombia (PNN),5.091583,-76.032806,2818,14.699999809265137,2016,occurrence
MACHINE_OBSERVATION,Colombia,234.95433044433594,3118580943.0,Asociación Colombiana de Zoología (ACZ),1.41939,-75.68,3521,25.799999237060547,2016,occurrence
HUMAN_OBSERVATION,Brazil,786.7547607421875,6510228209.0,ICMBio,-23.993056,-46.736111,2589,17.0,2016,occurrence
MACHINE_OBSERVATION,Colombia,2827.030517578125,1657216727.0,ProCAT,4.81822,-74.02561,860,13.800000190734863,2016,occurrence
MACHINE_OBSERVATION,Colombia,2952.04345703125,1657216760.0,ProCAT,4.79882,-74.01258,867,12.0,2016,occurrence
MACHINE_OBSERVATION,Colombia,2429.4521484375,2237830819.0,Parques Nacionales Naturales de Colombia (PNN),4.9375,-76.091389,2708,13.800000190734863,2016,occurrence
MACHINE_OBSERVATION,Colombia,2308.651611328125,2237830835.0,Parques Nacionales Naturales de Colombia (PNN),5.065083,-76.045361,2790,14.199999809265137,2016,occurrence
MACHINE_OBSERVATION,Colombia,1972.69775390625,2237830935.0,Parques Nacionales Naturales de Colombia (PNN),5.193444,-76.046278,2607,16.799999237060547,2016,occurrence
MACHINE_OBSERVATION,Colombia,1508.628173828125,2237831101.0,Parques Nacionales Naturales de Colombia (PNN),5.22925,-76.101028,2635,19.100000381469727,2016,occurrence
MACHINE_OBSERVATION,Colombia,2424.813232421875,2237831364.0,Parques Nacionales Naturales de Colombia (PNN),4.972833,-76.078694,3026,15.300000190734863,2016,occurrence
MACHINE_OBSERVATION,Colombia,1581.928466796875,2237831595.0,Parques Nacionales Naturales de Colombia (PNN),5.299806,-76.163194,2950,19.399999618530273,2016,occurrence
MACHINE_OBSERVATION,Colombia,2430.492431640625,2237831750.0,Parques Nacionales Naturales de Colombia (PNN),4.947417,-76.086,2992,15.199999809265137,2016,occurrence
MACHINE_OBSERVATION,Colombia,3378.60009765625,3118567222.0,Asociación Colombiana de Zoología (ACZ),4.50261,-73.75508,1654,9.199999809265137,2016,occurrence
MACHINE_OBSERVATION,Colombia,3378.60009765625,3118570764.0,Asociación Colombiana de Zoología (ACZ),4.50189,-73.75522,1654,9.199999809265137,2016,occurrence
MACHINE_OBSERVATION,Colombia,254.8997802734375,3118576783.0,Asociación Colombiana de Zoología (ACZ),1.40131,-75.69648,3521,25.600000381469727,2016,occurrence
MACHINE_OBSERVATION,Colombia,245.8317108154297,3118584754.0,Asociación Colombiana de Zoología (ACZ),1.49172,-75.66,3571,25.899999618530273,2016,occurrence
MACHINE_OBSERVATION,Colombia,2989.22119140625,1657216725.0,ProCAT,4.789222,-74.002222,962,11.600000381469727,2016,occurrence
MACHINE_OBSERVATION,Colombia,2729.48974609375,1657216733.0,ProCAT,4.80113,-73.98105,839,12.699999809265137,2016,occurrence
MACHINE_OBSERVATION,Colombia,2818.824462890625,1657216739.0,ProCAT,4.79384,-73.98954,841,12.600000381469727,2016,occurrence
MACHINE_OBSERVATION,Colombia,1686.5296630859375,2237831223.0,Parques Nacionales Naturales de Colombia (PNN),5.2155,-76.07475,2648,18.200000762939453,2016,occurrence
MACHINE_OBSERVATION,Colombia,2292.6357421875,2237831417.0,Parques Nacionales Naturales de Colombia (PNN),5.111806,-76.013694,2784,15.100000381469727,2016,occurrence
MACHINE_OBSERVATION,Colombia,3287.406982421875,3118567151.0,Asociación Colombiana de Zoología (ACZ),4.65717,-73.82328,1453,9.5,2016,occurrence
MACHINE_OBSERVATION,Colombia,1473.7587890625,3118569508.0,Asociación Colombiana de Zoología (ACZ),4.51478,-73.44617,4933,19.700000762939453,2016,occurrence
HUMAN_OBSERVATION,Brazil,937.3162841796875,6510482336.0,ICMBio,-14.768056,-40.7125,684,19.600000381469727,2016,occurrence
HUMAN_OBSERVATION,Brazil,684.9420166015625,6510573280.0,ICMBio,-13.217222,-40.028611,731,20.600000381469727,2016,occurrence
HUMAN_OBSERVATION,Brazil,560.0098266601562,6510590260.0,ICMBio,-13.318611,-40.016944,703,21.0,2016,occurrence
HUMAN_OBSERVATION,Brazil,889.8809814453125,6510824716.0,ICMBio,-15.259719,-41.1175,834,20.700000762939453,2016,occurrence
HUMAN_OBSERVATION,Brazil,508.94140625,6511159273.0,ICMBio,-21.137778,-48.972778,1303,22.700000762939453,2016,occurrence
MACHINE_OBSERVATION,Colombia,2494.148681640625,1563453431.0,Instituto de Recursos Biológicos Alexander von Humboldt (IAvH),6.08862,-73.810767,2093,14.199999809265137,2016,occurrence
MACHINE_OBSERVATION,Colombia,2678.98828125,1563454679.0,Instituto de Recursos Biológicos Alexander von Humboldt (IAvH),6.05639,-73.794722,1925,13.300000190734863,2016,occurrence
MACHINE_OBSERVATION,Colombia,1997.046142578125,2237831146.0,Parques Nacionales Naturales de Colombia (PNN),5.264528,-76.113194,2883,16.899999618530273,2016,occurrence
MACHINE_OBSERVATION,Colombia,2376.556640625,3118566479.0,Asociación Colombiana de Zoología (ACZ),4.75425,-76.2901,3161,15.699999809265137,2016,occurrence
MACHINE_OBSERVATION,Colombia,1025.7938232421875,3712317208.0,Central Hidroelectrica de Caldas S.A. E.S.P. (CHEC),5.052483,-75.731886,2089,23.0,2016,occurrence
MACHINE_OBSERVATION,Colombia,2783.2421875,1563453068.0,Instituto de Recursos Biológicos Alexander von Humboldt (IAvH),6.04972,-73.7925,1880,13.0,2016,occurrence
MACHINE_OBSERVATION,Colombia,2523.56201171875,1563453290.0,Instituto de Recursos Biológicos Alexander von Humboldt (IAvH),6.06972,-73.800556,2047,14.100000381469727,2016,occurrence
HUMAN_OBSERVATION,Brazil,928.0463256835938,6510425017.0,ICMBio,-25.064142,-49.962731,1537,17.5,2016,occurrence
MACHINE_OBSERVATION,Colombia,253.46514892578125,3118576905.0,Asociación Colombiana de Zoología (ACZ),1.45572,-75.71406,3549,25.700000762939453,2016,occurrence
HUMAN_OBSERVATION,Brazil,1181.000244140625,6510470944.0,ICMBio,-24.585907,-49.9054769,1551,16.0,2015,occurrence
HUMAN_OBSERVATION,Brazil,11.078781127929688,6510993888.0,ICMBio,-29.950686,-51.590617,1360,19.600000381469727,2015,occurrence
HUMAN_OBSERVATION,Brazil,895.9442138671875,6511095430.0,ICMBio,-26.293889,-53.247219,2032,16.700000762939453,2015,occurrence
HUMAN_OBSERVATION,Brazil,1088.708251953125,6511243200.0,ICMBio,-24.5767208,-49.921378,1507,16.600000381469727,2015,occurrence
HUMAN_OBSERVATION,Colombia,2589.7421875,3770884309.0,Empresas Públicas de Medellín E.S.P. (EPM),5.952481,-75.338841,2445,14.600000381469727,2015,occurrence
MACHINE_OBSERVATION,Colombia,2391.496337890625,3818554880.0,Empresas Públicas de Medellín E.S.P. (EPM),6.70254,-75.74232,2026,16.100000381469727,2015,occurrence
HUMAN_OBSERVATION,Colombia,2923.869384765625,1944887425.0,Universidad de Caldas (UCALDAS),4.469028,-75.495361,1650,10.399999618530273,2015,occurrence
MACHINE_OBSERVATION,Colombia,3106.480224609375,3818553448.0,Empresas Públicas de Medellín E.S.P. (EPM),6.80884,-75.73073,3244,10.399999618530273,2015,occurrence
MACHINE_OBSERVATION,Colombia,2285.69775390625,3818554664.0,Empresas Públicas de Medellín E.S.P. (EPM),6.92344,-75.70573,2314,16.799999237060547,2015,occurrence
HUMAN_OBSERVATION,Brazil,932.4172973632812,6511037302.0,ICMBio,-29.212706,-50.135532,1929,15.0,2015,occurrence
MACHINE_OBSERVATION,Colombia,2373.9140625,3818553416.0,Empresas Públicas de Medellín E.S.P. (EPM),6.85284,-75.74781,2229,16.100000381469727,2015,occurrence
MACHINE_OBSERVATION,Colombia,2761.818359375,3818553497.0,Empresas Públicas de Medellín E.S.P. (EPM),6.86902,-75.65838,2742,13.5,2015,occurrence
MACHINE_OBSERVATION,Colombia,2704.970703125,3818553550.0,Empresas Públicas de Medellín E.S.P. (EPM),6.78834,-75.62841,2939,13.0,2015,occurrence
MACHINE_OBSERVATION,Colombia,2857.371826171875,3818553765.0,Empresas Públicas de Medellín E.S.P. (EPM),6.77428,-75.68284,3230,12.199999809265137,2015,occurrence
MACHINE_OBSERVATION,Colombia,2807.056884765625,3818554184.0,Empresas Públicas de Medellín E.S.P. (EPM),6.72763,-75.6674,2980,12.600000381469727,2015,occurrence
MACHINE_OBSERVATION,Colombia,2881.463134765625,3818554254.0,Empresas Públicas de Medellín E.S.P. (EPM),6.85087,-75.69736,3334,11.800000190734863,2015,occurrence
MACHINE_OBSERVATION,Colombia,3088.67041015625,3818554872.0,Empresas Públicas de Medellín E.S.P. (EPM),6.68596,-75.68824,3141,11.0,2015,occurrence
MACHINE_OBSERVATION,Colombia,2018.7843017578125,3818556109.0,Empresas Públicas de Medellín E.S.P. (EPM),6.86944,-75.74997,2049,17.899999618530273,2015,occurrence
HUMAN_OBSERVATION,Brazil,967.526123046875,6510406747.0,ICMBio,-29.137811,-50.129717,1900,15.0,2015,occurrence
HUMAN_OBSERVATION,Brazil,1164.16015625,6510463666.0,ICMBio,-24.5799999,-49.9177448,1533,16.299999237060547,2015,occurrence
HUMAN_OBSERVATION,Brazil,742.106201171875,6510549739.0,ICMBio,-20.6602263,-41.0061052,1274,19.799999237060547,2015,occurrence
HUMAN_OBSERVATION,Brazil,1088.708251953125,6510821783.0,ICMBio,-24.5759938,-49.9233091,1507,16.600000381469727,2015,occurrence
MACHINE_OBSERVATION,Colombia,2803.516357421875,3818553453.0,Empresas Públicas de Medellín E.S.P. (EPM),6.82969,-75.67495,3137,12.600000381469727,2015,occurrence
MACHINE_OBSERVATION,Colombia,1970.808349609375,3818554736.0,Empresas Públicas de Medellín E.S.P. (EPM),6.90115,-75.72759,2148,18.100000381469727,2015,occurrence
MACHINE_OBSERVATION,Colombia,2872.7939453125,3818554745.0,Empresas Públicas de Medellín E.S.P. (EPM),6.82433,-75.74115,3218,12.0,2015,occurrence
MACHINE_OBSERVATION,Colombia,2792.58544921875,3818554860.0,Empresas Públicas de Medellín E.S.P. (EPM),6.64759,-75.68348,3036,11.800000190734863,2015,occurrence
MACHINE_OBSERVATION,Colombia,2856.75830078125,3818555721.0,Empresas Públicas de Medellín E.S.P. (EPM),6.64464,-75.70594,2879,12.399999618530273,2015,occurrence
MACHINE_OBSERVATION,Colombia,2309.623046875,3818556017.0,Empresas Públicas de Medellín E.S.P. (EPM),6.99071,-75.96796,2408,16.200000762939453,2015,occurrence
HUMAN_OBSERVATION,Brazil,990.5926513671875,6510552143.0,ICMBio,-29.147031,-50.117725,1905,14.800000190734863,2015,occurrence
HUMAN_OBSERVATION,Brazil,738.4198608398438,6510711747.0,ICMBio,-27.0680717,-49.2003226,1651,16.5,2015,occurrence
MACHINE_OBSERVATION,Colombia,2730.66748046875,3818555331.0,Empresas Públicas de Medellín E.S.P. (EPM),7.07859,-75.94214,2769,14.600000381469727,2015,occurrence
MACHINE_OBSERVATION,Colombia,1733.4029541015625,3818556072.0,Empresas Públicas de Medellín E.S.P. (EPM),6.99179,-75.87234,2267,20.5,2015,occurrence
HUMAN_OBSERVATION,Brazil,2.1722841262817383,6510338097.0,ICMBio,-28.585864,-48.969225,1405,19.899999618530273,2015,occurrence
MACHINE_OBSERVATION,Colombia,1500.0933837890625,3118572226.0,Asociación Colombiana de Zoología (ACZ),4.58803,-75.7,2349,19.399999618530273,2015,occurrence
MACHINE_OBSERVATION,Colombia,1943.4205322265625,3118572291.0,Asociación Colombiana de Zoología (ACZ),4.58133,-75.58871,2348,17.299999237060547,2015,occurrence
MACHINE_OBSERVATION,Colombia,1960.5692138671875,3818553925.0,Empresas Públicas de Medellín E.S.P. (EPM),6.98064,-75.85798,2244,18.5,2015,occurrence
MACHINE_OBSERVATION,Colombia,2716.974609375,3818554322.0,Empresas Públicas de Medellín E.S.P. (EPM),6.77264,-75.61849,2715,13.199999809265137,2015,occurrence
HUMAN_OBSERVATION,Brazil,1088.708251953125,6510167167.0,ICMBio,-24.5774878,-49.9225961,1507,16.600000381469727,2015,occurrence
HUMAN_OBSERVATION,Brazil,690.2593994140625,6510825618.0,ICMBio,-5.172623,-40.917662,974,23.0,2015,occurrence
MACHINE_OBSERVATION,Ecuador,3032.4912109375,3051899211.0,,-0.43052,-78.02993,1308,13.199999809265137,2015,occurrence
MACHINE_OBSERVATION,Ecuador,3032.4912109375,3051914424.0,,-0.42602,-78.02797,1308,13.199999809265137,2015,occurrence
MACHINE_OBSERVATION,Colombia,1695.5020751953125,3118571462.0,Asociación Colombiana de Zoología (ACZ),4.67536,-75.67851,2633,18.399999618530273,2015,occurrence
MACHINE_OBSERVATION,Colombia,817.9873046875,3118572199.0,Asociación Colombiana de Zoología (ACZ),5.45106,-75.58871,2388,24.200000762939453,2015,occurrence
MACHINE_OBSERVATION,Colombia,2257.15625,3818553669.0,Empresas Públicas de Medellín E.S.P. (EPM),6.80306,-75.78426,2140,16.299999237060547,2015,occurrence
HUMAN_OBSERVATION,Brazil,1088.708251953125,6511048836.0,ICMBio,-24.5768028,-49.9266114,1507,16.600000381469727,2015,occurrence
MACHINE_OBSERVATION,Colombia,3845.851318359375,2237831683.0,Parques Nacionales Naturales de Colombia (PNN),4.983208,-75.337659,2236,5.800000190734863,2015,occurrence
MACHINE_OBSERVATION,Colombia,2191.360107421875,3118571648.0,Asociación Colombiana de Zoología (ACZ),4.81033,-75.57241,2691,15.5,2015,occurrence
MACHINE_OBSERVATION,Colombia,2176.88037109375,3118572305.0,Asociación Colombiana de Zoología (ACZ),4.54581,-75.58871,2109,15.300000190734863,2015,occurrence
HUMAN_OBSERVATION,Brazil,305.9105529785156,6510386867.0,ICMBio,-5.13801,-40.8625,775,25.799999237060547,2015,occurrence
HUMAN_OBSERVATION,Brazil,347.6666259765625,6510716914.0,ICMBio,-5.14383,-40.87671,789,25.600000381469727,2015,occurrence
MACHINE_OBSERVATION,Ecuador,355.4888000488281,3051891250.0,,0.62043,-79.18751,2615,24.100000381469727,2015,occurrence
MACHINE_OBSERVATION,Colombia,1264.59326171875,3118571638.0,Asociación Colombiana de Zoología (ACZ),4.70875,-75.75038,1932,21.700000762939453,2015,occurrence
MACHINE_OBSERVATION,Colombia,1906.26416015625,3118571647.0,Asociación Colombiana de Zoología (ACZ),4.80756,-75.60769,2669,17.299999237060547,2015,occurrence
MACHINE_OBSERVATION,Colombia,1755.334716796875,3118571665.0,Asociación Colombiana de Zoología (ACZ),4.69481,-75.66,2657,18.299999237060547,2015,occurrence
HUMAN_OBSERVATION,Brazil,600.1444091796875,6511282902.0,ICMBio,-22.604092,-47.218144,1278,20.100000381469727,2015,occurrence
HUMAN_OBSERVATION,Colombia,1508.9818115234375,1986456090.0,Fundación Ecológica Fedena (FEDENA),4.08799,-76.382263,1556,20.0,2015,occurrence
HUMAN_OBSERVATION,Colombia,1618.315673828125,1986456099.0,Fundación Ecológica Fedena (FEDENA),4.084229,-76.39735,1520,19.399999618530273,2015,occurrence
HUMAN_OBSERVATION,Colombia,1586.35302734375,1986456138.0,Fundación Ecológica Fedena (FEDENA),4.086247,-76.382782,1531,19.200000762939453,2015,occurrence
HUMAN_OBSERVATION,Colombia,2267.3544921875,1986456169.0,Fundación Ecológica Fedena (FEDENA),4.20356,-76.4236,1733,16.200000762939453,2015,occurrence
HUMAN_OBSERVATION,Colombia,1916.396484375,1986456198.0,Fundación Ecológica Fedena (FEDENA),4.23017,-76.39789,1573,18.899999618530273,2015,occurrence
HUMAN_OBSERVATION,Colombia,1966.23193359375,1986456236.0,Fundación Ecológica Fedena (FEDENA),4.19576,-76.41473,1627,18.0,2015,occurrence
HUMAN_OBSERVATION,Colombia,1741.731201171875,1986456242.0,Fundación Ecológica Fedena (FEDENA),4.130926,-76.422501,1551,18.799999237060547,2015,occurrence
HUMAN_OBSERVATION,Colombia,2179.71923828125,1986456260.0,Fundación Ecológica Fedena (FEDENA),4.012796,-76.498199,1639,16.0,2015,occurrence
HUMAN_OBSERVATION,Colombia,1696.2216796875,1986456273.0,Fundación Ecológica Fedena (FEDENA),4.173275,-76.398263,1554,19.399999618530273,2015,occurrence
HUMAN_OBSERVATION,Colombia,1738.92626953125,1986456303.0,Fundación Ecológica Fedena (FEDENA),4.121359,-76.435459,1586,18.100000381469727,2015,occurrence
HUMAN_OBSERVATION,Colombia,1966.23193359375,1986456315.0,Fundación Ecológica Fedena (FEDENA),4.20148,-76.41657,1627,18.0,2015,occurrence
HUMAN_OBSERVATION,Colombia,2073.146240234375,1986456338.0,Fundación Ecológica Fedena (FEDENA),4.02402,-76.479,1588,17.399999618530273,2015,occurrence
HUMAN_OBSERVATION,Colombia,1725.99267578125,3874291930.0,Empresas Públicas de Medellín E.S.P. (EPM),6.138444,-75.620917,1911,20.200000762939453,2015,occurrence
HUMAN_OBSERVATION,Colombia,2541.57666015625,1944885957.0,Universidad de Caldas (UCALDAS),4.45175,-75.480528,1652,13.600000381469727,2014,occurrence
HUMAN_OBSERVATION,Brazil,0.5120790004730225,6510183424.0,ICMBio,-31.788222,-52.387192,1377,18.0,2014,occurrence
HUMAN_OBSERVATION,Brazil,1191.247314453125,6510511214.0,ICMBio,-23.261,-46.946999,1417,16.200000762939453,2014,occurrence
HUMAN_OBSERVATION,Brazil,786.6759033203125,6510856358.0,ICMBio,-26.1705557,-50.1673306,1394,16.899999618530273,2014,occurrence
HUMAN_OBSERVATION,Brazil,692.8549194335938,6511336607.0,ICMBio,-23.289233,-46.296775,1337,18.600000381469727,2014,occurrence
HUMAN_OBSERVATION,Brazil,772.6229248046875,6510731299.0,ICMBio,-23.339206,-46.689664,1378,18.299999237060547,2014,occurrence
HUMAN_OBSERVATION,Brazil,967.9439697265625,6510205998.0,ICMBio,-23.238001,-46.917999,1365,17.0,2014,occurrence
HUMAN_OBSERVATION,Brazil,558.0057373046875,6510438054.0,ICMBio,-27.096853,-52.774392,1963,19.399999618530273,2014,occurrence
HUMAN_OBSERVATION,Brazil,274.098876953125,6510683379.0,ICMBio,-21.937207,-42.71472,1352,22.5,2014,occurrence
HUMAN_OBSERVATION,Brazil,763.9061279296875,6510996318.0,ICMBio,-27.135361,-52.595233,2033,18.5,2014,occurrence
HUMAN_OBSERVATION,Brazil,710.9051513671875,6511224146.0,ICMBio,-26.727292,-52.405347,2257,17.700000762939453,2014,occurrence
HUMAN_OBSERVATION,Brazil,805.1324462890625,6510447972.0,ICMBio,-26.219444,-50.305,1439,16.899999618530273,2014,occurrence
HUMAN_OBSERVATION,Brazil,1696.48876953125,6511000586.0,ICMBio,-22.48164,-43.04575,1897,12.5,2014,occurrence
HUMAN_OBSERVATION,Brazil,1315.849609375,6510389151.0,ICMBio,-17.948465,-43.795724,1399,19.0,2014,occurrence
HUMAN_OBSERVATION,Brazil,496.11444091796875,6510602974.0,ICMBio,-5.86014,-36.11705,538,23.0,2014,occurrence
HUMAN_OBSERVATION,Brazil,583.80712890625,6510846622.0,ICMBio,-6.06515,-36.66398,602,23.5,2014,occurrence
HUMAN_OBSERVATION,Brazil,1159.01953125,6511095792.0,ICMBio,-20.416667,-43.75,1521,18.399999618530273,2014,occurrence
HUMAN_OBSERVATION,Brazil,1220.48974609375,6511152849.0,ICMBio,-17.935875,-43.795867,1373,19.399999618530273,2014,occurrence
HUMAN_OBSERVATION,Brazil,39.00763702392578,6510064908.0,ICMBio,-22.427067,-42.038103,1118,22.899999618530273,2014,occurrence
HUMAN_OBSERVATION,Brazil,471.0066223144531,6510179783.0,ICMBio,-6.11257,-36.3487,592,24.0,2014,occurrence
HUMAN_OBSERVATION,Brazil,774.8516235351562,6510210482.0,ICMBio,-15.080894,-44.250928,994,22.799999237060547,2014,occurrence
HUMAN_OBSERVATION,Brazil,759.885009765625,6510223774.0,ICMBio,-15.135695,-44.277993,1007,22.799999237060547,2014,occurrence
HUMAN_OBSERVATION,Brazil,748.734619140625,6510455189.0,ICMBio,-15.095726,-44.26406,997,23.0,2014,occurrence
HUMAN_OBSERVATION,Brazil,748.563720703125,6510561868.0,ICMBio,-15.122472,-44.306938,1014,22.899999618530273,2014,occurrence
HUMAN_OBSERVATION,Brazil,780.4983520507812,6510588663.0,ICMBio,-15.122389,-44.222712,990,22.799999237060547,2014,occurrence
HUMAN_OBSERVATION,Brazil,696.6214599609375,6510617214.0,ICMBio,-15.095612,-44.278202,998,23.200000762939453,2014,occurrence
HUMAN_OBSERVATION,Brazil,381.612548828125,6510639253.0,ICMBio,-6.15198,-37.95872,943,25.0,2014,occurrence
HUMAN_OBSERVATION,Brazil,399.26324462890625,6510737554.0,ICMBio,-13.91325,-41.116639,615,23.899999618530273,2014,occurrence
HUMAN_OBSERVATION,Brazil,756.846923828125,6510922630.0,ICMBio,-15.135978,-44.265573,998,23.100000381469727,2014,occurrence
HUMAN_OBSERVATION,Brazil,1052.241455078125,6510927420.0,ICMBio,-22.53946,-43.14716,1867,17.799999237060547,2014,occurrence
HUMAN_OBSERVATION,Brazil,754.6006469726562,6511024015.0,ICMBio,-15.135583,-44.209022,986,23.0,2014,occurrence
HUMAN_OBSERVATION,Brazil,477.8671875,6511165549.0,ICMBio,-6.05315,-37.89883,980,24.700000762939453,2014,occurrence
HUMAN_OBSERVATION,Brazil,268.9892578125,6510274367.0,ICMBio,-25.582986,-54.456023,1745,20.700000762939453,2014,occurrence
HUMAN_OBSERVATION,Brazil,245.61270141601562,6510376962.0,ICMBio,-25.583612,-54.454388,1744,20.899999618530273,2014,occurrence
HUMAN_OBSERVATION,Brazil,23.352149963378906,6510887486.0,ICMBio,-5.13071,-36.09182,612,26.0,2014,occurrence
HUMAN_OBSERVATION,Brazil,83.76734161376953,6510936292.0,ICMBio,-5.48663,-37.68438,764,27.5,2014,occurrence
HUMAN_OBSERVATION,Brazil,245.61270141601562,6510941997.0,ICMBio,-25.583302,-54.454951,1744,20.899999618530273,2014,occurrence
HUMAN_OBSERVATION,Brazil,692.8549194335938,6511284475.0,ICMBio,-23.288867,-46.297967,1337,18.600000381469727,2014,occurrence
HUMAN_OBSERVATION,Colombia,2108.04931640625,1639428815.0,900425123-7,3.396753,-76.173442,1592,17.899999618530273,2014,occurrence
HUMAN_OBSERVATION,Brazil,1590.9188232421875,6510064586.0,ICMBio,-28.15396,-49.64029,1754,12.699999809265137,2014,occurrence
HUMAN_OBSERVATION,Brazil,1515.828857421875,6510125946.0,ICMBio,-28.0901,-49.5032,1779,12.399999618530273,2014,occurrence
HUMAN_OBSERVATION,Brazil,1645.38427734375,6510215616.0,ICMBio,-28.1159,-49.4856,1757,12.800000190734863,2014,occurrence
HUMAN_OBSERVATION,Brazil,1536.4295654296875,6510230608.0,ICMBio,-28.15762,-49.64907,1750,12.800000190734863,2014,occurrence
HUMAN_OBSERVATION,Brazil,1448.44140625,6510312478.0,ICMBio,-28.10757,-49.48559,1718,13.399999618530273,2014,occurrence
HUMAN_OBSERVATION,Brazil,401.85675048828125,6510312848.0,ICMBio,-6.38276,-38.35698,889,24.899999618530273,2014,occurrence
HUMAN_OBSERVATION,Brazil,1448.44140625,6510348548.0,ICMBio,-28.10497,-49.48784,1718,13.399999618530273,2014,occurrence
HUMAN_OBSERVATION,Brazil,59.38545227050781,6510366371.0,ICMBio,-5.12341,-36.87946,648,26.799999237060547,2014,occurrence
HUMAN_OBSERVATION,Brazil,1500.9676513671875,6510406079.0,ICMBio,-28.1161,-49.4949,1752,12.899999618530273,2014,occurrence
HUMAN_OBSERVATION,Brazil,453.93731689453125,6510584860.0,ICMBio,-22.5478,-43.17555,1897,21.200000762939453,2014,occurrence
HUMAN_OBSERVATION,Brazil,1498.19287109375,6510639812.0,ICMBio,-28.14376,-49.62001,1774,12.399999618530273,2014,occurrence
HUMAN_OBSERVATION,Brazil,1363.3746337890625,6510703209.0,ICMBio,-28.0748,-49.5033,1730,13.199999809265137,2014,occurrence
HUMAN_OBSERVATION,Brazil,1536.4295654296875,6510831165.0,ICMBio,-28.15574,-49.64466,1750,12.800000190734863,2014,occurrence
HUMAN_OBSERVATION,Brazil,1590.9188232421875,6510852481.0,ICMBio,-28.16211,-49.63723,1754,12.699999809265137,2014,occurrence
HUMAN_OBSERVATION,Brazil,1645.38427734375,6510911528.0,ICMBio,-28.11367,-49.48509,1757,12.800000190734863,2014,occurrence
HUMAN_OBSERVATION,Brazil,1500.9676513671875,6511010651.0,ICMBio,-28.11427,-49.49557,1752,12.899999618530273,2014,occurrence
HUMAN_OBSERVATION,Brazil,49.48377990722656,6511337572.0,ICMBio,-5.10386,-36.89057,647,26.799999237060547,2014,occurrence
HUMAN_OBSERVATION,Colombia,2540.0751953125,1639428772.0,900425123-7,3.869506,-76.12805,1198,14.300000190734863,2014,occurrence
HUMAN_OBSERVATION,Brazil,1101.233642578125,6510321041.0,ICMBio,-23.284,-46.987999,1383,16.600000381469727,2014,occurrence
HUMAN_OBSERVATION,Brazil,230.89804077148438,6510451380.0,ICMBio,-29.484333,-50.141444,1566,18.200000762939453,2014,occurrence
HUMAN_OBSERVATION,Brazil,341.22930908203125,6511133782.0,ICMBio,-13.096867,-40.927503,708,23.700000762939453,2014,occurrence
HUMAN_OBSERVATION,Brazil,1007.0909423828125,6511164975.0,ICMBio,-23.287001,-46.974998,1344,17.299999237060547,2014,occurrence
HUMAN_OBSERVATION,Brazil,814.6765747070312,6510224430.0,ICMBio,-23.218,-46.933998,1329,17.799999237060547,2014,occurrence
HUMAN_OBSERVATION,Brazil,1204.7998046875,6510350993.0,ICMBio,-23.271999,-46.958,1475,15.600000381469727,2014,occurrence
HUMAN_OBSERVATION,Brazil,1181.0537109375,6510487400.0,ICMBio,-23.254999,-46.993999,1442,15.899999618530273,2014,occurrence
HUMAN_OBSERVATION,Brazil,1007.6589965820312,6510793361.0,ICMBio,-23.23,-46.938999,1377,16.799999237060547,2014,occurrence
HUMAN_OBSERVATION,Brazil,1208.5709228515625,6510964798.0,ICMBio,-23.261,-46.969002,1472,15.600000381469727,2014,occurrence
HUMAN_OBSERVATION,Colombia,2701.45166015625,1639428802.0,900425123-7,3.58455,-76.043867,1625,13.0,2014,occurrence
HUMAN_OBSERVATION,Colombia,3434.10595703125,1639428816.0,900425123-7,3.546531,-76.0652,1990,8.100000381469727,2014,occurrence
HUMAN_OBSERVATION,Brazil,301.25927734375,6510065616.0,ICMBio,-15.8965169,-52.2621119,1577,25.600000381469727,2014,occurrence
HUMAN_OBSERVATION,Brazil,1144.8052978515625,6510612271.0,ICMBio,-20.242408,-41.301414,1380,18.0,2014,occurrence
HUMAN_OBSERVATION,Brazil,94.14959716796875,6510796549.0,ICMBio,-5.990831,-35.459719,921,25.399999618530273,2014,occurrence
HUMAN_OBSERVATION,Brazil,12.082193374633789,6510468761.0,ICMBio,-29.733333,-51.35,1412,19.600000381469727,2013,occurrence
HUMAN_OBSERVATION,Brazil,263.6449890136719,6511238938.0,ICMBio,-25.546117,-54.340028,1762,20.600000381469727,2013,occurrence
HUMAN_OBSERVATION,Brazil,217.2020721435547,6510762112.0,ICMBio,-25.517331,-54.283086,1770,20.399999618530273,2013,occurrence
HUMAN_OBSERVATION,Brazil,611.290283203125,6511007438.0,ICMBio,-21.263781,-48.322678,1335,21.799999237060547,2013,occurrence
HUMAN_OBSERVATION,Colombia,3129.628173828125,1427477819.0,IAvH,5.868806,-73.128472,1123,10.300000190734863,2013,occurrence
HUMAN_OBSERVATION,Brazil,820.6559448242188,6510149549.0,ICMBio,-23.338889,-46.396944,1372,17.799999237060547,2013,occurrence
HUMAN_OBSERVATION,Brazil,230.48464965820312,6510207181.0,ICMBio,-25.527291,-54.33248,1761,20.799999237060547,2013,occurrence
HUMAN_OBSERVATION,Brazil,797.6168823242188,6510691362.0,ICMBio,-23.349167,-46.694722,1376,18.200000762939453,2013,occurrence
HUMAN_OBSERVATION,Brazil,270.5285339355469,6510435773.0,ICMBio,-25.56077,-54.340504,1765,20.5,2013,occurrence
HUMAN_OBSERVATION,Brazil,316.5066833496094,2251943505.0,iNaturalist,-11.415399,-47.949427,1591,25.899999618530273,2013,occurrence
HUMAN_OBSERVATION,Brazil,869.931884765625,6510113452.0,ICMBio,-26.321422,-53.266869,2032,16.899999618530273,2013,occurrence
HUMAN_OBSERVATION,Colombia,2672.83642578125,1944885661.0,Universidad de Caldas (UCALDAS),4.461,-75.501278,1598,12.199999809265137,2013,occurrence
PRESERVED_SPECIMEN,Brazil,510.3863830566406,4929178676.0,PUC-RS,-27.415278,-53.417222,1873,19.200000762939453,2013,occurrence
PRESERVED_SPECIMEN,Brazil,386.7738037109375,4929178916.0,PUC-RS,-28.77884,-53.59769,1708,19.200000762939453,2013,occurrence
HUMAN_OBSERVATION,Brazil,928.2429809570312,6510255110.0,ICMBio,-23.253,-46.915001,1335,17.700000762939453,2013,occurrence
HUMAN_OBSERVATION,Brazil,61.30373001098633,6510542621.0,ICMBio,-22.423204,-42.05419,1159,22.5,2013,occurrence
HUMAN_OBSERVATION,Colombia,1382.7796630859375,1213680148.0,Fundación GAIA,3.785,-76.541389,1116,20.299999237060547,2013,occurrence
HUMAN_OBSERVATION,Brazil,606.0552978515625,3985658606.0,iNaturalist,-8.722251,-42.541441,747,25.100000381469727,2013,occurrence
HUMAN_OBSERVATION,Brazil,595.2217407226562,6510349515.0,ICMBio,-22.53154,-43.09011,1779,20.100000381469727,2013,occurrence
HUMAN_OBSERVATION,Brazil,614.0726928710938,6511030906.0,ICMBio,-22.824739,-47.124722,1309,19.700000762939453,2013,occurrence
HUMAN_OBSERVATION,Brazil,1243.74072265625,6510207564.0,ICMBio,-23.259001,-46.980999,1474,15.600000381469727,2013,occurrence
HUMAN_OBSERVATION,Brazil,1983.120361328125,6510643384.0,ICMBio,-22.460295,-43.061341,1893,12.600000381469727,2013,occurrence
HUMAN_OBSERVATION,Brazil,267.2420959472656,6510715954.0,ICMBio,-25.543992,-54.348182,1762,20.600000381469727,2013,occurrence
HUMAN_OBSERVATION,Brazil,983.2686767578125,6510839758.0,ICMBio,-23.293056,-45.12,1705,16.100000381469727,2013,occurrence
HUMAN_OBSERVATION,Brazil,1096.562744140625,6510871228.0,ICMBio,-23.245001,-46.983002,1414,16.299999237060547,2013,occurrence
HUMAN_OBSERVATION,Brazil,1083.8909912109375,6510995357.0,ICMBio,-23.245001,-47.005001,1404,16.399999618530273,2013,occurrence
HUMAN_OBSERVATION,Brazil,1076.287841796875,6511353198.0,ICMBio,-23.283056,-45.117778,1702,16.0,2013,occurrence
HUMAN_OBSERVATION,Brazil,1326.2706298828125,6510115002.0,ICMBio,-22.436389,-43.040228,1763,16.200000762939453,2013,occurrence
HUMAN_OBSERVATION,Brazil,1082.34716796875,6510122196.0,ICMBio,-23.233999,-46.992001,1346,17.200000762939453,2013,occurrence
HUMAN_OBSERVATION,Brazil,302.9446716308594,6510216054.0,ICMBio,-25.490548,-54.357497,1763,20.299999237060547,2013,occurrence
HUMAN_OBSERVATION,Brazil,983.21728515625,6510237247.0,ICMBio,-23.309628,-46.387578,1443,16.799999237060547,2013,occurrence
HUMAN_OBSERVATION,Brazil,1045.6973876953125,6510248883.0,ICMBio,-23.291128,-46.388294,1526,16.200000762939453,2013,occurrence
HUMAN_OBSERVATION,Brazil,942.6837158203125,6510296378.0,ICMBio,-23.338708,-46.432689,1422,17.100000381469727,2013,occurrence
HUMAN_OBSERVATION,Brazil,230.48464965820312,6510683943.0,ICMBio,-25.524447,-54.332044,1761,20.799999237060547,2013,occurrence
HUMAN_OBSERVATION,Brazil,835.2000122070312,6511119553.0,ICMBio,-23.23,-46.905998,1331,18.0,2013,occurrence
HUMAN_OBSERVATION,Brazil,934.6409301757812,6510403091.0,ICMBio,-23.442292,-46.639483,1429,17.100000381469727,2013,occurrence
HUMAN_OBSERVATION,Brazil,252.88693237304688,6510440995.0,ICMBio,-25.535119,-54.332665,1768,20.399999618530273,2013,occurrence
HUMAN_OBSERVATION,Brazil,1018.9175415039062,6510487808.0,ICMBio,-25.162444,-49.909417,1576,17.0,2013,occurrence
HUMAN_OBSERVATION,Brazil,655.0067749023438,6510719523.0,ICMBio,-21.7833423,-48.1944577,1349,20.5,2013,occurrence
HUMAN_OBSERVATION,Brazil,822.9525146484375,6511351916.0,ICMBio,-25.280389,-50.360917,1458,18.0,2013,occurrence
HUMAN_OBSERVATION,Colombia,13.623855590820312,1632926049.0,IIAP,5.6805,-77.248056,6073,26.200000762939453,2013,occurrence
HUMAN_OBSERVATION,Colombia,48.262229919433594,1978497587.0,IIAP,2.770167,-77.346278,8752,26.700000762939453,2013,occurrence
PRESERVED_SPECIMEN,Brazil,632.8189086914062,4929183531.0,PUC-RS,-29.172611,-51.087389,1872,16.899999618530273,2012,occurrence
HUMAN_OBSERVATION,Brazil,165.71157836914062,6510762630.0,ICMBio,-9.7938909,-37.001944,598,24.700000762939453,2012,occurrence
HUMAN_OBSERVATION,Brazil,102.81103515625,6510669954.0,ICMBio,-26.73885,-49.178933,1571,20.600000381469727,2012,occurrence
HUMAN_OBSERVATION,Brazil,974.49951171875,6510553012.0,ICMBio,-23.352219,-45.131942,1777,16.700000762939453,2012,occurrence
HUMAN_OBSERVATION,Brazil,834.6072998046875,6510915256.0,ICMBio,-22.90195,-48.448142,1330,18.899999618530273,2012,occurrence
HUMAN_OBSERVATION,Brazil,371.1946105957031,6511258795.0,ICMBio,-22.1885703,-43.1657208,1607,20.700000762939453,2012,occurrence
HUMAN_OBSERVATION,Brazil,391.7362976074219,6510576925.0,ICMBio,-22.056902,-43.1948887,1555,21.799999237060547,2012,occurrence
HUMAN_OBSERVATION,Brazil,1088.708251953125,6510697088.0,ICMBio,-24.572667,-49.926,1507,16.600000381469727,2012,occurrence
HUMAN_OBSERVATION,Brazil,458.5748596191406,6510976049.0,ICMBio,-7.9581072,-39.416667,625,24.200000762939453,2012,occurrence
PRESERVED_SPECIMEN,Brazil,71.51167297363281,4929178802.0,PUC-RS,-28.206667,-48.671389,1457,19.5,2012,occurrence
HUMAN_OBSERVATION,Brazil,1971.230712890625,6510845532.0,ICMBio,-22.485347,-43.072761,1911,12.199999809265137,2012,occurrence
HUMAN_OBSERVATION,Brazil,830.4766235351562,6510856003.0,ICMBio,-25.385528,-50.591056,1479,17.600000381469727,2012,occurrence
MACHINE_OBSERVATION,Colombia,160.13702392578125,3118573057.0,Asociación Colombiana de Zoología (ACZ),7.85025,-77.14803,2601,25.899999618530273,2012,occurrence
PRESERVED_SPECIMEN,Brazil,77.81365203857422,4929178785.0,PUC-RS,-30.140472,-52.083444,1348,19.200000762939453,2012,occurrence
HUMAN_OBSERVATION,Brazil,27.578706741333008,6510519881.0,ICMBio,-27.0946,-48.919931,1687,19.799999237060547,2012,occurrence
HUMAN_OBSERVATION,Brazil,238.07981872558594,6510732882.0,ICMBio,-25.527932,-54.276652,1769,20.600000381469727,2012,occurrence
PRESERVED_SPECIMEN,Brazil,176.43710327148438,4929178743.0,PUC-RS,-28.122883,-54.854503,1838,20.799999237060547,2012,occurrence
HUMAN_OBSERVATION,Brazil,834.861083984375,6511020668.0,ICMBio,-25.371389,-50.585917,1476,17.700000762939453,2012,occurrence
HUMAN_OBSERVATION,Brazil,227.59820556640625,6510757999.0,ICMBio,-25.519219,-54.276137,1771,20.399999618530273,2012,occurrence
HUMAN_OBSERVATION,Brazil,246.85366821289062,6510764041.0,ICMBio,-25.53728,-54.300892,1770,20.5,2012,occurrence
HUMAN_OBSERVATION,Brazil,205.8640899658203,6510892627.0,ICMBio,-25.553369,-54.300861,1765,20.899999618530273,2012,occurrence
HUMAN_OBSERVATION,Brazil,408.94964599609375,6510123420.0,ICMBio,-24.721944,-48.983333,1297,20.700000762939453,2011,occurrence
HUMAN_OBSERVATION,Brazil,1183.445556640625,6510330501.0,ICMBio,-22.455763,-42.999154,1746,17.200000762939453,2011,occurrence
HUMAN_OBSERVATION,Brazil,248.21966552734375,6510365699.0,ICMBio,-3.9034164,-46.8337195,1513,25.899999618530273,2011,occurrence
HUMAN_OBSERVATION,Brazil,337.0150146484375,6510845251.0,ICMBio,-24.283889,-53.84,1508,20.799999237060547,2011,occurrence
HUMAN_OBSERVATION,Peru,366.0368957519531,4089564391.0,FMNH,-4.2041,-77.5298,2562,26.200000762939453,2011,occurrence
HUMAN_OBSERVATION,Peru,1309.698974609375,4089564487.0,FMNH,-4.0431,-77.5412,2907,21.799999237060547,2011,occurrence
HUMAN_OBSERVATION,Brazil,678.6568603515625,6510382716.0,ICMBio,-28.313056,-52.181944,1743,17.799999237060547,2011,occurrence
HUMAN_OBSERVATION,Brazil,887.010498046875,6510616504.0,ICMBio,-19.928647,-43.937481,1451,20.299999237060547,2011,occurrence
HUMAN_OBSERVATION,Brazil,904.0573120117188,6511213701.0,ICMBio,-25.067403,-49.951294,1536,17.5,2011,occurrence
HUMAN_OBSERVATION,Brazil,274.0862731933594,6510100823.0,ICMBio,-25.37,-54.123056,1807,20.0,2011,occurrence
HUMAN_OBSERVATION,Brazil,733.4495849609375,6511171738.0,ICMBio,-20.783236,-42.871978,1266,20.0,2011,occurrence
HUMAN_OBSERVATION,Brazil,574.3992309570312,6510772605.0,ICMBio,-27.9502824,-53.3058962,1817,18.899999618530273,2011,occurrence
HUMAN_OBSERVATION,Brazil,829.2667236328125,6510622091.0,ICMBio,-4.418292,-39.043642,1454,21.200000762939453,2011,occurrence
OCCURRENCE,Brazil,545.8427734375,3967830767.0,Universidade Federal de São Carlos - UFSCAR,-22.4210768,-49.6866999,1285,20.600000381469727,2011,occurrence
MACHINE_OBSERVATION,Colombia,2611.412841796875,3118572887.0,Asociación Colombiana de Zoología (ACZ),2.64848,-76.90725,2839,13.100000381469727,2010,occurrence
HUMAN_OBSERVATION,Brazil,1.977402687072754,6510793063.0,ICMBio,-29.766511,-50.0553,1484,18.899999618530273,2010,occurrence
HUMAN_OBSERVATION,Brazil,45.15636444091797,6510993445.0,ICMBio,-28.537025,-49.318389,1389,19.799999237060547,2010,occurrence
HUMAN_OBSERVATION,Brazil,219.0,6511158828.0,ICMBio,-25.433333,-54.55,1716,21.399999618530273,2010,occurrence
HUMAN_OBSERVATION,French Guiana,329.26226806640625,3310215431.0,UMS PatriNat,2.44257,-53.2178,2387,24.5,2010,occurrence
HUMAN_OBSERVATION,French Guiana,539.8171997070312,3310281927.0,UMS PatriNat,3.73168,-53.43138,2560,22.799999237060547,2010,occurrence
HUMAN_OBSERVATION,French Guiana,113.61398315429688,3310299151.0,UMS PatriNat,4.0705,-52.73528,3279,25.299999237060547,2010,occurrence
HUMAN_OBSERVATION,French Guiana,50.648101806640625,3310355087.0,UMS PatriNat,4.58023,-52.13713,3777,25.899999618530273,2010,occurrence
HUMAN_OBSERVATION,French Guiana,53.86444091796875,3310369613.0,UMS PatriNat,4.10751,-52.07192,3577,25.5,2010,occurrence
HUMAN_OBSERVATION,French Guiana,189.07315063476562,3310472003.0,UMS PatriNat,3.69234,-53.26107,2431,24.799999237060547,2010,occurrence
HUMAN_OBSERVATION,Colombia,148.2798614501953,3867529568.0,Carbones del Cerrejón Limited (Cerrejón),11.156722,-72.613028,1139,27.799999237060547,2010,occurrence
HUMAN_OBSERVATION,Colombia,243.3717498779297,3897894870.0,Carbones del Cerrejón Limited (Cerrejón),11.102222,-72.692694,1384,27.100000381469727,2010,occurrence
HUMAN_OBSERVATION,Colombia,127.42124938964844,3897901328.0,Carbones del Cerrejón Limited (Cerrejón),11.110778,-72.563917,1082,27.799999237060547,2010,occurrence
HUMAN_OBSERVATION,Colombia,118.9094009399414,3897914057.0,Carbones del Cerrejón Limited (Cerrejón),11.138389,-72.539889,1018,28.0,2010,occurrence
HUMAN_OBSERVATION,Colombia,116.25489807128906,3897920242.0,Carbones del Cerrejón Limited (Cerrejón),11.050417,-72.669778,1288,27.899999618530273,2010,occurrence
HUMAN_OBSERVATION,Colombia,145.8253173828125,3897922754.0,Carbones del Cerrejón Limited (Cerrejón),11.043167,-72.737861,1350,27.600000381469727,2010,occurrence
HUMAN_OBSERVATION,Colombia,139.97933959960938,3897929925.0,Carbones del Cerrejón Limited (Cerrejón),10.967333,-72.755139,1216,27.600000381469727,2010,occurrence
HUMAN_OBSERVATION,Colombia,108.30341339111328,3897955230.0,Carbones del Cerrejón Limited (Cerrejón),11.084639,-72.653333,1263,27.899999618530273,2010,occurrence
HUMAN_OBSERVATION,Colombia,92.36558532714844,3897965058.0,Carbones del Cerrejón Limited (Cerrejón),11.163472,-72.542611,988,28.100000381469727,2010,occurrence
HUMAN_OBSERVATION,Brazil,239.0157470703125,6510235175.0,ICMBio,-25.550556,-54.429167,1745,20.799999237060547,2009,occurrence
HUMAN_OBSERVATION,Brazil,236.77255249023438,6510235492.0,ICMBio,-25.564722,-54.433889,1745,20.899999618530273,2009,occurrence
HUMAN_OBSERVATION,Brazil,203.5599365234375,6511085733.0,ICMBio,-25.620833,-54.468611,1730,21.100000381469727,2009,occurrence
HUMAN_OBSERVATION,Brazil,233.01333618164062,6511156258.0,ICMBio,-25.553333,-54.460833,1740,21.0,2009,occurrence
HUMAN_OBSERVATION,Brazil,1154.9736328125,6511197954.0,ICMBio,-23.235556,-46.946389,1371,16.899999618530273,2009,occurrence
HUMAN_OBSERVATION,Brazil,360.07269287109375,6510254992.0,ICMBio,-9.335925,-37.878217,570,24.700000762939453,2009,occurrence
HUMAN_OBSERVATION,Brazil,828.746337890625,6510360885.0,ICMBio,-22.887722,-44.617083,1490,17.0,2009,occurrence
HUMAN_OBSERVATION,Brazil,81.80197143554688,6510740006.0,ICMBio,-19.137456,-40.202997,1190,24.0,2009,occurrence
HUMAN_OBSERVATION,Brazil,993.229248046875,6510513306.0,ICMBio,-22.4315443,-44.6145817,1569,17.399999618530273,2009,occurrence
HUMAN_OBSERVATION,Brazil,66.3046646118164,6510722073.0,ICMBio,-3.36135,-56.41509,2431,27.0,2009,occurrence
HUMAN_OBSERVATION,Brazil,2.4808688163757324,6510356563.0,ICMBio,-2.928056,-41.417306,1048,27.600000381469727,2008,occurrence
HUMAN_OBSERVATION,Brazil,783.54296875,6510118741.0,ICMBio,-15.031175,-46.023681,1195,23.100000381469727,2008,occurrence
HUMAN_OBSERVATION,Brazil,702.3233642578125,6510862189.0,ICMBio,-20.772778,-42.867778,1235,20.5,2008,occurrence
HUMAN_OBSERVATION,Brazil,1002.94580078125,6511291850.0,ICMBio,-22.466646,-42.998532,1748,17.299999237060547,2008,occurrence
HUMAN_OBSERVATION,Brazil,219.43707275390625,6510859960.0,ICMBio,-25.69,-54.429167,1718,21.100000381469727,2008,occurrence
HUMAN_OBSERVATION,Brazil,872.510009765625,6510119405.0,ICMBio,-29.433444,-50.385444,2068,15.199999809265137,2008,occurrence
HUMAN_OBSERVATION,Brazil,269.3380126953125,6510146076.0,ICMBio,-25.378889,-54.125833,1798,20.0,2008,occurrence
HUMAN_OBSERVATION,Brazil,1707.444091796875,6510255925.0,ICMBio,-22.464964,-43.0118215,1808,14.199999809265137,2008,occurrence
HUMAN_OBSERVATION,Brazil,576.791259765625,6510396804.0,ICMBio,-23.420406,-51.9516,1285,17.600000381469727,2008,occurrence
HUMAN_OBSERVATION,Brazil,298.0811462402344,6510426874.0,ICMBio,-25.374444,-54.129167,1811,19.899999618530273,2008,occurrence
HUMAN_OBSERVATION,Brazil,269.3380126953125,6510436678.0,ICMBio,-25.377778,-54.126944,1798,20.0,2008,occurrence
HUMAN_OBSERVATION,Brazil,298.0811462402344,6510489841.0,ICMBio,-25.376944,-54.128333,1811,19.899999618530273,2008,occurrence
HUMAN_OBSERVATION,Brazil,252.7134552001953,6510569636.0,ICMBio,-25.386111,-54.114444,1792,20.100000381469727,2008,occurrence
HUMAN_OBSERVATION,Brazil,274.0862731933594,6510746052.0,ICMBio,-25.377222,-54.118611,1807,20.0,2008,occurrence
HUMAN_OBSERVATION,Brazil,269.3380126953125,6510829491.0,ICMBio,-25.38,-54.125556,1798,20.0,2008,occurrence
HUMAN_OBSERVATION,Brazil,227.98471069335938,6511323516.0,ICMBio,-25.615278,-54.368056,1750,20.799999237060547,2008,occurrence
HUMAN_OBSERVATION,Brazil,1180.3857421875,6510077152.0,ICMBio,-26.6538868,-51.7841127,1921,15.399999618530273,2008,occurrence
HUMAN_OBSERVATION,Brazil,222.05001831054688,6510471244.0,ICMBio,-25.4478,-54.550994,1719,21.299999237060547,2008,occurrence
HUMAN_OBSERVATION,Brazil,252.48687744140625,6510080397.0,ICMBio,-25.6075,-54.408889,1746,20.799999237060547,2008,occurrence
HUMAN_OBSERVATION,Brazil,185.6484375,6510175629.0,ICMBio,-25.594444,-54.390556,1744,21.0,2008,occurrence
HUMAN_OBSERVATION,Brazil,214.2440643310547,6511007277.0,ICMBio,-25.6075,-54.492222,1735,21.0,2008,occurrence
HUMAN_OBSERVATION,Brazil,252.7134552001953,6511230096.0,ICMBio,-25.383056,-54.113889,1792,20.100000381469727,2007,occurrence
HUMAN_OBSERVATION,Brazil,203.5599365234375,6510564453.0,ICMBio,-25.621389,-54.469444,1730,21.100000381469727,2006,occurrence
HUMAN_OBSERVATION,Brazil,203.5599365234375,6510263829.0,ICMBio,-25.623611,-54.468056,1730,21.100000381469727,2006,occurrence
HUMAN_OBSERVATION,Argentina,247.22735595703125,382062945.0,APN-AR,-25.69786,-54.16541,1755,20.299999237060547,2006,occurrence
HUMAN_OBSERVATION,Brazil,168.19302368164062,5935376792.0,iNaturalist,-9.384356,-49.947394,1986,26.799999237060547,2006,occurrence
HUMAN_OBSERVATION,Argentina,183.46917724609375,233874301.0,APN-AR,-25.68159,-54.45527,1711,21.200000762939453,2004,occurrence
HUMAN_OBSERVATION,Argentina,187.17605590820312,233874257.0,APN-AR,-25.68405,-54.44971,1712,21.200000762939453,2003,occurrence
HUMAN_OBSERVATION,Argentina,183.46917724609375,382069375.0,APN-AR,-25.68158,-54.44981,1711,21.200000762939453,2003,occurrence
OCCURRENCE,Brazil,460.73895263671875,3967808191.0,Departamento Estadual de Proteção de Recursos Naturais - DEPRN,-21.9837659,-49.1837114,1170,21.399999618530273,2003,occurrence
OCCURRENCE,Brazil,601.6049194335938,3967808235.0,Departamento Estadual de Proteção de Recursos Naturais - DEPRN,-22.500469,-48.9171102,1245,20.5,2003,occurrence
OCCURRENCE,Brazil,545.3471069335938,3967810163.0,Departamento Estadual de Proteção de Recursos Naturais - DEPRN,-22.1004674,-49.1004092,1156,20.899999618530273,2003,occurrence
OCCURRENCE,Brazil,581.6962890625,3967810212.0,Departamento Estadual de Proteção de Recursos Naturais - DEPRN,-22.467169,-48.900413,1235,20.700000762939453,2003,occurrence
OCCURRENCE,Brazil,489.22760009765625,3967812129.0,Departamento Estadual de Proteção de Recursos Naturais - DEPRN,-22.1171663,-49.1671107,1165,21.200000762939453,2003,occurrence
OCCURRENCE,Brazil,552.4342651367188,3967813297.0,Departamento Estadual de Proteção de Recursos Naturais - DEPRN,-22.0837675,-49.0337097,1144,20.899999618530273,2003,occurrence
OCCURRENCE,Brazil,539.6580810546875,3967814326.0,Departamento Estadual de Proteção de Recursos Naturais - DEPRN,-22.1337689,-48.9337102,1142,21.0,2003,occurrence
OCCURRENCE,Brazil,565.4342041015625,3967818373.0,Departamento Estadual de Proteção de Recursos Naturais - DEPRN,-22.217168,-49.0004109,1170,20.799999237060547,2003,occurrence
HUMAN_OBSERVATION,Argentina,246.87574768066406,382069380.0,APN-AR,-25.66061,-54.50073,1732,20.799999237060547,2002,occurrence
HUMAN_OBSERVATION,Argentina,206.26902770996094,382069436.0,APN-AR,-25.68748,-54.45596,1727,21.0,2000,occurrence
HUMAN_OBSERVATION,Argentina,139.99624633789062,382069379.0,APN-AR,-25.68408,-54.44669,1714,21.200000762939453,1999,occurrence
PRESERVED_SPECIMEN,Colombia,1848.7344970703125,1314977858.0,Universidad Nacional de Colombia (UNAL),6.13823,-73.0987,2972,18.899999618530273,1997,occurrence
PRESERVED_SPECIMEN,Colombia,670.8560180664062,3390876106.0,Instituto Tecnológico Metropolitano (ITM),7.078889,-74.701111,3123,24.700000762939453,1995,occurrence
HUMAN_OBSERVATION,Argentina,239.4412841796875,382069550.0,APN-AR,-25.67961,-53.85937,1748,19.899999618530273,1994,occurrence
HUMAN_OBSERVATION,Guyana,380.2918701171875,197102141.0,Conservation International,3.25,-59.25,1525,25.899999618530273,1993,occurrence
HUMAN_OBSERVATION,Ecuador,358.9845886230469,197102143.0,Conservation International,-1.567,-80.717,434,23.0,1991,occurrence
HUMAN_OBSERVATION,Ecuador,680.9807739257812,197102132.0,Conservation International,-2.567,-79.35,1673,23.100000381469727,1991,occurrence
HUMAN_OBSERVATION,Ecuador,37.356651306152344,197104825.0,Conservation International,-1.333,-79.583,1877,25.399999618530273,1991,occurrence
HUMAN_OBSERVATION,Ecuador,278.4734802246094,197104836.0,Conservation International,-2.167,-80.033,1021,24.200000762939453,1991,occurrence
PRESERVED_SPECIMEN,Colombia,45.830326080322266,1609371464.0,Universidad del Valle (UniValle),5.097631,-76.695467,7865,26.700000762939453,1983,occurrence
PRESERVED_SPECIMEN,Peru,2386.68603515625,45869992.0,LSUMZ,-9.633,-76.133,561,17.0,1975,occurrence
PRESERVED_SPECIMEN,Guyana,195.55938720703125,1211797186.0,ROM,2.83333,-59.08242,1493,26.799999237060547,1973,occurrence
PRESERVED_SPECIMEN,Costa Rica,1373.985107421875,45869664.0,LSUMZ,9.5,-83.667,3587,19.100000381469727,1967,occurrence
PRESERVED_SPECIMEN,Costa Rica,2951.53466796875,45869665.0,LSUMZ,9.474,-83.526,2627,9.899999618530273,1967,occurrence
PRESERVED_SPECIMEN,Guyana,111.6604995727539,1211798675.0,ROM,2.83333,-59.51666,1461,27.399999618530273,1966,occurrence
PRESERVED_SPECIMEN,Venezuela (Bolivarian Republic of),294.44744873046875,1318054360.0,USNM,7.18,-62.37,1383,25.600000381469727,1966,occurrence
PRESERVED_SPECIMEN,Suriname,2.607063055038452,2432573644.0,,5.606575,-55.089221,2101,26.5,1965,occurrence
PRESERVED_SPECIMEN,Venezuela (Bolivarian Republic of),2251.70361328125,1320957946.0,USNM,10.55,-66.87,1049,14.899999618530273,1965,occurrence
PRESERVED_SPECIMEN,Colombia,944.7024536132812,865725986.0,MHNG,4.255,-76.1156,1298,23.799999237060547,1959,occurrence
PRESERVED_SPECIMEN,Colombia,921.79443359375,1142103129.0,MHNG,2.24,-77.01,2303,24.5,1959,occurrence
PRESERVED_SPECIMEN,Colombia,2884.077880859375,665860362.0,FMNH,2.5,-76.4,1687,12.399999618530273,1958,occurrence
PRESERVED_SPECIMEN,Colombia,1909.406494140625,665886881.0,FMNH,2.666667,-76.95,3238,17.5,1958,occurrence
PRESERVED_SPECIMEN,Colombia,3253.232666015625,665872610.0,FMNH,2.4,-76.416667,1936,8.800000190734863,1955,occurrence
PRESERVED_SPECIMEN,Colombia,1828.323486328125,665728566.0,FMNH,2.533333,-76.883333,2837,17.5,1955,occurrence
PRESERVED_SPECIMEN,Colombia,2600.41357421875,665832988.0,FMNH,4.6,-74.083333,862,13.399999618530273,1952,occurrence
PRESERVED_SPECIMEN,Colombia,1474.9771728515625,665832987.0,FMNH,1.616667,-75.983333,2016,19.600000381469727,1951,occurrence
PRESERVED_SPECIMEN,Peru,1577.5238037109375,665842107.0,FMNH,-14.183333,-69.166664,2080,18.5,1951,occurrence
PRESERVED_SPECIMEN,Peru,855.6759643554688,665828348.0,FMNH,-11.05,-75.316666,1830,23.399999618530273,1948,occurrence
PRESERVED_SPECIMEN,Paraguay,273.33624267578125,476845019.0,MCZ,-25.25815,-55.83608,1623,21.700000762939453,1932,occurrence
PRESERVED_SPECIMEN,Costa Rica,1918.787109375,1987329134.0,UMMZ,9.65,-83.91667,3507,14.899999618530273,1931,occurrence
PRESERVED_SPECIMEN,Brazil,47.332244873046875,476810202.0,MCZ,-24.52488,-48.10919,1519,22.5,1929,occurrence
PRESERVED_SPECIMEN,Brazil,547.9111328125,476850960.0,MCZ,-24.53649,-48.72427,1373,19.899999618530273,1929,occurrence
PRESERVED_SPECIMEN,Colombia,3270.407958984375,3046441283.0,Universidad de La Salle (La Salle),3.910475,-74.421519,1379,8.899999618530273,1927,occurrence
PRESERVED_SPECIMEN,Brazil,83.38765716552734,665793038.0,FMNH,-5.5,-45.25,1136,26.899999618530273,1924,occurrence
PRESERVED_SPECIMEN,Venezuela (Bolivarian Republic of),1225.890869140625,476845021.0,MCZ,8.56299,-71.17428,1027,20.799999237060547,1921,occurrence
PRESERVED_SPECIMEN,Ecuador,3939.533447265625,5004104318.0,NRM,0.116667,-78.266667,1398,5.5,1919,occurrence
PRESERVED_SPECIMEN,Peru,1245.5804443359375,665803899.0,FMNH,-10.066667,-75.533333,1853,21.399999618530273,1913,occurrence
PRESERVED_SPECIMEN,Ecuador,3975.031005859375,5004106237.0,NRM,-0.15,-78.6,1334,6.900000095367432,1912,occurrence
PRESERVED_SPECIMEN,Colombia,132.26705932617188,3046439536.0,Universidad de La Salle (La Salle),4.790352,-71.339167,1826,26.799999237060547,1911,occurrence
PRESERVED_SPECIMEN,Venezuela (Bolivarian Republic of),4435.4404296875,5004106009.0,NRM,8.55,-71.05,1098,3.4000000953674316,1908,occurrence
OCCURRENCE,Brazil,472.79010009765625,3967727682.0,Museu de Zoologia da Universidades de São Paulo,-21.9929689,-48.3912063,1296,21.399999618530273,1900,occurrence
OCCURRENCE,Brazil,692.195556640625,3967728703.0,Museu de Zoologia da Universidades de São Paulo,-22.1135694,-48.3137071,1328,20.0,1900,occurrence
OCCURRENCE,Brazil,751.8209838867188,3967815191.0,Museu de Zoologia da Universidades de São Paulo,-23.5507789,-46.6342991,1341,18.5,1900,occurrence
OCCURRENCE,Brazil,5.751346111297607,3967815206.0,Museu de Zoologia da Universidades de São Paulo,-23.4343825,-45.071189,2538,22.5,1900,occurrence
OCCURRENCE,Brazil,1604.93017578125,3967815965.0,Museu de Zoologia da Universidades de São Paulo,-22.7398791,-45.5917896,1836,13.5,1900,occurrence
OCCURRENCE,Brazil,256.0375671386719,3967816110.0,Museu de Zoologia da Universidades de São Paulo,-21.228258,-51.8682279,1118,23.600000381469727,1900,occurrence
OCCURRENCE,Brazil,627.5844116210938,3967817040.0,Museu de Zoologia da Universidades de São Paulo,-20.5065657,-47.7810003,1500,22.200000762939453,1900,occurrence
OCCURRENCE,Brazil,3.283316135406494,3967817120.0,Museu de Zoologia da Universidades de São Paulo,-24.8354776,-47.7504107,1986,21.899999618530273,1900,occurrence
OCCURRENCE,Brazil,986.6949462890625,3967817930.0,Museu de Zoologia da Universidades de São Paulo,-20.5390677,-47.4011948,1563,19.399999618530273,1900,occurrence
OCCURRENCE,Brazil,528.868896484375,3967819115.0,Museu de Zoologia da Universidades de São Paulo,-23.0157738,-48.0110078,1187,20.5,1900,occurrence
OCCURRENCE,Brazil,701.93701171875,3967819150.0,Museu de Zoologia da Universidades de São Paulo,-23.0062707,-48.8393132,1281,20.299999237060547,1900,occurrence
OCCURRENCE,Brazil,828.43701171875,3967819197.0,Museu de Zoologia da Universidades de São Paulo,-23.7123773,-47.428204,1411,17.5,1900,occurrence
OCCURRENCE,Brazil,848.502685546875,3967821057.0,Museu de Zoologia da Universidades de São Paulo,-22.9190763,-46.5422976,1416,18.0,1900,occurrence
OCCURRENCE,Brazil,2.6774826049804688,3967821093.0,Museu de Zoologia da Universidades de São Paulo,-24.7085778,-47.555711,1769,21.5,1900,occurrence
OCCURRENCE,Brazil,724.5841064453125,3967821117.0,Museu de Zoologia da Universidades de São Paulo,-24.1154723,-49.3412199,1306,19.0,1900,occurrence
OCCURRENCE,Brazil,443.66473388671875,3967821126.0,Museu de Zoologia da Universidades de São Paulo,-21.6790646,-49.7429141,1248,21.799999237060547,1900,occurrence
OCCURRENCE,Brazil,7.013572692871094,3967821139.0,Museu de Zoologia da Universidades de São Paulo,-23.8032792,-46.0597949,2817,22.5,1900,occurrence
PRESERVED_SPECIMEN,Brazil,178.27960205078125,4988710086.0,NTNU-VM,-9.0,-60.0,2177,25.5,1886,occurrence
PRESERVED_SPECIMEN,Brazil,65.00642395019531,5004113809.0,NRM,-30.0,-54.0,1589,19.5,1884,occurrence
PRESERVED_SPECIMEN,Uruguay,17.991884231567383,5004102054.0,NRM,-34.916667,-56.166667,931,16.299999237060547,1840,occurrence
PRESERVED_SPECIMEN,Argentina,204.33486938476562,321459283.0,MACN,-26.566243,-54.753515,1586,20.100000381469727,,occurrence
PRESERVED_SPECIMEN,Argentina,551.93603515625,321459284.0,MACN,-27.02369,-54.687832,1719,18.700000762939453,,occurrence
PRESERVED_SPECIMEN,Argentina,502.2594909667969,321459301.0,MACN,-26.767171,-54.277707,1767,18.600000381469727,,occurrence
PRESERVED_SPECIMEN,Argentina,182.46389770507812,382062558.0,APN-AR-FHNFA,-26.61667,-54.8,1574,20.200000762939453,,occurrence
PRESERVED_SPECIMEN,Argentina,515.4620971679688,382070182.0,APN-AR-MACN,-27.0333,-54.64959,1720,18.700000762939453,,occurrence
PRESERVED_SPECIMEN,Uruguay,106.26658630371094,476845023.0,MCZ,-32.54606,-56.08746,1137,17.700000762939453,,occurrence
PRESERVED_SPECIMEN,Argentina,216.93820190429688,621081168.0,MACN,-26.822228,-54.853078,1564,20.100000381469727,,occurrence
HUMAN_OBSERVATION,Colombia,1639.21484375,730251933.0,Corantioquia,6.91,-75.07,3338,20.0,,occurrence
HUMAN_OBSERVATION,Colombia,1812.0118408203125,730252894.0,Corantioquia,6.73,-75.29,3178,19.799999237060547,,occurrence
HUMAN_OBSERVATION,Colombia,2526.513427734375,730253465.0,Corantioquia,6.61,-75.67,2009,15.399999618530273,,occurrence
HUMAN_OBSERVATION,Colombia,1971.631591796875,730253489.0,Corantioquia,5.67,-75.72,2581,18.600000381469727,,occurrence
HUMAN_OBSERVATION,Colombia,2283.430419921875,730253697.0,Corantioquia,6.97,-75.42,3108,16.700000762939453,,occurrence
HUMAN_OBSERVATION,Colombia,2084.363037109375,730254430.0,Corantioquia,5.8,-75.79,2600,17.100000381469727,,occurrence
HUMAN_OBSERVATION,Colombia,676.6123046875,730254693.0,Corantioquia,5.75,-75.61,2112,24.700000762939453,,occurrence
HUMAN_OBSERVATION,Colombia,2556.99755859375,730255070.0,Corantioquia,6.65,-75.46,2089,15.0,,occurrence
HUMAN_OBSERVATION,Colombia,2168.78955078125,730255107.0,Corantioquia,6.49,-75.4,2349,18.200000762939453,,occurrence
HUMAN_OBSERVATION,Colombia,2300.091796875,730255307.0,Corantioquia,6.57,-75.52,2077,17.5,,occurrence
HUMAN_OBSERVATION,Colombia,1526.956787109375,730256158.0,Corantioquia,6.73,-75.91,1641,21.0,,occurrence
HUMAN_OBSERVATION,Colombia,1286.9259033203125,730256483.0,Corantioquia,5.66,-75.88,2309,22.0,,occurrence
HUMAN_OBSERVATION,Colombia,1569.6820068359375,730256700.0,Corantioquia,7.07,-75.15,3057,19.700000762939453,,occurrence
HUMAN_OBSERVATION,Colombia,1745.42333984375,730256791.0,Corantioquia,5.6,-75.82,2546,19.0,,occurrence
HUMAN_OBSERVATION,Colombia,1522.85986328125,730258000.0,Corantioquia,6.92,-75.68,2341,20.600000381469727,,occurrence
HUMAN_OBSERVATION,Colombia,762.3966674804688,730258326.0,Corantioquia,6.86,-75.82,1696,24.200000762939453,,occurrence
PRESERVED_SPECIMEN,Colombia,2480.591552734375,858396411.0,MCNB,1.229191,-76.91142,2036,13.5,,occurrence
HUMAN_OBSERVATION,Colombia,959.4077758789062,998689857.0,Fundación Trópico (FT),4.396583,-76.164222,1141,23.399999618530273,,occurrence
MACHINE_OBSERVATION,Colombia,1760.359375,1657216762.0,ProCAT,4.704226,-73.38045,3761,19.200000762939453,,occurrence
MATERIAL_CITATION,Brazil,44.382667541503906,1699047417.0,PBDB,-5.666667,-37.833332,761,28.0,,occurrence
LIVING_SPECIMEN,Brazil,645.195068359375,1848368396.0,Departamento Autônomo de Água e Esgotos de Araraquara (DAAE),-21.7428917,-48.1734241,1344,20.700000762939453,,occurrence
MATERIAL_SAMPLE,Brazil,346.5960388183594,2248828750.0,"Pontificia Universidade do Rio Grande do Sul, Laboratorio de Biologia Genomica e Molecular",-11.524631,-54.355206,2100,24.899999618530273,,occurrence
PRESERVED_SPECIMEN,Brazil,681.565185546875,2570361948.0,NMR,-21.762,-43.343,1502,20.399999618530273,,occurrence
PRESERVED_SPECIMEN,Brazil,334.0876770019531,2609064574.0,MCZ,-12.49964,-54.0332,2004,24.700000762939453,,occurrence
PRESERVED_SPECIMEN,Brazil,268.40667724609375,3013407190.0,UNICAMP,-13.048056,-39.455278,981,22.600000381469727,,occurrence
MACHINE_OBSERVATION,Ecuador,3206.031494140625,3051888310.0,,-4.39196,-79.11565,1041,12.0,,occurrence
MACHINE_OBSERVATION,Ecuador,228.14779663085938,3051906458.0,,0.84175,-78.75603,2671,25.200000762939453,,occurrence
MACHINE_OBSERVATION,Ecuador,2247.364013671875,3051918460.0,,-0.62412,-77.9088,2232,16.100000381469727,,occurrence
MACHINE_OBSERVATION,Ecuador,2618.324462890625,3051934383.0,,-4.27213,-79.16477,1180,14.699999809265137,,occurrence
MACHINE_OBSERVATION,Ecuador,2181.16015625,3051941969.0,,-4.18418,-79.16247,1199,15.899999618530273,,occurrence
MACHINE_OBSERVATION,Ecuador,1928.396728515625,3051949594.0,,-4.66796,-79.2486,1121,18.299999237060547,,occurrence
HUMAN_OBSERVATION,French Guiana,165.65586853027344,3846996773.0,,3.92404,-53.23477,2577,25.0,,occurrence
OCCURRENCE,Brazil,817.4661865234375,3967784599.0,Universidade de São Paulo,-22.2644713,-47.7639029,1373,19.299999237060547,,occurrence
OCCURRENCE,Brazil,833.2280883789062,3967784612.0,Universidade de São Paulo,-22.2453713,-47.7122025,1371,19.200000762939453,,occurrence
OCCURRENCE,Brazil,721.53173828125,3967788566.0,Universidade de São Paulo,-22.4239717,-47.7652044,1355,19.200000762939453,,occurrence
OCCURRENCE,Brazil,1101.233642578125,3967814261.0,Departamento Estadual de Proteção de Recursos Naturais - DEPRN,-23.2837763,-46.9836997,1383,16.600000381469727,,occurrence
OCCURRENCE,Brazil,733.56884765625,3967814264.0,Departamento Estadual de Proteção de Recursos Naturais - DEPRN,-23.2004773,-46.8837008,1333,18.399999618530273,,occurrence
OCCURRENCE,Brazil,1006.3973999023438,3967816354.0,Departamento Estadual de Proteção de Recursos Naturais - DEPRN,-23.2671788,-46.3503943,1425,17.0,,occurrence
PRESERVED_SPECIMEN,Brazil,1054.4197998046875,4097141716.0,UEL,-22.85,-44.8,1487,16.700000762939453,,occurrence
MACHINE_OBSERVATION,Colombia,2232.34033203125,4415797359.0,Fundación Humedales (Fund. Humedales),5.113341,-73.325291,1448,15.100000381469727,,occurrence
MACHINE_OBSERVATION,Colombia,2232.34033203125,4415797367.0,Fundación Humedales (Fund. Humedales),5.112645,-73.327075,1448,15.100000381469727,,occurrence
MACHINE_OBSERVATION,Colombia,2871.565185546875,4415797377.0,Fundación Humedales (Fund. Humedales),5.17517,-73.426151,1059,13.5,,occurrence
HUMAN_OBSERVATION,French Guiana,146.87625122070312,4548174497.0,,3.91451,-53.24036,2568,25.0,,occurrence
MACHINE_OBSERVATION,Colombia,2590.46240234375,4974387437.0,Fundación Humedales (Fund. Humedales),5.0969,-73.30944,1493,14.899999618530273,,occurrence
MACHINE_OBSERVATION,Colombia,2614.6376953125,4974387556.0,Fundación Humedales (Fund. Humedales),5.255335,-73.339364,1083,14.300000190734863,,occurrence
PRESERVED_SPECIMEN,Colombia,3224.8701171875,4979119726.0,Instituto de Investigación de Recursos Biológicos Alexander von Humboldt (IAvH),5.229442,-75.388889,2063,8.899999618530273,,occurrence
PRESERVED_SPECIMEN,Colombia,1989.001708984375,4979119855.0,Instituto de Investigación de Recursos Biológicos Alexander von Humboldt (IAvH),4.671667,-75.62,2748,16.5,,occurrence
MACHINE_OBSERVATION,Colombia,2118.284912109375,5284168454.0,Fundación Humedales (Fund. Humedales),5.126321,-73.283249,2065,17.100000381469727,,occurrence
MACHINE_OBSERVATION,Colombia,2434.72705078125,5284168538.0,Fundación Humedales (Fund. Humedales),5.088078,-73.300614,1542,15.0,,occurrence
,,281.8662414550781,,,,,1856,25.0,,background
,,1195.3822021484375,,,,,1876,21.899999618530273,,background
,,1613.5968017578125,,,,,1196,18.799999237060547,,background
,,415.1035461425781,,,,,3337,24.600000381469727,,background
,,3535.997802734375,,,,,652,9.800000190734863,,background
,,1472.539794921875,,,,,2077,19.899999618530273,,background
,,492.1154479980469,,,,,1751,24.299999237060547,,background
,,874.517578125,,,,,2463,22.899999618530273,,background
,,2012.321044921875,,,,,1168,18.100000381469727,,background
,,1368.1953125,,,,,1780,20.899999618530273,,background
,,927.65576171875,,,,,1596,21.600000381469727,,background
,,1109.0960693359375,,,,,1901,22.299999237060547,,background
,,2974.643798828125,,,,,1519,13.600000381469727,,background
,,2781.55078125,,,,,666,15.699999809265137,,background
,,1514.2864990234375,,,,,2608,19.700000762939453,,background
,,659.4259643554688,,,,,2021,23.600000381469727,,background
,,832.302978515625,,,,,2087,23.299999237060547,,background
,,1491.9501953125,,,,,1439,20.600000381469727,,background
,,953.64697265625,,,,,2010,22.600000381469727,,background
,,1659.244384765625,,,,,1213,19.0,,background
,,1795.55029296875,,,,,808,18.200000762939453,,background
,,1673.65869140625,,,,,1623,19.399999618530273,,background
,,2861.15087890625,,,,,984,14.300000190734863,,background
,,1179.1219482421875,,,,,1278,21.100000381469727,,background
,,896.4727783203125,,,,,1834,22.799999237060547,,background
,,1446.5927734375,,,,,1741,20.799999237060547,,background
,,1659.19091796875,,,,,1289,20.5,,background
,,699.1341552734375,,,,,2192,23.399999618530273,,background
,,1274.440185546875,,,,,2304,21.700000762939453,,background
,,1576.0308837890625,,,,,1673,20.399999618530273,,background
,,1793.282470703125,,,,,1826,18.799999237060547,,background
,,1245.0096435546875,,,,,1864,21.899999618530273,,background
,,1124.1868896484375,,,,,1892,21.600000381469727,,background
,,511.03680419921875,,,,,1725,24.5,,background
,,409.8196105957031,,,,,1901,24.399999618530273,,background
,,1874.2568359375,,,,,2908,19.600000381469727,,background
,,1881.755615234375,,,,,1223,18.100000381469727,,background
,,1137.140380859375,,,,,1906,21.899999618530273,,background
,,1407.9404296875,,,,,1374,20.200000762939453,,background
,,653.4664916992188,,,,,3033,24.0,,background
,,2148.88720703125,,,,,1156,17.399999618530273,,background
,,263.3096618652344,,,,,2079,24.700000762939453,,background
,,1263.1727294921875,,,,,2519,20.899999618530273,,background
,,996.4103393554688,,,,,2288,22.299999237060547,,background
,,3242.586669921875,,,,,1534,13.399999618530273,,background
,,1521.2222900390625,,,,,1868,19.299999237060547,,background
,,1274.768310546875,,,,,1292,21.899999618530273,,background
,,944.8055419921875,,,,,1644,22.299999237060547,,background
,,1363.6744384765625,,,,,1470,21.0,,background
,,942.2702026367188,,,,,1456,22.799999237060547,,background
,,671.423828125,,,,,2820,23.899999618530273,,background
,,266.3497314453125,,,,,1930,25.0,,background
,,418.203857421875,,,,,1741,24.700000762939453,,background
,,965.5502319335938,,,,,1801,22.899999618530273,,background
,,1120.6494140625,,,,,2536,21.700000762939453,,background
,,1537.0833740234375,,,,,1331,20.200000762939453,,background
,,3170.419921875,,,,,819,13.5,,background
,,1218.795166015625,,,,,1132,20.700000762939453,,background
,,382.404296875,,,,,1887,24.5,,background
,,1871.8096923828125,,,,,1782,19.200000762939453,,background
,,312.7337951660156,,,,,1897,24.700000762939453,,background
,,1945.3218994140625,,,,,800,17.600000381469727,,background
,,465.66278076171875,,,,,1879,24.200000762939453,,background
,,896.1455688476562,,,,,1451,22.899999618530273,,background
,,1526.25390625,,,,,1174,20.0,,background
,,1448.15234375,,,,,1866,20.100000381469727,,background
,,1905.9525146484375,,,,,1236,18.899999618530273,,background
,,1363.472412109375,,,,,985,20.200000762939453,,background
,,1956.5714111328125,,,,,1666,18.299999237060547,,background
,,370.015380859375,,,,,1821,24.799999237060547,,background
,,1694.016357421875,,,,,1355,19.0,,background
,,427.797607421875,,,,,2110,24.600000381469727,,background
,,1691.6556396484375,,,,,1633,19.600000381469727,,background
,,287.7658996582031,,,,,1928,25.100000381469727,,background
,,357.0330505371094,,,,,1882,24.700000762939453,,background
,,362.23919677734375,,,,,1859,24.700000762939453,,background
,,2383.63916015625,,,,,1523,18.0,,background
,,408.9836120605469,,,,,1819,24.100000381469727,,background
,,1797.00537109375,,,,,1469,18.700000762939453,,background
,,1677.3668212890625,,,,,2183,19.299999237060547,,background
,,451.5802917480469,,,,,1933,24.700000762939453,,background
,,2345.9501953125,,,,,1636,17.399999618530273,,background
,,254.01144409179688,,,,,1785,25.299999237060547,,background
,,246.18467712402344,,,,,2197,25.200000762939453,,background
,,1799.6434326171875,,,,,1400,19.100000381469727,,background
,,2691.11376953125,,,,,894,16.100000381469727,,background
,,533.5560302734375,,,,,3020,25.0,,background
,,356.5838317871094,,,,,1411,24.100000381469727,,background
,,1325.12939453125,,,,,881,21.100000381469727,,background
,,678.1722412109375,,,,,1965,23.399999618530273,,background
,,252.171630859375,,,,,3142,25.299999237060547,,background
,,1208.214599609375,,,,,1848,21.399999618530273,,background
,,225.2754364013672,,,,,2988,25.399999618530273,,background
,,283.28656005859375,,,,,1872,25.0,,background
,,290.367919921875,,,,,2032,24.600000381469727,,background
,,257.1454162597656,,,,,1953,25.200000762939453,,background
,,2685.9501953125,,,,,1242,15.0,,background
,,1428.221435546875,,,,,1444,20.600000381469727,,background
,,1468.8123779296875,,,,,1442,20.200000762939453,,background
,,1769.0399169921875,,,,,2128,19.200000762939453,,background
,,289.6688537597656,,,,,1921,24.799999237060547,,background
,,361.6140441894531,,,,,1887,24.600000381469727,,background
,,1133.6904296875,,,,,1710,21.200000762939453,,background
,,1315.3671875,,,,,1272,21.200000762939453,,background
,,968.4126586914062,,,,,1500,22.299999237060547,,background
,,1855.7257080078125,,,,,1158,18.799999237060547,,background
,,892.3512573242188,,,,,2341,22.399999618530273,,background
,,1445.719970703125,,,,,2317,20.100000381469727,,background
,,328.86083984375,,,,,2392,24.700000762939453,,background
,,1970.8785400390625,,,,,1801,18.600000381469727,,background
,,1386.916015625,,,,,1595,20.299999237060547,,background
,,3101.94189453125,,,,,597,13.699999809265137,,background
,,2228.972412109375,,,,,1341,17.899999618530273,,background
,,1621.7672119140625,,,,,1619,19.5,,background
,,2276.197998046875,,,,,1800,16.600000381469727,,background
,,1017.4181518554688,,,,,2011,21.899999618530273,,background
,,659.1931762695312,,,,,1959,23.299999237060547,,background
,,1117.3306884765625,,,,,1590,22.399999618530273,,background
,,4315.41796875,,,,,792,6.099999904632568,,background
,,1616.767578125,,,,,1379,19.799999237060547,,background
,,1943.677734375,,,,,1618,18.600000381469727,,background
,,1784.8958740234375,,,,,1937,19.600000381469727,,background
,,2132.59375,,,,,1417,17.600000381469727,,background
,,1917.640380859375,,,,,1750,18.899999618530273,,background
,,1432.826416015625,,,,,2429,20.200000762939453,,background
,,766.9671630859375,,,,,1393,22.799999237060547,,background
,,1007.2252807617188,,,,,1489,22.899999618530273,,background
,,1616.1376953125,,,,,1514,20.100000381469727,,background
,,365.3831481933594,,,,,1821,24.799999237060547,,background
,,2550.7314453125,,,,,1204,16.200000762939453,,background
,,1963.302734375,,,,,1277,18.399999618530273,,background
,,1109.45458984375,,,,,1527,21.899999618530273,,background
,,315.71844482421875,,,,,1819,25.200000762939453,,background
,,2811.92578125,,,,,642,15.600000381469727,,background
,,256.9658203125,,,,,1877,25.0,,background
,,981.8286743164062,,,,,2127,22.700000762939453,,background
,,1363.720458984375,,,,,1986,20.0,,background
,,1767.4736328125,,,,,806,18.0,,background
,,713.829833984375,,,,,1757,22.799999237060547,,background
,,1639.650634765625,,,,,1357,19.600000381469727,,background
,,347.3671875,,,,,1675,24.200000762939453,,background
,,2202.85205078125,,,,,1090,18.0,,background
,,3058.5439453125,,,,,748,13.100000381469727,,background
,,2275.41259765625,,,,,1130,17.399999618530273,,background
,,1984.1800537109375,,,,,1507,18.200000762939453,,background
,,1763.66650390625,,,,,1183,17.899999618530273,,background
,,2066.32470703125,,,,,728,16.600000381469727,,background
,,3762.64453125,,,,,959,8.600000381469727,,background
,,1178.74853515625,,,,,1432,21.100000381469727,,background
,,245.38998413085938,,,,,2700,24.899999618530273,,background
,,911.3388061523438,,,,,1602,22.0,,background
,,3138.122802734375,,,,,922,11.5,,background
,,493.9093933105469,,,,,1848,24.0,,background
,,2146.689453125,,,,,1068,17.299999237060547,,background
,,1350.664794921875,,,,,1522,21.0,,background
,,1532.0262451171875,,,,,1829,21.700000762939453,,background
,,1070.700439453125,,,,,1369,22.299999237060547,,background
,,1668.131103515625,,,,,1535,19.100000381469727,,background
,,960.6055908203125,,,,,1713,23.200000762939453,,background
,,294.8896179199219,,,,,2487,24.899999618530273,,background
,,380.78887939453125,,,,,2225,24.600000381469727,,background
,,3719.6845703125,,,,,571,9.899999618530273,,background
,,1539.709228515625,,,,,1302,21.200000762939453,,background
,,248.74166870117188,,,,,1854,25.200000762939453,,background
,,758.0057983398438,,,,,1910,23.700000762939453,,background
,,3147.1328125,,,,,609,12.5,,background
,,2162.569091796875,,,,,1503,17.5,,background
,,1301.2003173828125,,,,,2727,21.700000762939453,,background
,,834.0748901367188,,,,,2277,23.100000381469727,,background
,,1531.7623291015625,,,,,1726,21.0,,background
,,239.35494995117188,,,,,2961,25.299999237060547,,background
,,954.0811157226562,,,,,1822,22.600000381469727,,background
,,723.9020385742188,,,,,1894,23.299999237060547,,background
,,530.8029174804688,,,,,2037,24.200000762939453,,background
,,778.955322265625,,,,,2356,23.299999237060547,,background
,,497.62847900390625,,,,,1916,24.5,,background
,,1633.4818115234375,,,,,2294,21.0,,background
,,2117.272705078125,,,,,1174,17.899999618530273,,background
,,2372.189453125,,,,,1750,16.200000762939453,,background
,,1343.0693359375,,,,,1032,20.600000381469727,,background
,,1615.277587890625,,,,,1906,19.600000381469727,,background
,,1817.94677734375,,,,,1413,19.100000381469727,,background
,,1921.8519287109375,,,,,2352,17.799999237060547,,background
,,1268.343017578125,,,,,2048,21.299999237060547,,background
,,461.4049377441406,,,,,1825,24.5,,background
,,807.3480224609375,,,,,1694,22.799999237060547,,background
,,345.7350769042969,,,,,2268,24.399999618530273,,background
,,723.0851440429688,,,,,1687,23.200000762939453,,background
,,678.5982055664062,,,,,2134,23.700000762939453,,background
,,1684.540283203125,,,,,1850,19.100000381469727,,background
,,514.1292114257812,,,,,3452,24.200000762939453,,background
,,1762.1826171875,,,,,1496,18.899999618530273,,background
,,1201.532958984375,,,,,992,20.399999618530273,,background
,,344.92572021484375,,,,,2264,24.899999618530273,,background
,,1118.640625,,,,,1764,22.0,,background
,,250.55819702148438,,,,,1792,25.399999618530273,,background
,,276.6328125,,,,,2017,25.100000381469727,,background
,,337.7141418457031,,,,,2503,24.700000762939453,,background
,,806.597412109375,,,,,1722,22.899999618530273,,background
,,2887.74560546875,,,,,987,15.0,,background
,,2594.13134765625,,,,,1680,14.600000381469727,,background
,,758.6585693359375,,,,,2020,23.299999237060547,,background
,,2395.885009765625,,,,,1500,16.5,,background
,,1304.5458984375,,,,,2308,21.299999237060547,,background
,,968.6529541015625,,,,,1635,22.399999618530273,,background
,,2813.05712890625,,,,,648,15.300000190734863,,background
,,311.63763427734375,,,,,3361,25.100000381469727,,background
,,1872.59375,,,,,1328,19.100000381469727,,background
,,331.5748291015625,,,,,1729,25.100000381469727,,background
,,917.1629028320312,,,,,1434,22.600000381469727,,background
,,1632.6856689453125,,,,,1324,19.700000762939453,,background
,,1245.025146484375,,,,,1552,20.600000381469727,,background
,,387.6893615722656,,,,,1885,24.5,,background
,,1316.8480224609375,,,,,1054,20.700000762939453,,background
,,1454.749267578125,,,,,1363,20.100000381469727,,background
,,2323.28271484375,,,,,1292,17.600000381469727,,background
,,4334.8291015625,,,,,591,5.400000095367432,,background
,,507.6661376953125,,,,,2125,23.600000381469727,,background
,,433.627685546875,,,,,2869,24.399999618530273,,background
,,2845.796875,,,,,846,14.5,,background
,,1009.9613647460938,,,,,1806,22.700000762939453,,background
,,805.467041015625,,,,,1821,22.700000762939453,,background
,,2734.526123046875,,,,,1431,14.800000190734863,,background
,,2292.71728515625,,,,,1574,17.0,,background
,,977.918701171875,,,,,1439,22.399999618530273,,background
,,3233.24853515625,,,,,858,13.800000190734863,,background
,,420.0333251953125,,,,,1887,24.399999618530273,,background
,,228.9123077392578,,,,,3201,25.399999618530273,,background
,,491.7601623535156,,,,,1638,23.600000381469727,,background
,,1151.486328125,,,,,1102,21.100000381469727,,background
,,452.82000732421875,,,,,1895,24.700000762939453,,background
,,582.89892578125,,,,,1635,24.299999237060547,,background
,,1061.111328125,,,,,1431,22.799999237060547,,background
,,1434.9986572265625,,,,,2166,20.0,,background
,,2126.0029296875,,,,,1154,17.399999618530273,,background
,,983.3557739257812,,,,,1706,23.0,,background
,,1119.947265625,,,,,1663,22.5,,background
,,3120.9658203125,,,,,1337,12.399999618530273,,background
,,232.36727905273438,,,,,2198,25.299999237060547,,background
,,1856.5047607421875,,,,,1432,19.100000381469727,,background
,,725.1299438476562,,,,,1746,23.200000762939453,,background
,,873.3920288085938,,,,,1290,22.100000381469727,,background
,,1571.1605224609375,,,,,884,18.799999237060547,,background
,,3920.791015625,,,,,641,9.199999809265137,,background
,,2140.61865234375,,,,,1695,18.299999237060547,,background
,,2597.963134765625,,,,,1220,16.399999618530273,,background
,,1368.763671875,,,,,1933,21.0,,background
,,1715.122314453125,,,,,2618,19.399999618530273,,background
,,463.98431396484375,,,,,1915,24.600000381469727,,background
,,892.3530883789062,,,,,1934,22.399999618530273,,background
,,899.9436645507812,,,,,2246,23.299999237060547,,background
,,2317.3740234375,,,,,1264,16.399999618530273,,background
,,731.0780029296875,,,,,3259,23.399999618530273,,background
,,2570.396484375,,,,,1398,17.600000381469727,,background
,,2486.258056640625,,,,,1231,16.100000381469727,,background
,,1941.2918701171875,,,,,1572,17.899999618530273,,background
,,900.5936889648438,,,,,1695,22.600000381469727,,background
,,1209.389404296875,,,,,1848,22.100000381469727,,background
,,2029.5111083984375,,,,,1542,17.899999618530273,,background
,,3192.81787109375,,,,,517,13.399999618530273,,background
,,294.9926452636719,,,,,2192,25.0,,background
,,1959.5260009765625,,,,,2032,19.0,,background
,,1649.6307373046875,,,,,1429,19.399999618530273,,background
,,501.23590087890625,,,,,1856,24.100000381469727,,background
,,283.4130859375,,,,,1897,25.200000762939453,,background
,,1431.364990234375,,,,,1348,19.799999237060547,,background
,,1103.9921875,,,,,1007,21.700000762939453,,background
,,333.78125,,,,,3795,25.100000381469727,,background
,,1006.63232421875,,,,,1842,22.5,,background
,,1382.236328125,,,,,1413,20.799999237060547,,background
,,855.1402587890625,,,,,1501,22.799999237060547,,background
,,2231.612548828125,,,,,1099,18.299999237060547,,background
,,426.65325927734375,,,,,1378,24.0,,background
,,689.2525634765625,,,,,2096,23.600000381469727,,background
,,606.7723999023438,,,,,3049,24.200000762939453,,background
,,656.2125244140625,,,,,1825,22.600000381469727,,background
,,260.05267333984375,,,,,1944,25.200000762939453,,background
,,338.9461669921875,,,,,2175,24.899999618530273,,background
,,330.07867431640625,,,,,1898,24.700000762939453,,background
,,837.0068359375,,,,,1434,22.200000762939453,,background
,,360.0503845214844,,,,,1778,25.100000381469727,,background
,,997.6527709960938,,,,,2084,22.200000762939453,,background
,,539.56689453125,,,,,3120,24.100000381469727,,background
,,312.9482421875,,,,,1834,25.0,,background
,,1345.021240234375,,,,,1380,21.299999237060547,,background
,,236.42210388183594,,,,,1789,25.399999618530273,,background
,,1109.545654296875,,,,,2838,22.5,,background
,,755.7284545898438,,,,,2134,22.899999618530273,,background
,,406.9413146972656,,,,,1817,24.700000762939453,,background
,,1444.57275390625,,,,,1958,19.799999237060547,,background
,,3111.687744140625,,,,,707,14.399999618530273,,background
,,1355.7005615234375,,,,,1672,20.5,,background
,,1275.743408203125,,,,,1670,21.200000762939453,,background
,,225.29757690429688,,,,,2824,25.100000381469727,,background
,,1149.842529296875,,,,,1260,21.799999237060547,,background
,,2782.396484375,,,,,741,14.399999618530273,,background
,,2771.0341796875,,,,,929,16.399999618530273,,background
,,711.5679321289062,,,,,2432,22.600000381469727,,background
,,765.2099609375,,,,,1498,23.299999237060547,,background
,,378.015869140625,,,,,1461,24.0,,background
,,383.71697998046875,,,,,1831,24.700000762939453,,background
,,390.31011962890625,,,,,1813,24.899999618530273,,background
,,1027.2093505859375,,,,,1610,23.299999237060547,,background
,,2380.039794921875,,,,,1697,16.600000381469727,,background
,,3232.748291015625,,,,,775,13.600000381469727,,background
,,254.48968505859375,,,,,1922,25.0,,background
,,383.25335693359375,,,,,3047,24.799999237060547,,background
,,227.68760681152344,,,,,2698,25.399999618530273,,background
,,1297.9873046875,,,,,1366,20.600000381469727,,background
,,277.840576171875,,,,,1931,24.399999618530273,,background
,,354.7983703613281,,,,,1930,24.700000762939453,,background
,,1899.1539306640625,,,,,2068,19.100000381469727,,background
,,1464.5601806640625,,,,,1575,19.5,,background
,,429.3303527832031,,,,,2233,24.299999237060547,,background
,,892.5563354492188,,,,,1727,23.0,,background
,,1325.599365234375,,,,,2165,21.0,,background
,,750.2271118164062,,,,,1775,23.299999237060547,,background
,,857.3082275390625,,,,,1506,23.0,,background
,,3726.162841796875,,,,,816,8.600000381469727,,background
,,2951.401123046875,,,,,1486,15.300000190734863,,background
,,1029.7755126953125,,,,,1919,22.0,,background
,,2810.989501953125,,,,,1623,14.300000190734863,,background
,,1921.95947265625,,,,,847,17.399999618530273,,background
,,1532.5445556640625,,,,,1963,20.399999618530273,,background
,,3820.843505859375,,,,,562,9.899999618530273,,background
,,1610.107177734375,,,,,1393,20.200000762939453,,background
,,1500.1591796875,,,,,986,20.0,,background
,,1930.701416015625,,,,,1332,18.600000381469727,,background
,,1798.23876953125,,,,,1303,18.299999237060547,,background
,,388.62139892578125,,,,,1359,24.100000381469727,,background
,,2216.13427734375,,,,,1933,19.0,,background
,,1264.4609375,,,,,1352,21.700000762939453,,background
,,860.0252685546875,,,,,2250,22.799999237060547,,background
,,1056.0928955078125,,,,,2275,20.899999618530273,,background
,,1609.076171875,,,,,1864,20.5,,background
,,3025.744140625,,,,,1052,13.899999618530273,,background
,,3196.75146484375,,,,,802,13.199999809265137,,background
,,3790.53466796875,,,,,685,8.800000190734863,,background
,,2747.485107421875,,,,,1236,15.100000381469727,,background
,,1008.376708984375,,,,,1706,21.899999618530273,,background
,,2588.103515625,,,,,1476,16.100000381469727,,background
,,1225.29248046875,,,,,1302,21.600000381469727,,background
,,1473.29345703125,,,,,1182,19.600000381469727,,background
,,1748.31787109375,,,,,727,17.0,,background
,,1463.7098388671875,,,,,1141,20.200000762939453,,background
,,2506.53759765625,,,,,1731,15.699999809265137,,background
,,2235.015625,,,,,1520,18.399999618530273,,background
,,1375.06005859375,,,,,1362,20.700000762939453,,background
,,939.1414184570312,,,,,2253,22.600000381469727,,background
,,607.5668334960938,,,,,1791,24.100000381469727,,background
,,1240.6334228515625,,,,,2826,21.700000762939453,,background
,,1456.03955078125,,,,,1312,20.299999237060547,,background
,,1184.4271240234375,,,,,2404,21.399999618530273,,background
,,1933.54638671875,,,,,1703,18.5,,background
,,1517.0458984375,,,,,1347,20.100000381469727,,background
,,1226.1298828125,,,,,2074,21.299999237060547,,background
,,1691.5306396484375,,,,,1623,18.700000762939453,,background
,,3021.225341796875,,,,,1054,13.899999618530273,,background
,,3899.033203125,,,,,953,8.800000190734863,,background
,,281.0751647949219,,,,,1825,25.100000381469727,,background
,,328.18121337890625,,,,,2393,24.899999618530273,,background
,,273.72515869140625,,,,,2736,24.799999237060547,,background
,,2744.811279296875,,,,,1012,16.5,,background
,,339.57110595703125,,,,,3331,25.0,,background
,,2303.16015625,,,,,1432,17.100000381469727,,background
,,1886.889892578125,,,,,1574,18.5,,background
,,510.37689208984375,,,,,2489,24.0,,background
,,441.67755126953125,,,,,1759,24.399999618530273,,background
,,624.8148803710938,,,,,2426,23.299999237060547,,background
,,307.1704406738281,,,,,3766,25.299999237060547,,background
,,974.9542846679688,,,,,1587,22.299999237060547,,background
,,1065.9127197265625,,,,,2152,22.5,,background
,,900.274658203125,,,,,2445,22.600000381469727,,background
,,326.4935607910156,,,,,1798,24.200000762939453,,background
,,602.8134155273438,,,,,2978,23.899999618530273,,background
,,3366.3271484375,,,,,534,11.600000381469727,,background
,,978.41357421875,,,,,1831,21.600000381469727,,background
,,752.6761474609375,,,,,1520,23.0,,background
,,1077.8599853515625,,,,,1478,21.600000381469727,,background
,,2143.4287109375,,,,,1550,18.5,,background
,,1831.791259765625,,,,,1848,18.299999237060547,,background
,,3164.6640625,,,,,787,13.0,,background
,,878.2281494140625,,,,,3079,23.299999237060547,,background
,,263.4537658691406,,,,,3620,25.299999237060547,,background
,,701.4288940429688,,,,,1946,23.200000762939453,,background
,,244.14431762695312,,,,,2724,25.299999237060547,,background
,,1572.629638671875,,,,,2758,20.399999618530273,,background
,,621.0850219726562,,,,,1945,23.700000762939453,,background
,,1233.759765625,,,,,1534,21.600000381469727,,background
,,2022.65185546875,,,,,1399,18.200000762939453,,background
,,957.9265747070312,,,,,2629,22.0,,background
,,1017.953125,,,,,1391,21.5,,background
,,1790.2379150390625,,,,,1504,19.700000762939453,,background
,,1741.7496337890625,,,,,1553,19.100000381469727,,background
,,1833.935546875,,,,,1545,19.100000381469727,,background
,,818.5952758789062,,,,,2295,22.700000762939453,,background
,,1878.07861328125,,,,,1985,19.0,,background
,,2055.270263671875,,,,,1104,18.600000381469727,,background
,,510.4709167480469,,,,,2436,24.200000762939453,,background
,,1589.8416748046875,,,,,1306,19.899999618530273,,background
,,533.9566650390625,,,,,1897,24.0,,background
,,432.3022155761719,,,,,1860,24.5,,background
,,1709.9652099609375,,,,,1177,19.600000381469727,,background
,,974.0743408203125,,,,,1397,21.700000762939453,,background
,,443.20489501953125,,,,,1822,24.700000762939453,,background
,,423.790771484375,,,,,1404,24.0,,background
,,412.3636779785156,,,,,1834,24.899999618530273,,background
,,4268.134765625,,,,,609,5.800000190734863,,background
,,2300.373779296875,,,,,1481,17.700000762939453,,background
,,627.6597900390625,,,,,1767,23.700000762939453,,background
,,1071.3631591796875,,,,,1192,21.600000381469727,,background
,,1337.7208251953125,,,,,1664,22.100000381469727,,background
,,326.9489440917969,,,,,1893,25.0,,background
,,1114.4296875,,,,,1704,21.200000762939453,,background
,,1383.1546630859375,,,,,2037,20.200000762939453,,background
,,504.4611511230469,,,,,1345,23.299999237060547,,background
,,1443.989013671875,,,,,1992,19.899999618530273,,background
,,733.9666748046875,,,,,1818,23.299999237060547,,background
,,1052.390625,,,,,1360,22.100000381469727,,background
,,1933.8966064453125,,,,,1807,19.600000381469727,,background
,,1209.806884765625,,,,,1289,21.899999618530273,,background
,,4214.94580078125,,,,,809,8.199999809265137,,background
,,1443.3292236328125,,,,,1378,20.0,,background
,,674.5216064453125,,,,,1230,23.100000381469727,,background
,,1420.84033203125,,,,,1371,20.600000381469727,,background
,,398.31256103515625,,,,,1460,23.899999618530273,,background
,,937.8056640625,,,,,1810,23.799999237060547,,background
,,1992.214111328125,,,,,1696,17.899999618530273,,background
,,718.8983764648438,,,,,1732,23.0,,background
,,445.86932373046875,,,,,1767,24.0,,background
,,1669.466796875,,,,,1368,19.700000762939453,,background
,,735.445556640625,,,,,2643,23.5,,background
,,2831.524169921875,,,,,967,14.899999618530273,,background
,,1312.98828125,,,,,1096,20.600000381469727,,background
,,538.7061767578125,,,,,1736,24.200000762939453,,background
,,928.9766235351562,,,,,3024,22.399999618530273,,background
,,2518.53271484375,,,,,1005,17.100000381469727,,background
,,2102.342529296875,,,,,2257,17.899999618530273,,background
,,343.4927673339844,,,,,1588,24.100000381469727,,background
,,322.0145263671875,,,,,2567,25.100000381469727,,background
,,1975.981689453125,,,,,1377,19.100000381469727,,background
,,424.169189453125,,,,,2968,24.600000381469727,,background
,,574.2072143554688,,,,,1721,24.299999237060547,,background
,,3545.356201171875,,,,,978,10.199999809265137,,background
,,889.1913452148438,,,,,2355,23.100000381469727,,background
,,1612.9813232421875,,,,,2328,19.5,,background
,,276.7369689941406,,,,,1856,25.100000381469727,,background
,,962.962890625,,,,,1534,21.700000762939453,,background
,,3222.765625,,,,,1015,12.699999809265137,,background
,,2169.27099609375,,,,,1521,17.399999618530273,,background
,,3857.7265625,,,,,695,9.699999809265137,,background
,,549.0917358398438,,,,,2210,23.899999618530273,,background
,,392.0782165527344,,,,,1904,24.5,,background
,,451.823974609375,,,,,3401,24.600000381469727,,background
,,262.25048828125,,,,,2023,25.200000762939453,,background
,,436.73358154296875,,,,,1955,23.899999618530273,,background
,,1619.840087890625,,,,,908,18.5,,background
,,1662.7884521484375,,,,,1328,19.899999618530273,,background
,,341.2194519042969,,,,,1838,24.899999618530273,,background
,,984.4010620117188,,,,,1738,23.299999237060547,,background
,,2051.36865234375,,,,,1761,19.299999237060547,,background
,,296.3810119628906,,,,,1693,24.200000762939453,,background
,,2583.2470703125,,,,,760,15.699999809265137,,background
,,1458.0897216796875,,,,,1511,20.5,,background
,,910.9259643554688,,,,,1490,22.700000762939453,,background
,,4037.40478515625,,,,,791,8.100000381469727,,background
,,1103.8824462890625,,,,,1878,22.299999237060547,,background
,,2172.11962890625,,,,,1287,17.5,,background
,,2314.34765625,,,,,1100,18.0,,background
,,802.5626220703125,,,,,1631,22.799999237060547,,background
,,334.4078369140625,,,,,1891,24.600000381469727,,background
,,371.2762756347656,,,,,2912,24.700000762939453,,background
,,1343.4278564453125,,,,,2908,20.700000762939453,,background
,,1747.466796875,,,,,1387,18.899999618530273,,background
,,1142.61279296875,,,,,1264,21.700000762939453,,background
,,239.849853515625,,,,,2243,25.299999237060547,,background
,,1033.5177001953125,,,,,3022,22.299999237060547,,background
,,3462.841552734375,,,,,534,11.899999618530273,,background
,,427.5606384277344,,,,,1882,24.299999237060547,,background
,,1912.2335205078125,,,,,1889,18.700000762939453,,background
,,4057.11328125,,,,,947,7.900000095367432,,background
,,1315.6378173828125,,,,,1907,21.100000381469727,,background
,,1448.6143798828125,,,,,1843,19.899999618530273,,background
,,354.38653564453125,,,,,1649,24.200000762939453,,background
,,2337.97216796875,,,,,1195,18.0,,background
,,2538.72314453125,,,,,779,15.0,,background
,,1212.9794921875,,,,,2787,21.700000762939453,,background
,,1706.2061767578125,,,,,1294,20.0,,background
,,218.79721069335938,,,,,1823,25.5,,background
,,1225.29248046875,,,,,1302,21.600000381469727,,background
,,1665.3814697265625,,,,,2087,19.5,,background
,,4537.41015625,,,,,685,4.5,,background
,,325.1783142089844,,,,,1864,24.899999618530273,,background
,,252.47576904296875,,,,,2683,25.200000762939453,,background
,,1813.62353515625,,,,,1210,20.200000762939453,,background
,,1002.8284912109375,,,,,2570,22.799999237060547,,background
,,1149.7369384765625,,,,,1399,21.5,,background
,,559.5223388671875,,,,,3142,24.200000762939453,,background
,,1475.959228515625,,,,,1337,20.299999237060547,,background
,,3159.093017578125,,,,,583,13.100000381469727,,background
,,630.5445556640625,,,,,2020,23.600000381469727,,background
,,349.5622863769531,,,,,2595,24.399999618530273,,background
,,247.93798828125,,,,,1791,25.399999618530273,,background
,,812.1777954101562,,,,,1828,23.0,,background
,,4136.48583984375,,,,,714,5.800000190734863,,background
,,1234.462158203125,,,,,1025,21.600000381469727,,background
,,1245.0460205078125,,,,,1290,20.299999237060547,,background
,,757.8323974609375,,,,,1825,23.5,,background
,,254.73028564453125,,,,,1901,25.299999237060547,,background
,,1670.7587890625,,,,,1028,18.200000762939453,,background
,,2213.576904296875,,,,,1550,17.399999618530273,,background
,,2076.08837890625,,,,,1832,18.399999618530273,,background
,,873.2550048828125,,,,,1621,22.700000762939453,,background
,,2459.5791015625,,,,,1787,15.899999618530273,,background
,,1329.6322021484375,,,,,1569,20.299999237060547,,background
,,1881.17431640625,,,,,2172,18.200000762939453,,background
,,1427.613037109375,,,,,2147,21.5,,background
,,623.3826904296875,,,,,1854,24.100000381469727,,background
,,1045.783203125,,,,,1814,22.700000762939453,,background
,,3540.690185546875,,,,,655,10.699999809265137,,background
,,764.178466796875,,,,,1621,23.5,,background
,,972.8208618164062,,,,,2736,21.600000381469727,,background
,,833.131591796875,,,,,2025,23.200000762939453,,background
,,241.6020050048828,,,,,2204,25.299999237060547,,background
,,1653.596435546875,,,,,1680,20.200000762939453,,background
,,235.29103088378906,,,,,1894,25.100000381469727,,background
,,1890.657958984375,,,,,1560,18.600000381469727,,background
,,861.1221313476562,,,,,1891,22.399999618530273,,background
,,858.85986328125,,,,,1800,23.299999237060547,,background
,,1064.4140625,,,,,1704,22.0,,background
,,926.599609375,,,,,1261,22.0,,background
,,315.7463684082031,,,,,2113,24.700000762939453,,background
,,1594.5296630859375,,,,,1389,20.0,,background
,,287.40240478515625,,,,,1772,25.100000381469727,,background
,,2740.562744140625,,,,,877,15.300000190734863,,background
,,329.9376220703125,,,,,2164,24.899999618530273,,background
,,1679.009521484375,,,,,1272,20.100000381469727,,background
,,1552.81103515625,,,,,1453,20.399999618530273,,background
,,2827.162109375,,,,,849,14.699999809265137,,background
,,1549.7198486328125,,,,,1052,19.899999618530273,,background
,,271.1253662109375,,,,,3335,25.200000762939453,,background
,,1329.8780517578125,,,,,1360,21.100000381469727,,background
,,2197.1064453125,,,,,1496,18.200000762939453,,background
,,1389.5240478515625,,,,,1379,20.299999237060547,,background
,,940.6820068359375,,,,,1844,22.5,,background
,,1299.06396484375,,,,,1663,21.5,,background
,,371.8450927734375,,,,,2165,24.600000381469727,,background
,,992.0076904296875,,,,,2131,21.5,,background
,,1208.75634765625,,,,,1279,21.799999237060547,,background
,,463.72015380859375,,,,,1986,24.299999237060547,,background
,,755.7284545898438,,,,,2134,22.899999618530273,,background
,,579.4334106445312,,,,,1783,23.600000381469727,,background
,,651.0836791992188,,,,,3272,23.700000762939453,,background
,,936.7718505859375,,,,,1356,21.600000381469727,,background
,,392.12298583984375,,,,,1817,24.799999237060547,,background
,,407.645263671875,,,,,1821,24.700000762939453,,background
,,240.15281677246094,,,,,2722,25.299999237060547,,background
,,2246.384521484375,,,,,1070,18.200000762939453,,background
,,2114.736328125,,,,,1258,17.799999237060547,,background
,,1636.117431640625,,,,,1434,19.399999618530273,,background
,,323.7998046875,,,,,1839,24.899999618530273,,background
,,2382.11376953125,,,,,1800,16.600000381469727,,background
,,2911.0830078125,,,,,915,14.5,,background
,,919.2412109375,,,,,1401,22.600000381469727,,background
,,1062.664794921875,,,,,1550,22.299999237060547,,background
,,1963.212646484375,,,,,2033,18.5,,background
,,711.544921875,,,,,1703,24.100000381469727,,background
,,1285.209228515625,,,,,2322,21.600000381469727,,background
,,286.1994323730469,,,,,1793,24.899999618530273,,background
,,1392.0,,,,,1355,20.200000762939453,,background
,,388.837646484375,,,,,2960,24.600000381469727,,background
,,628.8973388671875,,,,,1939,24.0,,background
,,2205.26318359375,,,,,1431,17.700000762939453,,background
,,2665.6748046875,,,,,1187,16.100000381469727,,background
,,1027.7808837890625,,,,,2046,22.299999237060547,,background
,,1323.14697265625,,,,,2383,21.299999237060547,,background
,,1149.382568359375,,,,,1404,21.600000381469727,,background
,,410.25213623046875,,,,,1324,23.899999618530273,,background
,,1408.4537353515625,,,,,1352,20.299999237060547,,background
,,362.8815612792969,,,,,2286,24.899999618530273,,background
,,248.263916015625,,,,,2071,25.299999237060547,,background
,,1518.7559814453125,,,,,1166,19.600000381469727,,background
,,2081.96875,,,,,1792,18.700000762939453,,background
,,394.851806640625,,,,,1891,24.5,,background
,,1518.518798828125,,,,,2295,19.799999237060547,,background
,,1152.3446044921875,,,,,2886,22.0,,background
,,358.890380859375,,,,,3047,24.700000762939453,,background
,,1232.6181640625,,,,,2072,20.899999618530273,,background
,,1525.551513671875,,,,,1425,19.700000762939453,,background
,,345.50390625,,,,,2108,24.799999237060547,,background
,,1748.60498046875,,,,,2171,18.5,,background
,,1550.7669677734375,,,,,1424,19.899999618530273,,background
,,1389.8714599609375,,,,,1858,21.299999237060547,,background
,,253.36398315429688,,,,,1927,25.299999237060547,,background
,,1309.5262451171875,,,,,954,19.899999618530273,,background
,,1600.961669921875,,,,,1395,20.299999237060547,,background
,,3156.434814453125,,,,,1310,13.899999618530273,,background
,,1224.590576171875,,,,,2819,21.100000381469727,,background
,,2632.5322265625,,,,,1239,15.600000381469727,,background
,,1016.3638305664062,,,,,1422,21.899999618530273,,background
,,277.0714416503906,,,,,1827,25.100000381469727,,background
,,873.4580078125,,,,,1605,22.399999618530273,,background
,,1149.59375,,,,,2967,21.600000381469727,,background
,,1713.1263427734375,,,,,908,18.5,,background
,,888.1985473632812,,,,,1806,23.200000762939453,,background
,,392.1304931640625,,,,,2163,24.899999618530273,,background
,,634.88623046875,,,,,1899,23.5,,background
,,2330.836181640625,,,,,1120,16.600000381469727,,background
,,328.74334716796875,,,,,1821,25.0,,background
,,3514.522705078125,,,,,783,8.899999618530273,,background
,,963.0498046875,,,,,1586,22.899999618530273,,background
,,1797.202880859375,,,,,1989,19.100000381469727,,background
,,1862.720947265625,,,,,2074,18.899999618530273,,background
,,1109.0960693359375,,,,,1901,22.299999237060547,,background
,,562.0300903320312,,,,,1668,23.399999618530273,,background
,,229.49209594726562,,,,,1840,25.5,,background
,,718.1156005859375,,,,,1571,24.100000381469727,,background
,,600.593505859375,,,,,2185,23.700000762939453,,background
,,1620.8177490234375,,,,,2088,20.299999237060547,,background
,,513.8240356445312,,,,,1749,24.799999237060547,,background
,,832.7094116210938,,,,,1557,23.700000762939453,,background
,,738.8639526367188,,,,,3122,23.600000381469727,,background
,,1164.77294921875,,,,,1485,21.799999237060547,,background
,,2265.19287109375,,,,,1538,16.899999618530273,,background
,,345.1070556640625,,,,,2302,24.799999237060547,,background
,,1921.7880859375,,,,,1737,19.200000762939453,,background
,,622.8501586914062,,,,,1506,23.700000762939453,,background
,,1545.9896240234375,,,,,1206,19.700000762939453,,background
,,2055.342529296875,,,,,1670,17.600000381469727,,background
,,1011.0545654296875,,,,,2121,21.700000762939453,,background
,,2009.2218017578125,,,,,1754,18.700000762939453,,background
,,3727.05810546875,,,,,1012,9.199999809265137,,background
,,1687.474609375,,,,,1371,19.899999618530273,,background
,,1999.642333984375,,,,,1361,18.200000762939453,,background
,,218.17831420898438,,,,,2890,25.200000762939453,,background
,,1610.37158203125,,,,,2273,19.600000381469727,,background
,,231.42376708984375,,,,,1850,25.299999237060547,,background
,,3449.52490234375,,,,,955,10.600000381469727,,background
,,815.5072631835938,,,,,3202,23.799999237060547,,background
,,889.82421875,,,,,1742,23.299999237060547,,background
,,1158.518798828125,,,,,2201,21.100000381469727,,background
,,3122.811767578125,,,,,1184,12.300000190734863,,background
,,1254.77587890625,,,,,2113,20.200000762939453,,background
,,1002.846435546875,,,,,1905,22.5,,background
,,2471.21875,,,,,772,15.800000190734863,,background
,,2305.05322265625,,,,,943,16.700000762939453,,background
,,305.7177429199219,,,,,1892,24.5,,background
,,281.2973937988281,,,,,1818,25.100000381469727,,background
,,2099.2001953125,,,,,1545,17.5,,background
,,320.66912841796875,,,,,2177,24.899999618530273,,background
,,1726.4002685546875,,,,,1463,19.299999237060547,,background
,,478.08856201171875,,,,,1360,23.799999237060547,,background
,,443.4107666015625,,,,,1843,24.399999618530273,,background
,,508.2860412597656,,,,,1867,24.0,,background
,,1216.71728515625,,,,,1344,21.200000762939453,,background
,,2496.725830078125,,,,,1326,17.700000762939453,,background
,,1451.6689453125,,,,,1416,20.700000762939453,,background
,,1351.0733642578125,,,,,1254,20.5,,background
,,3669.244384765625,,,,,696,9.399999618530273,,background
,,499.90325927734375,,,,,1989,24.600000381469727,,background
,,1984.42041015625,,,,,1638,18.299999237060547,,background
,,1085.4609375,,,,,2327,22.200000762939453,,background
,,1023.134033203125,,,,,1656,22.200000762939453,,background
,,921.5074462890625,,,,,1474,22.5,,background
,,2470.091064453125,,,,,1024,17.100000381469727,,background
,,1681.078369140625,,,,,1454,19.600000381469727,,background
,,337.3484191894531,,,,,3455,25.0,,background
,,898.7896728515625,,,,,1682,22.899999618530273,,background
,,710.6608276367188,,,,,1726,23.799999237060547,,background
,,2346.486083984375,,,,,1318,17.299999237060547,,background
,,936.7421875,,,,,2175,22.200000762939453,,background
,,2588.5439453125,,,,,1024,15.899999618530273,,background
,,1710.790283203125,,,,,1864,19.700000762939453,,background
,,4244.18212890625,,,,,800,6.099999904632568,,background
,,2318.0498046875,,,,,1665,19.0,,background
,,2127.66064453125,,,,,1450,18.5,,background
,,2265.760009765625,,,,,1602,17.399999618530273,,background
,,261.07232666015625,,,,,2060,25.200000762939453,,background
,,1344.72802734375,,,,,1181,19.399999618530273,,background
,,1758.1591796875,,,,,2674,20.100000381469727,,background
,,1294.0303955078125,,,,,2863,20.299999237060547,,background
,,862.1571044921875,,,,,1755,22.5,,background
,,2568.12060546875,,,,,1182,16.200000762939453,,background
,,2702.837890625,,,,,1050,14.0,,background
,,493.2108459472656,,,,,1588,24.100000381469727,,background
,,932.8189697265625,,,,,1780,22.299999237060547,,background
,,1234.3125,,,,,2102,21.600000381469727,,background
,,1190.6536865234375,,,,,1298,21.5,,background
,,868.549072265625,,,,,1247,22.399999618530273,,background
,,295.9049072265625,,,,,2421,24.899999618530273,,background
,,2350.3115234375,,,,,1568,16.299999237060547,,background
,,1839.357666015625,,,,,1734,18.799999237060547,,background
,,2053.81396484375,,,,,1225,18.399999618530273,,background
,,399.797607421875,,,,,1914,24.5,,background
,,1003.101806640625,,,,,2953,23.0,,background
,,446.2911682128906,,,,,1819,24.5,,background
,,592.0509033203125,,,,,3064,23.899999618530273,,background
,,1316.3062744140625,,,,,2090,20.399999618530273,,background
,,1110.251953125,,,,,1590,21.399999618530273,,background
,,310.3942565917969,,,,,1819,24.799999237060547,,background
,,838.561279296875,,,,,1526,23.200000762939453,,background
,,3748.62255859375,,,,,860,8.899999618530273,,background
,,1551.700927734375,,,,,1473,19.5,,background
,,1013.324951171875,,,,,1448,21.799999237060547,,background
,,2290.84814453125,,,,,1403,17.5,,background
,,1305.928955078125,,,,,2889,21.0,,background
,,940.2078247070312,,,,,1903,22.0,,background
,,1185.405517578125,,,,,1047,20.600000381469727,,background
,,1162.514892578125,,,,,1371,21.799999237060547,,background
,,2379.8984375,,,,,1078,16.799999237060547,,background
,,1139.7042236328125,,,,,1935,22.100000381469727,,background
,,2747.484130859375,,,,,1488,14.199999809265137,,background
,,984.887451171875,,,,,1652,22.600000381469727,,background
,,1135.513916015625,,,,,2262,21.5,,background
,,296.05926513671875,,,,,1812,25.100000381469727,,background
,,248.77276611328125,,,,,2271,25.200000762939453,,background
,,1121.512939453125,,,,,1563,21.799999237060547,,background
,,504.9041748046875,,,,,2090,24.600000381469727,,background
,,1416.44482421875,,,,,2735,21.100000381469727,,background
,,699.3175659179688,,,,,2065,23.5,,background
,,787.9097290039062,,,,,2857,23.100000381469727,,background
,,1525.0980224609375,,,,,1776,20.399999618530273,,background
,,916.3104248046875,,,,,1296,21.899999618530273,,background
,,579.5659790039062,,,,,1924,23.799999237060547,,background
,,570.4907836914062,,,,,2733,24.5,,background
,,799.9349365234375,,,,,1547,22.899999618530273,,background
,,366.56805419921875,,,,,1413,24.0,,background
,,1160.092529296875,,,,,2308,22.0,,background
,,1381.114013671875,,,,,877,20.200000762939453,,background
,,1196.3983154296875,,,,,1944,21.600000381469727,,background
,,752.2283935546875,,,,,1713,23.100000381469727,,background
,,2662.8681640625,,,,,753,15.100000381469727,,background
,,1146.221923828125,,,,,1876,22.200000762939453,,background
,,1291.281494140625,,,,,2922,22.399999618530273,,background
,,1727.3583984375,,,,,2244,18.100000381469727,,background
,,4285.95751953125,,,,,708,4.699999809265137,,background
,,1836.557373046875,,,,,1406,19.0,,background
,,1823.4876708984375,,,,,1525,19.0,,background
,,1172.930908203125,,,,,2172,21.200000762939453,,background
,,1956.025390625,,,,,1770,19.299999237060547,,background
,,943.7918701171875,,,,,1608,23.200000762939453,,background
,,1753.76806640625,,,,,1416,19.299999237060547,,background
,,1901.00146484375,,,,,798,17.299999237060547,,background
,,294.9714660644531,,,,,2007,25.0,,background
,,1811.9068603515625,,,,,1505,19.5,,background
,,395.74560546875,,,,,2146,24.5,,background
,,1004.1570434570312,,,,,1919,22.600000381469727,,background
,,298.10186767578125,,,,,3256,25.0,,background
,,1483.58349609375,,,,,1836,20.200000762939453,,background
,,2602.5234375,,,,,945,15.5,,background
,,1707.9727783203125,,,,,1678,19.100000381469727,,background
,,594.3299560546875,,,,,1911,23.700000762939453,,background
,,317.5937194824219,,,,,3116,25.100000381469727,,background
,,792.220703125,,,,,2185,23.200000762939453,,background
,,1756.675537109375,,,,,1166,19.299999237060547,,background
,,1727.832275390625,,,,,2127,19.700000762939453,,background
,,470.62469482421875,,,,,1679,23.799999237060547,,background
,,4056.712158203125,,,,,964,7.699999809265137,,background
,,1636.2071533203125,,,,,1196,20.5,,background
,,327.9002990722656,,,,,1920,24.399999618530273,,background
,,2344.1142578125,,,,,856,16.0,,background
,,1640.4248046875,,,,,2101,19.200000762939453,,background
,,2330.94189453125,,,,,1445,17.5,,background
,,288.2106628417969,,,,,1907,25.0,,background
,,1473.29345703125,,,,,1182,19.600000381469727,,background
,,912.1784057617188,,,,,1389,22.799999237060547,,background
,,658.0921630859375,,,,,1765,23.600000381469727,,background
,,1928.885498046875,,,,,2176,18.700000762939453,,background
,,1625.2216796875,,,,,1676,19.200000762939453,,background
,,312.2685241699219,,,,,1823,25.100000381469727,,background
,,293.88519287109375,,,,,1876,25.100000381469727,,background
,,400.9281921386719,,,,,1372,23.899999618530273,,background
,,1022.7090454101562,,,,,2210,22.0,,background
,,612.340576171875,,,,,2049,23.600000381469727,,background
,,2961.384765625,,,,,766,13.399999618530273,,background
,,1231.5634765625,,,,,1450,21.100000381469727,,background
,,318.0555114746094,,,,,1891,24.799999237060547,,background
,,871.601806640625,,,,,2288,22.600000381469727,,background
,,905.102294921875,,,,,1635,23.100000381469727,,background
,,256.5937805175781,,,,,2096,25.200000762939453,,background
,,234.15399169921875,,,,,2238,25.200000762939453,,background
,,578.6010131835938,,,,,1978,24.299999237060547,,background
,,903.017578125,,,,,1430,22.5,,background
,,2507.34521484375,,,,,1033,17.100000381469727,,background
,,463.64263916015625,,,,,1849,24.600000381469727,,background
,,3637.800537109375,,,,,653,9.899999618530273,,background
,,1611.3125,,,,,2098,19.600000381469727,,background
,,1424.45263671875,,,,,1424,20.700000762939453,,background
,,2425.3818359375,,,,,1427,17.899999618530273,,background
,,1300.7908935546875,,,,,2100,21.100000381469727,,background
,,784.5723266601562,,,,,1873,23.5,,background
,,933.0330810546875,,,,,1639,22.299999237060547,,background
,,1663.6124267578125,,,,,1356,19.899999618530273,,background
,,250.44427490234375,,,,,2279,25.200000762939453,,background
,,1475.39404296875,,,,,1400,19.899999618530273,,background
,,1721.5888671875,,,,,1693,19.799999237060547,,background
,,3452.0390625,,,,,640,10.699999809265137,,background
,,1134.1614990234375,,,,,2626,22.100000381469727,,background
,,1650.2060546875,,,,,1402,19.600000381469727,,background
,,2046.7596435546875,,,,,1611,17.5,,background
,,628.9702758789062,,,,,2729,23.899999618530273,,background
,,1687.521484375,,,,,1812,19.700000762939453,,background
,,349.3204040527344,,,,,1818,25.0,,background
,,1344.0908203125,,,,,2592,21.399999618530273,,background
,,1059.866455078125,,,,,1210,21.5,,background
,,2013.9771728515625,,,,,1704,18.0,,background
,,752.409912109375,,,,,2004,23.399999618530273,,background
,,906.68896484375,,,,,1316,22.0,,background
,,1840.856201171875,,,,,1329,18.799999237060547,,background
,,1167.571533203125,,,,,2766,22.200000762939453,,background
,,966.3955078125,,,,,1978,22.299999237060547,,background
,,3095.59765625,,,,,762,12.399999618530273,,background
,,953.44091796875,,,,,1708,22.799999237060547,,background
,,2970.173583984375,,,,,1241,14.199999809265137,,background
,,2606.454833984375,,,,,1721,15.399999618530273,,background
,,2048.66162109375,,,,,914,17.399999618530273,,background
,,3873.722412109375,,,,,590,9.5,,background
,,1448.507568359375,,,,,1375,19.200000762939453,,background
,,1366.9339599609375,,,,,1417,21.200000762939453,,background
,,1798.3924560546875,,,,,1832,20.0,,background
,,275.50042724609375,,,,,2379,24.700000762939453,,background
,,1361.3218994140625,,,,,1906,20.200000762939453,,background
,,280.77362060546875,,,,,2409,24.5,,background
,,1297.0208740234375,,,,,2463,21.899999618530273,,background
,,526.4992065429688,,,,,1992,24.299999237060547,,background
,,898.0162353515625,,,,,1468,22.299999237060547,,background
,,833.4049682617188,,,,,1630,22.399999618530273,,background
,,2596.431396484375,,,,,1260,16.100000381469727,,background
,,780.0867309570312,,,,,1687,23.0,,background
,,1650.3946533203125,,,,,1975,18.899999618530273,,background
,,1344.2484130859375,,,,,1676,20.5,,background
,,758.3038940429688,,,,,1540,23.600000381469727,,background
,,1472.383056640625,,,,,859,19.5,,background
,,1112.498779296875,,,,,1388,21.5,,background
,,413.0249328613281,,,,,2231,24.600000381469727,,background
,,1319.546875,,,,,1894,20.600000381469727,,background
,,971.8668823242188,,,,,1792,22.5,,background
,,2162.5751953125,,,,,1422,17.100000381469727,,background
,,773.378662109375,,,,,2464,23.5,,background
,,3566.103515625,,,,,679,10.300000190734863,,background
,,1047.790771484375,,,,,1085,21.600000381469727,,background
,,1056.045166015625,,,,,2032,22.899999618530273,,background
,,283.7452697753906,,,,,1984,24.5,,background
,,2685.66943359375,,,,,910,15.199999809265137,,background
,,962.77734375,,,,,1963,22.200000762939453,,background
,,891.0751953125,,,,,1642,23.200000762939453,,background
,,1243.0452880859375,,,,,1513,21.799999237060547,,background
,,2536.6826171875,,,,,1162,15.800000190734863,,background
,,2024.46044921875,,,,,1549,17.200000762939453,,background
,,1394.7061767578125,,,,,1467,21.200000762939453,,background
,,1103.192626953125,,,,,1800,22.0,,background
,,2432.998291015625,,,,,910,16.0,,background
,,1317.6739501953125,,,,,1998,21.100000381469727,,background
,,863.6417236328125,,,,,2828,23.600000381469727,,background
,,885.3201904296875,,,,,2378,22.5,,background
,,382.33953857421875,,,,,2143,24.799999237060547,,background
,,299.2829284667969,,,,,2183,24.5,,background
,,599.923828125,,,,,1943,24.200000762939453,,background
,,2406.001220703125,,,,,1810,17.200000762939453,,background
,,912.3121948242188,,,,,1804,22.700000762939453,,background
,,1431.364990234375,,,,,1348,19.799999237060547,,background
,,4063.41357421875,,,,,943,5.5,,background
,,1513.520263671875,,,,,1800,20.399999618530273,,background
,,241.78834533691406,,,,,2117,25.299999237060547,,background
,,1376.8990478515625,,,,,2040,20.600000381469727,,background
,,881.48876953125,,,,,1896,22.700000762939453,,background
,,499.67364501953125,,,,,2345,24.5,,background
,,370.4908752441406,,,,,3142,24.700000762939453,,background
,,1460.65625,,,,,1787,20.399999618530273,,background
,,3561.9365234375,,,,,1055,9.800000190734863,,background
,,3047.909423828125,,,,,894,14.199999809265137,,background
,,450.48577880859375,,,,,1711,23.799999237060547,,background
,,394.77093505859375,,,,,1898,24.799999237060547,,background
,,2131.173583984375,,,,,1616,17.5,,background
,,590.2567138671875,,,,,2197,23.600000381469727,,background
,,1794.2254638671875,,,,,1536,18.299999237060547,,background
,,2794.78955078125,,,,,610,13.600000381469727,,background
,,1599.6571044921875,,,,,1689,20.100000381469727,,background
,,739.6389770507812,,,,,2119,23.600000381469727,,background
,,742.3021850585938,,,,,1914,23.899999618530273,,background
,,1673.783447265625,,,,,1369,19.399999618530273,,background
,,1220.1728515625,,,,,1332,21.200000762939453,,background
,,2049.30615234375,,,,,1672,17.100000381469727,,background
,,255.662109375,,,,,3283,25.200000762939453,,background
,,781.3558959960938,,,,,1251,22.600000381469727,,background
,,873.224365234375,,,,,2084,23.200000762939453,,background
,,853.0115966796875,,,,,1862,23.100000381469727,,background
,,258.9600524902344,,,,,3473,25.399999618530273,,background
,,2272.864501953125,,,,,1417,17.5,,background
,,510.30517578125,,,,,1847,23.899999618530273,,background
,,3078.511962890625,,,,,704,13.300000190734863,,background
,,1910.588134765625,,,,,2310,18.5,,background
,,1789.639892578125,,,,,1356,19.100000381469727,,background
,,3884.854248046875,,,,,1005,8.199999809265137,,background
,,1188.875,,,,,1504,22.299999237060547,,background
,,441.4524841308594,,,,,1874,24.299999237060547,,background
,,827.4761962890625,,,,,1512,23.200000762939453,,background
,,1271.7557373046875,,,,,1500,21.399999618530273,,background
,,1111.523681640625,,,,,1728,21.299999237060547,,background
,,2460.27783203125,,,,,988,17.100000381469727,,background
,,310.1741943359375,,,,,1926,24.700000762939453,,background
,,925.5355224609375,,,,,1836,22.5,,background
,,1463.1304931640625,,,,,1353,19.899999618530273,,background
,,1237.724853515625,,,,,1197,20.399999618530273,,background
,,1711.7977294921875,,,,,1545,19.200000762939453,,background
,,329.4222412109375,,,,,1831,24.899999618530273,,background
,,374.345947265625,,,,,1910,25.0,,background
,,1304.499267578125,,,,,2410,21.100000381469727,,background
,,1617.832275390625,,,,,1549,18.899999618530273,,background
,,2863.6591796875,,,,,563,12.800000190734863,,background
,,1254.2685546875,,,,,1744,21.399999618530273,,background
,,1532.742431640625,,,,,2578,19.299999237060547,,background
,,1316.835205078125,,,,,1602,20.799999237060547,,background
,,2325.903564453125,,,,,1003,17.200000762939453,,background
,,2687.11669921875,,,,,794,14.699999809265137,,background
,,481.1517333984375,,,,,2450,24.600000381469727,,background
,,2234.7099609375,,,,,1499,18.299999237060547,,background
,,711.3590087890625,,,,,2011,23.5,,background
,,1215.6790771484375,,,,,1317,20.399999618530273,,background
,,1767.3736572265625,,,,,1466,19.0,,background
,,413.69830322265625,,,,,2496,24.299999237060547,,background
,,595.89306640625,,,,,1601,23.399999618530273,,background
,,3880.08154296875,,,,,815,8.5,,background
,,996.6550903320312,,,,,2111,21.799999237060547,,background
,,811.4742431640625,,,,,1913,22.700000762939453,,background
,,3318.03515625,,,,,1034,12.699999809265137,,background
,,2043.031982421875,,,,,864,17.100000381469727,,background
,,867.633056640625,,,,,1395,22.700000762939453,,background
,,256.8498229980469,,,,,1874,25.100000381469727,,background
,,2297.21435546875,,,,,1171,17.0,,background
,,1095.516845703125,,,,,1795,22.0,,background
,,399.85382080078125,,,,,1461,24.0,,background
,,1185.215087890625,,,,,2095,21.899999618530273,,background
,,1145.412109375,,,,,1378,21.399999618530273,,background
,,2474.28173828125,,,,,1319,16.799999237060547,,background
,,774.4862670898438,,,,,2027,23.399999618530273,,background
,,721.42626953125,,,,,1820,23.700000762939453,,background
,,1883.79541015625,,,,,1360,19.700000762939453,,background
,,952.896728515625,,,,,2375,23.0,,background
,,830.28955078125,,,,,1473,23.100000381469727,,background
,,1994.2049560546875,,,,,1707,18.100000381469727,,background
,,636.68896484375,,,,,2115,23.299999237060547,,background
,,2021.9669189453125,,,,,1677,17.700000762939453,,background
,,1804.361328125,,,,,863,17.700000762939453,,background
,,1902.3218994140625,,,,,1566,19.0,,background
,,2030.45556640625,,,,,1232,17.799999237060547,,background
,,2004.427001953125,,,,,2040,18.100000381469727,,background
,,1614.0673828125,,,,,2188,20.5,,background
,,2325.298828125,,,,,1196,16.799999237060547,,background
,,582.0279541015625,,,,,2286,24.0,,background
,,1477.6904296875,,,,,2045,20.299999237060547,,background
,,1320.381103515625,,,,,2104,19.799999237060547,,background
,,800.133544921875,,,,,2256,23.100000381469727,,background
,,737.2865600585938,,,,,1862,23.700000762939453,,background
,,1771.1483154296875,,,,,1423,18.700000762939453,,background
,,242.92909240722656,,,,,1852,25.299999237060547,,background
,,2540.197265625,,,,,888,16.799999237060547,,background
,,963.496337890625,,,,,2297,21.700000762939453,,background
,,594.45263671875,,,,,1804,24.200000762939453,,background
,,341.8216552734375,,,,,1891,24.700000762939453,,background
,,4144.353515625,,,,,991,6.199999809265137,,background
,,262.56201171875,,,,,1864,25.100000381469727,,background
,,1498.779296875,,,,,969,20.0,,background
,,1809.621826171875,,,,,1545,18.799999237060547,,background
,,1614.44873046875,,,,,1329,19.5,,background
,,1795.9412841796875,,,,,1195,18.100000381469727,,background
,,2886.37939453125,,,,,821,14.699999809265137,,background
,,1173.538330078125,,,,,3020,22.100000381469727,,background
,,639.9349975585938,,,,,1514,23.200000762939453,,background
,,1096.9581298828125,,,,,1912,21.799999237060547,,background
,,4361.87451171875,,,,,682,4.800000190734863,,background
,,1504.85107421875,,,,,1262,20.399999618530273,,background
,,1231.855224609375,,,,,1928,21.5,,background
,,295.6222839355469,,,,,3263,25.100000381469727,,background
,,2751.08056640625,,,,,788,15.699999809265137,,background
,,534.8529663085938,,,,,1887,24.0,,background
,,1107.9364013671875,,,,,2092,21.0,,background
,,1161.2852783203125,,,,,1704,21.0,,background
,,961.4852905273438,,,,,2470,22.399999618530273,,background
,,596.7677001953125,,,,,1763,24.200000762939453,,background
,,1683.2479248046875,,,,,1382,20.100000381469727,,background
,,361.6282653808594,,,,,2391,24.299999237060547,,background
,,2983.223388671875,,,,,886,13.899999618530273,,background
,,890.8390502929688,,,,,1332,22.600000381469727,,background
,,3108.408203125,,,,,634,13.300000190734863,,background
,,1889.364013671875,,,,,2158,20.0,,background
,,1409.126220703125,,,,,897,20.0,,background
,,752.186279296875,,,,,1779,23.200000762939453,,background
,,1473.425048828125,,,,,1846,20.100000381469727,,background
,,2567.11181640625,,,,,1298,16.799999237060547,,background
,,3030.663330078125,,,,,825,13.899999618530273,,background
,,2339.884033203125,,,,,1657,16.899999618530273,,background
,,425.7999572753906,,,,,1780,24.899999618530273,,background
,,600.1210327148438,,,,,1613,23.200000762939453,,background
,,2161.666748046875,,,,,1506,18.5,,background
,,757.314697265625,,,,,3280,23.600000381469727,,background
,,1678.771484375,,,,,2360,20.0,,background
,,1490.1478271484375,,,,,1606,20.399999618530273,,background
,,981.5281372070312,,,,,1366,23.0,,background
,,464.1686706542969,,,,,1856,24.200000762939453,,background
